Gene_set,Term,Overlap,P-value,Adjusted P-value,Old P-value,Old Adjusted P-value,Odds Ratio,Combined Score,Genes
GO_Biological_Process_2023,Extracellular Matrix Organization (GO:0030198),40/176,1.820060000923393e-17,5.6185252228505137e-14,0,0,6.384677582373156,246.09788975302283,VIT;COL17A1;ECM2;HPSE2;COL14A1;TMPRSS6;ELN;COL11A1;KLK5;DPT;KLK7;ADAMTS16;ADAMTS5;ADAMTS2;FLRT2;MMP27;ADAMTS1;ADAMTSL4;CTSK;HAS1;MMP28;HAS3;HAS2;CTSG;HMCN1;GSN;CMA1;LUM;MMP2;SPINK5;MMP3;MMP8;COL3A1;CCDC80;LOX;MMP19;TLL1;RECK;DDR2;MATN2
GO_Biological_Process_2023,Regulation Of Angiogenesis (GO:0045765),35/205,1.371965483030937e-11,2.1127635263674516e-08,0,0,4.43585019429184,110.95033519957929,HSPB6;NPR1;PDE3B;ISM1;FGF1;THBS2;FGF2;THBS4;AQP1;GPNMB;ADGRA2;ADAMTS1;EMILIN2;CD34;HOXA5;ANGPT4;PTGIS;SERPINF1;SPINK5;VEGFD;NRG1;KLF4;DCN;CLDN5;FGF16;SFRP1;IL6;TNMD;LEP;RHOJ;CNTN1;RLN2;SPRY2;PPARG;ANGPTL4
GO_Biological_Process_2023,Epidermis Development (GO:0008544),22/85,2.053220142242421e-11,2.1127635263674516e-08,0,0,7.456006270821086,183.4850571040241,CERS3;COL17A1;SPRR2F;SPINK5;KLK5;EMP1;KRT5;KLK7;KRT9;KRT83;NTF4;SCEL;FGF7;DCT;FABP5;GJB5;KRT14;SVEP1;CCN2;ASIC2;SPRR1A;SPRR1B
GO_Biological_Process_2023,External Encapsulating Structure Organization (GO:0045229),23/110,7.412019988079865e-10,5.720226425800637e-07,0,0,5.643807309828232,118.64833841067475,VIT;COL17A1;ECM2;HPSE2;COL14A1;MMP2;COL11A1;SPINK5;MMP3;MMP8;TGM1;ADAMTS16;ADAMTS5;ADAMTS2;COL3A1;CCDC80;MMP27;ADAMTS1;ADAMTSL4;MMP28;MMP19;RECK;MATN2
GO_Biological_Process_2023,Positive Regulation Of MAPK Cascade (GO:0043410),41/310,9.41161719071696e-10,5.810732453548653e-07,0,0,3.2891869308686608,68.36215242299899,CCL14;CCL13;HTR2B;ADRB2;HTR2A;FGF1;FGF2;CX3CL1;SOX2;GPNMB;GPER1;S100A12;CCN2;CD36;IGFBP6;CCL16;CCL24;PDGFRA;EDN1;CCL23;EDN3;CCL21;ANGPT1;CAV2;IL34;NRG1;IGF1;CARTPT;MMP8;BMP2;IL6;ADRB3;DOK5;LEP;KIT;SPRY2;ROR1;TLR4;FERMT2;DDR2;FGF10
GO_Biological_Process_2023,Extracellular Structure Organization (GO:0043062),22/109,3.490747295975605e-09,1.7959894837794491e-06,0,0,5.39236554562225,105.00634311789732,VIT;COL17A1;ECM2;HPSE2;COL14A1;MMP2;COL11A1;SPINK5;MMP3;MMP8;ADAMTS16;ADAMTS5;ADAMTS2;COL3A1;CCDC80;MMP27;ADAMTS1;ADAMTSL4;MMP28;MMP19;RECK;MATN2
GO_Biological_Process_2023,Positive Regulation Of Macromolecule Metabolic Process (GO:0010604),43/364,1.1873012086665988e-08,5.235998330219701e-06,0,0,2.889454649622229,52.72965184543152,PID1;TCF23;FGF1;FGF2;ACTG2;FGF7;GPER1;CD36;CD34;HOXA5;SNCA;EGR1;IL33;GSN;ANGPT1;PDE2A;AVPR2;ANK2;IGF1;MMP8;KLF4;BMP6;ACTA2;CLDN5;SFRP4;FGF16;BMP2;IL6;WT1;PIP;AGTR1;CLDN19;CNTN1;RLN2;TMEM119;PKP1;SPRY2;PPARG;ADTRP;VSTM2A;TLR4;FGF10;RBMS3
GO_Biological_Process_2023,Regulation Of Cell Migration (GO:0030334),48/434,1.4256719543835268e-08,5.501311653977434e-06,0,0,2.688454281350145,48.56971584895748,LRRC15;TNXB;SEMA3D;FAM107A;SEMA3G;TWIST2;NEXN;LDB2;FGF1;FGF2;CX3CL1;MYLK;FGF7;RELN;GPNMB;GPER1;PDPN;ENPP2;HAS2;EMILIN2;SLIT2;PLXNA4;NGFR;CCL24;PDGFRA;EDN1;ANXA1;F10;CAV1;ADIPOQ;KRT5;IGF1;PLET1;PODN;SLURP1;CLDN5;IGSF10;SFRP1;BMP2;CXCL12;KRT16;KIT;CLDN19;CNTN1;SNAI2;SPRY2;RECK;FERMT2
GO_Biological_Process_2023,Cellular Response To Hormone Stimulus (GO:0032870),19/94,3.954400778589815e-08,1.3563594670563064e-05,0,0,5.387442207307979,91.83354071441256,OXTR;LHCGR;AKR1C1;CAV1;AVPR2;AKR1C3;AKR1C2;CRHBP;SFRP1;NR4A3;CYP11A1;WT1;GPER1;LEP;SLIT1;ADTRP;MGARP;SLIT2;RAMP1
GO_Biological_Process_2023,Metal Ion Transport (GO:0030001),26/171,6.785588415131579e-08,2.094711143751118e-05,0,0,3.8291956614702793,63.20424305656466,KCNG1;KCNC1;KCNA1;KCNA2;RYR3;AQP1;NIPAL4;SCN11A;KCNMB1;SCN9A;SCN7A;SLC17A7;SCN3B;SCN3A;KCNJ3;KCNF1;KCNIP2;CAV1;KCNJ16;KCNS2;NMUR1;SCN4A;SCN2A;SCN4B;RAMP1;KCNK3
GO_Biological_Process_2023,Retinoid Metabolic Process (GO:0001523),12/40,1.3034703305990782e-07,3.65801173687214e-05,0,0,9.065641350879975,143.71820575571607,ADH4;ALDH1A3;LRP1;ADH1B;AKR1C1;RARRES2;ALDH1A2;ALDH1A1;AKR1C3;RDH5;RLBP1;RPE65
GO_Biological_Process_2023,Calcium Ion Transmembrane Import Into Cytosol (GO:0097553),17/83,1.6652416611683746e-07,4.283834173355643e-05,0,0,5.468022862554113,85.34558650811566,CCL21;HTR2B;HTR2A;GRIN2C;FGF2;GRIN2B;SLC8A2;CACNA1G;TRPM1;JPH2;GRIN2A;SCN11A;SCN9A;SCN7A;SCN4A;SCN2A;SCN3A
GO_Biological_Process_2023,Positive Regulation Of Cellular Process (GO:0048522),56/594,2.341806622586139e-07,5.51861725944751e-05,0,0,2.252918237302252,34.39569239034297,CSF3;HTR2B;HBB;FGF1;FGF2;CX3CL1;TGM1;FGF7;ZFP36;GPER1;CCN2;PDGFRA;EDN1;CR1;EDN3;GLP2R;NRG1;PROX1;NCCRP1;TGFBR2;CLDN5;SFRP1;TAL1;PRTN3;TLR4;CCL14;PTGFR;TNXB;LAMA2;AKAP6;PTN;DPP4;CXCR2;HAS2;ASIC2;DUOX2;EGR2;TSLP;CCL21;CAVIN1;IL34;CAV1;AKR1C3;AKR1C2;VEGFD;IGF1;S100B;BMP6;MLXIPL;FGF16;BMP2;IL6;CXCL12;SAA1;INSM1;FOLR2
GO_Biological_Process_2023,Regulation Of Cell Population Proliferation (GO:0042127),67/766,2.5572074846183024e-07,5.51861725944751e-05,0,0,2.0833477071263573,31.62350946191365,ALK;CSF3;ELN;HTR2B;FGF1;FGF2;CX3CL1;FGF7;ADAMTS1;GPER1;EMILIN2;SOX7;PDGFRA;EDN1;MYOCD;CR1;EDN3;AVPR2;GLP2R;NRG1;PROX1;NCCRP1;ECRG4;TGFBR2;CLDN5;SFRP4;SFRP1;ALDH1A2;KIT;AGTR1;CLDN19;PRTN3;SGK2;CCL14;PTGFR;TNXB;NPR3;PTN;DPP4;GPNMB;FRZB;CXCR2;PDPN;HAS2;IGFBP6;ASIC2;CCL23;TSLP;IL34;AKR1C3;AKR1C2;VEGFD;IGF1;PODN;S100B;PTPN14;SLURP1;BMP6;MLXIPL;FGF16;BMP2;IL6;NR4A3;WT1;NEURL1;INSM1;FOLR2
GO_Biological_Process_2023,Positive Regulation Of Cell Differentiation (GO:0045597),34/283,2.6815438578462144e-07,5.51861725944751e-05,0,0,2.92634474187992,44.28057938079672,CSF3;TNXB;LAMA2;PTN;ASCL1;MEDAG;TMEM100;ZFP36;BRINP2;FRZB;PDPN;BOC;SMYD1;CCN2;CD36;APOB;CD34;HOXA5;TP63;EDN3;RARRES2;ZBTB16;IGF1;BMP6;TGFBR2;SFRP1;BMP2;IL6;AGTR1;TMEM119;PPARG;INSM1;FERMT2;DDR2
GO_Biological_Process_2023,Negative Regulation Of Blood Vessel Morphogenesis (GO:2000181),16/77,3.109878494308429e-07,6.000121819956326e-05,0,0,5.563462909150721,83.36021323235543,ANGPT4;NPR1;SERPINF1;PDE3B;SPINK5;NRG1;ISM1;THBS2;KLF4;DCN;THBS4;CLDN5;TNMD;SPRY2;PPARG;HOXA5
GO_Biological_Process_2023,Positive Regulation Of Cell Population Proliferation (GO:0008284),48/483,3.765856069153353e-07,6.503479732073727e-05,0,0,2.3793661550727525,35.195870736570335,CCL14;PTGFR;CSF3;PID1;TNXB;HTR2B;PTN;FGF1;FGF2;CX3CL1;AQP1;DPP4;FGF7;GPER1;CXCR2;HAS2;ASIC2;PDGFRA;EDN1;CR1;TSLP;EDN3;IL34;GLP2R;AKR1C3;AKR1C2;NRG1;VEGFD;IGF1;PROX1;NCCRP1;S100B;BMP6;TGFBR2;CLDN5;MLXIPL;FGF16;SFRP1;BMP2;IL6;NR4A3;TMEM119;PRTN3;INSM1;FOLR2;ZFPM2;DDR2;FGF10
GO_Biological_Process_2023,Long-Chain Fatty Acid Transport (GO:0015909),9/23,3.79211646185057e-07,6.503479732073727e-05,0,0,13.563290139064476,200.5355688371916,ABCD2;FABP4;FABP5;ACSL1;SLC27A6;PPARG;SPX;CD36;SLC27A2
GO_Biological_Process_2023,Extracellular Matrix Disassembly (GO:0022617),12/44,4.156443854922306e-07,6.753127463234294e-05,0,0,7.930771365149834,116.53027977806242,ADAMTS5;GSN;TMPRSS6;CMA1;CTSK;MMP2;MMP3;KLK5;MMP19;CTSG;MMP8;KLK7
GO_Biological_Process_2023,Cellular Response To Peptide Hormone Stimulus (GO:0071375),17/89,4.787289941408026e-07,7.389182024563288e-05,0,0,5.010773189484127,72.91742873594637,TRARG1;LHCGR;CAV1;PDE3B;ADIPOQ;SLC2A4;OTOP1;SORBS1;FOXO1;CRHBP;NR4A1;NR4A3;CYP11A1;GPER1;PPARG;MGARP;PCK1
GO_Biological_Process_2023,Positive Regulation Of ERK1 And ERK2 Cascade (GO:0070374),25/179,6.323432918609675e-07,9.295446390356222e-05,0,0,3.461192523692524,49.40448547255374,CCL14;CCL13;HTR2B;HTR2A;FGF1;FGF2;CX3CL1;GPNMB;GPER1;CCN2;CD36;CCL16;PDGFRA;CCL24;CCL23;ANGPT1;CCL21;NRG1;IGF1;BMP2;SPRY2;ROR1;FERMT2;FGF10;DDR2
GO_Biological_Process_2023,Cellular Component Disassembly (GO:0022411),12/46,7.048180733466904e-07,9.889879056460152e-05,0,0,7.463471959260952,105.72251428612118,ADAMTS5;GSN;TMPRSS6;CMA1;CTSK;MMP2;MMP3;KLK5;MMP19;CTSG;MMP8;KLK7
GO_Biological_Process_2023,Regulation Of Cold-Induced Thermogenesis (GO:0120161),22/146,7.99961320247887e-07,0.00010736872154805334,0,0,3.775985663082437,53.009939217759374,OXTR;ACSL1;CAV1;LAMA4;ADIPOQ;NPR3;DIO2;CIDEA;EBF2;G0S2;ADRB2;CNKSR2;ADAMTS5;FABP4;ACADL;ADRB3;FABP5;LEP;ALDH1A1;LEPR;CD36;TLR4
GO_Biological_Process_2023,Granulocyte Chemotaxis (GO:0071621),15/73,8.446562245326818e-07,0.0001086439068805162,0,0,5.48028185239229,76.63810349587581,CCL14;CCL13;CCL24;EDN1;CCL23;ANXA1;EDN3;CCL21;CXCL3;CXCL2;CX3CL1;CXCR2;SAA1;S100A12;CCL16
GO_Biological_Process_2023,Regulation Of Endothelial Cell Proliferation (GO:0001936),17/93,9.176967523967844e-07,0.00011331719498595493,0,0,4.746049694548872,65.97672969929698,CCL24;EGR3;ANGPT1;CAV2;CAV1;HTR2B;VEGFD;PROX1;FGF2;THBS4;FGF16;NR4A1;BMP2;TNMD;LEP;ATOH8;CNTN1
GO_Biological_Process_2023,Positive Regulation Of Cell Motility (GO:2000147),28/221,1.0355890494103744e-06,0.00012295628444345484,0,0,3.097286379204356,42.68227934578969,LRRC15;SEMA3D;TWIST2;FAM107A;SEMA3G;FGF1;MYLK;GPNMB;GPER1;PDPN;HAS2;DUOX2;CCL24;PDGFRA;EDN1;CAVIN1;CCL21;F10;CAV1;IGF1;PLET1;BMP2;CXCL12;KIT;CNTN1;SNAI2;SPRY2;FERMT2
GO_Biological_Process_2023,Regulation Of Fat Cell Differentiation (GO:0045598),15/75,1.2159882905522703e-06,0.0001390279945531429,0,0,5.297048997772828,72.14556052808851,RARRES2;ZBTB16;ADIPOQ;FOXO1;MEDAG;ZFP36;SFRP1;BMP2;IL6;FRZB;GPER1;LEP;PPARG;FERMT2;RUNX1T1
GO_Biological_Process_2023,Negative Regulation Of Angiogenesis (GO:0016525),16/86,1.4962364430166276e-06,0.0001649600678425832,0,0,4.845867176301959,64.99547282159654,ANGPT4;NPR1;SERPINF1;PDE3B;SPINK5;NRG1;ISM1;THBS2;KLF4;DCN;THBS4;CLDN5;TNMD;SPRY2;PPARG;HOXA5
GO_Biological_Process_2023,Neutrophil Migration (GO:1990266),15/77,1.7277695205340602e-06,0.0001801260910552009,0,0,5.125637617644946,68.01044163250018,CCL14;CCL13;CCL24;EDN1;CCL23;EDN3;CCL21;CXCL3;CXCL2;CX3CL1;CXCR2;SAA1;S100A12;PRTN3;CCL16
GO_Biological_Process_2023,Positive Regulation Of Protein Phosphorylation (GO:0001934),39/377,1.7504965117123509e-06,0.0001801260910552009,0,0,2.475224432318254,32.81061243352323,CSF3;TNXB;FGF1;FGF2;CX3CL1;THBS4;NTF4;FGF7;RELN;GPNMB;GPER1;ENPP2;LEPR;LEFTY2;SNCA;GDF10;ANGPT4;CCL21;ANGPT1;IL34;CAV1;RARRES2;ADIPOQ;VEGFD;IGF1;CARTPT;BMP6;TGFBR2;FGF16;BMP2;IL6;LEP;CLDN19;TMEM119;SPRY2;PPARG;ADTRP;DDR2;FGF10
GO_Biological_Process_2023,Monoatomic Cation Transmembrane Transport (GO:0098655),32/281,1.948250087721644e-06,0.00018978982859269237,0,0,2.747954360005288,36.13169493375793,KCNG1;KCNC1;KCNC2;KCNA1;KCNA2;SLC6A2;NALCN;RYR3;SLC8A2;CACNA1G;TRPM1;GRIN2A;SCN9A;CNGA1;SCN3B;SLC39A2;ASIC2;TRPM6;TRPM3;KCNF1;SCARA5;KCNB1;ABCC9;OTOP1;GRIN2C;GRIN2B;KCNS2;SCN4A;SCN2A;SCN4B;KCNK3;SCN2B
GO_Biological_Process_2023,Monocyte Chemotaxis (GO:0002548),11/42,1.967371077086542e-06,0.00018978982859269237,0,0,7.496459480723839,98.49457466943647,CCL14;CCL13;CCL24;CCL23;IL6;CCL21;S100A12;CTSG;FOLR2;CX3CL1;CCL16
GO_Biological_Process_2023,Diterpenoid Metabolic Process (GO:0016101),9/28,2.60750824469638e-06,0.0002439205439811432,0,0,9.991383325570563,128.46036930334012,ADH4;LRP1;ADH1B;AKR1C1;RARRES2;ALDH1A1;AKR1C3;RDH5;RPE65
GO_Biological_Process_2023,Neutrophil Chemotaxis (GO:0030593),14/70,2.745182497092873e-06,0.000249246422603697,0,0,5.292269187986652,67.77101573592581,CCL14;CCL13;CCL24;EDN1;CCL23;EDN3;CCL21;CXCL3;CXCL2;CX3CL1;CXCR2;SAA1;S100A12;CCL16
GO_Biological_Process_2023,Extracellular Matrix Assembly (GO:0085029),7/17,5.250059293913847e-06,0.0004630552297232013,0,0,14.739403973509932,179.1909312458009,MFAP4;TNXB;ELN;HAS1;HAS3;HAS2;MYH11
GO_Biological_Process_2023,Regulation Of Nitric Oxide Biosynthetic Process (GO:0045428),10/39,7.104536959141718e-06,0.0006056824119034979,0,0,7.277656852636804,86.27499884977126,EDN1;PTGIS;CAV1;HBB;CD36;AGTR2;PTGS2;KLF4;MMP8;TLR4
GO_Biological_Process_2023,Regulation Of ERK1 And ERK2 Cascade (GO:0070372),28/244,7.259555957379146e-06,0.0006056824119034979,0,0,2.76411383134547,32.7082893828762,CCL14;CCL13;HTR2B;HTR2A;FGF1;FGF2;CX3CL1;GPNMB;GPER1;CCN2;CD36;CCL16;CCL24;PDGFRA;CCL23;CCL21;ANGPT1;ADIPOQ;NRG1;IGF1;BMP2;SPRY2;ROR1;SPRY1;TLR4;FERMT2;DDR2;FGF10
GO_Biological_Process_2023,Positive Regulation Of Intracellular Signal Transduction (GO:1902533),47/525,8.803200902998307e-06,0.0007001414654994764,0,0,2.1128813280895185,24.594773592838525,CSF3;SCHIP1;HTR2B;ADRB2;FGF1;FGF2;CX3CL1;SOX2;RELN;GPER1;S100A12;IGFBP6;P2RY12;PDGFRA;CCL21;F10;VWF;ANGPT1;CAV2;CAV1;ADIPOQ;SCTR;AKR1C3;AKR1C2;IGF1;CARTPT;MMP8;S100B;RUNDC3A;FRMD1;BMP6;DCN;SELP;BMP2;IL6;ADRB3;DOK5;LEP;KIT;CNTN1;SPRY2;PPARG;ROR1;TLR4;FERMT2;DDR2;FGF10
GO_Biological_Process_2023,Supramolecular Fiber Organization (GO:0097435),33/316,8.845324637019623e-06,0.0007001414654994764,0,0,2.491696113074205,28.99243293487111,KRT81;TNXB;COL14A1;COL11A1;LMOD1;DPT;KRT86;KRT83;CNN1;ADAMTS2;NLRP5;NEFL;MYH11;PGM5;CD36;KRT6B;SNCA;GSN;LUM;KRT5;KRT75;KRT9;GFAP;MFAP4;COL3A1;KRT17;LOX;MAP7D3;KRT16;KRT14;TLL1;MYO1H;DDR2
GO_Biological_Process_2023,Positive Regulation Of Gene Expression (GO:0010628),44/480,9.416340818799407e-06,0.0007267061026908442,0,0,2.165950528393915,25.06668407067093,PID1;TCF23;HTR2B;FGF1;FGF2;ACTG2;FGF7;GPER1;CD36;CD34;HOXA5;EGR1;IL33;GSN;ANGPT1;AVPR2;PDE2A;SAMD4A;ANK2;IGF1;KLF4;MMP8;BMP6;ACTA2;CLDN5;SFRP4;FGF16;BMP2;IL6;WT1;PIP;RLN2;CLDN19;SAA1;CNTN1;TMEM119;PKP1;SPRY2;PPARG;ADTRP;VSTM2A;TLR4;FGF10;RBMS3
GO_Biological_Process_2023,Intermediate Filament Organization (GO:0045109),13/68,1.0447491135783644e-05,0.0007678905984800978,0,0,4.99830303030303,57.32628065761144,KRT81;KRT5;KRT75;KRT86;KRT9;KRT83;GFAP;KRT17;KRT16;KRT14;NEFL;PKP1;KRT6B
GO_Biological_Process_2023,Skin Development (GO:0043588),13/68,1.0447491135783644e-05,0.0007678905984800978,0,0,4.99830303030303,57.32628065761144,CERS3;SPRR2F;ANXA1;AKR1C3;KRT9;TGM1;SCEL;COL3A1;KRT16;DACT2;SPRR1A;IVL;SPRR1B
GO_Biological_Process_2023,Inflammatory Response (GO:0006954),27/236,1.1119275857261856e-05,0.0007982605714271478,0,0,2.752578655750807,31.39819786682217,CCL14;PTGFR;CCL13;CXCL3;CXCL2;CX3CL1;CRHBP;IL1RL1;CXCR2;CCL16;AOC3;CCL24;CCL23;ANXA1;CCL21;FOS;TACR1;BMP2;IL6;KRT16;KIT;AGTR1;AGTR2;ACKR1;CDO1;FOLR2;TLR4
GO_Biological_Process_2023,Positive Regulation Of Epithelial Cell Proliferation (GO:0050679),18/123,1.1939506264278963e-05,0.0008376649054052083,0,0,3.6358180367118913,41.214389095433454,CCL24;EGR3;HTR2B;VEGFD;IGF1;PROX1;PTN;FGF2;BMP6;THBS4;TGM1;NR4A1;FGF7;SFRP1;BMP2;NR4A3;CNTN1;FGF10
GO_Biological_Process_2023,Keratinocyte Differentiation (GO:0030216),10/42,1.4519223342826232e-05,0.0009842427663633872,0,0,6.5943383167220375,73.46117309455784,TGM1;CERS3;SPRR2F;SCEL;ANXA1;KRT16;AKR1C3;SPRR1A;IVL;SPRR1B
GO_Biological_Process_2023,Calcium Ion Homeostasis (GO:0055074),16/102,1.482768950635872e-05,0.0009842427663633872,0,0,3.940991936947448,43.81994535857986,CCL14;CCL13;EDN1;CCL23;EDN3;CAV1;HTR2B;ANK2;HTR2A;PTH1R;SLC8A2;JPH2;CXCL12;PLN;CASQ2;SNCA
GO_Biological_Process_2023,Positive Regulation Of Cellular Biosynthetic Process (GO:0031328),22/174,1.4985231622636604e-05,0.0009842427663633872,0,0,3.075860948667966,34.16803340734388,EGR1;EDN1;HTR2B;SAMD4A;HBB;IGF1;HTR2A;PTH1R;SORBS1;MMP8;PTGS2;KLF4;FGF2;FOXO1;MLXIPL;IL6;ZEB2;DUOXA1;AGTR2;CD36;TLR4;SNCA
GO_Biological_Process_2023,Regulation Of MAP Kinase Activity (GO:0043405),17/114,1.6096293919131556e-05,0.0010351929026741,0,0,3.714446796759941,40.99605772599316,EDN1;EDN3;DUSP1;IL34;ADIPOQ;HTR2B;FGF1;FGF2;FGF16;RGS2;BMP2;KIT;S100A12;SPRY2;PPARG;SPRY1;TLR4
GO_Biological_Process_2023,Adenylate Cyclase-Modulating G Protein-Coupled Receptor Signaling Pathway (GO:0007188),21/163,1.7444940317988687e-05,0.0010990312400332,0,0,3.1409477041621927,34.413670723682564,P2RY12;PTGFR;LHCGR;ADCYAP1R1;GPR26;HTR1E;PDE2A;AVPR2;GLP2R;SCTR;ADRB2;PTH1R;AKAP12;ADGRG4;ADGRD1;GNAL;ADRB3;GPER1;ADGRD2;RAMP1;ADGRL3
GO_Biological_Process_2023,Peptide Cross-Linking (GO:0018149),8/27,1.8697449077500163e-05,0.0011317455941616,0,0,8.871416109334108,96.5842024152098,TGM1;COL3A1;ANXA1;EPB42;F13A1;SPRR1A;IVL;SPRR1B
GO_Biological_Process_2023,Positive Regulation Of Nitric Oxide Biosynthetic Process (GO:0045429),8/27,1.8697449077500163e-05,0.0011317455941616,0,0,8.871416109334108,96.5842024152098,EDN1;HBB;CD36;AGTR2;PTGS2;KLF4;MMP8;TLR4
GO_Biological_Process_2023,Positive Regulation Of Cell Migration (GO:0030335),29/272,2.0679252166254308e-05,0.0012110265184691,0,0,2.543973334823008,27.44026226268588,LRRC15;SEMA3D;SEMA3A;TWIST2;FAM107A;SEMA3G;FGF1;MYLK;GPNMB;GPER1;PDPN;ENPP2;HAS2;CCL24;PDGFRA;EDN1;F10;CAV1;IGF1;PLET1;BMP2;CXCL12;KIT;CNTN1;SNAI2;SPRY2;FERMT2;DDR2;FGF10
GO_Biological_Process_2023,Response To Heparin (GO:0071503),4/5,2.0791838509512717e-05,0.0012110265184691,0,0,83.98679867986799,905.4574795464532,EGR1;SFRP1;SLIT2;GPIHBP1
GO_Biological_Process_2023,Cellular Response To Prostaglandin Stimulus (GO:0071379),5/9,2.1188385321679363e-05,0.0012112693608893,0,0,26.27064977973568,282.72624056539473,PTGFR;SFRP1;GNG2;AKR1C3;AKR1C2
GO_Biological_Process_2023,Epithelium Development (GO:0060429),20/154,2.44071472286989e-05,0.0013699066089998,0,0,3.1677558456318637,33.64357717801877,TAGLN;AKR1C1;SPINK5;AKR1C2;PROX1;SOX10;MEOX1;KRT9;BMP2;SOX17;KRT17;KRT16;WT1;ALDH1A2;KRT14;SNAI2;PPARG;CD34;CES1;FGF10
GO_Biological_Process_2023,Positive Regulation Of Nitric Oxide Metabolic Process (GO:1904407),8/28,2.513347661761644e-05,0.0013854828985461,0,0,8.427403314917127,89.25723991338666,EDN1;HBB;CD36;AGTR2;PTGS2;KLF4;MMP8;TLR4
GO_Biological_Process_2023,Epidermal Cell Differentiation (GO:0009913),11/54,2.664624978285124e-05,0.0014431047908712,0,0,5.401020986954055,56.88820946191307,TGM1;CERS3;SPRR2F;SCEL;ANXA1;KRT16;SPINK5;AKR1C3;SPRR1A;IVL;SPRR1B
GO_Biological_Process_2023,Positive Regulation Of Metabolic Process (GO:0009893),16/108,3.0815123274615825e-05,0.0016401083715299,0,0,3.682807425718579,38.25518044956154,OXTR;ACSL1;CAV1;ADIPOQ;DIO2;EBF2;G0S2;ADRB2;JCHAIN;CNKSR2;FABP4;ADRB3;FABP5;LEP;LEPR;CD36
GO_Biological_Process_2023,Calcium Ion Import Across Plasma Membrane (GO:0098703),9/37,3.2431770277102175e-05,0.0016968961838205,0,0,6.776667193426043,70.04615338042449,TRPM1;SCN11A;SCN9A;SCN7A;SCN4A;SCN2A;SCN3A;CACNA1G;SLC8A2
GO_Biological_Process_2023,Positive Regulation Of Signal Transduction (GO:0009967),28/266,3.596271065975863e-05,0.0018502814634445,0,0,2.5056829511465604,25.64072372639744,TNXB;LAMA2;KLK5;SLC2A4;FGF1;KLK6;GRIN2A;RELN;CTSK;GPER1;RSPO3;CCN3;TP63;PTGIS;TSLP;VWF;CAV2;ADIPOQ;IGF1;SORBS1;GRIN2C;GRIN2B;BMP6;SFRP1;BMP2;IL6;CNTN1;LIMS2
GO_Biological_Process_2023,Positive Regulation Of Cold-Induced Thermogenesis (GO:0120162),15/98,3.663056580517018e-05,0.0018537468301731,0,0,3.824563286553788,39.06648945540318,OXTR;ACSL1;CAV1;ADIPOQ;DIO2;EBF2;G0S2;ADRB2;CNKSR2;FABP4;ADRB3;FABP5;LEP;LEPR;CD36
GO_Biological_Process_2023,Potassium Ion Transport (GO:0006813),17/122,3.950000798678244e-05,0.0019667181395999,0,0,3.42999574829932,34.777446106755754,KCNG1;KCNF1;KCNC1;KCNC2;KCNB1;KCNIP2;KCNA1;KCNA2;KCNJ16;ABCC9;NALCN;AQP1;KCNS2;KCNMB1;SLC17A7;KCNK3;KCNJ3
GO_Biological_Process_2023,Prostaglandin Metabolic Process (GO:0006693),8/30,4.363592253910655e-05,0.0021282853248788,0,0,7.660472124560522,76.9083044949159,EDN1;PTGIS;AKR1C1;AKR1C3;AKR1C2;PTGS2;PTGDS;CES1
GO_Biological_Process_2023,Positive Regulation Of Multicellular Organismal Process (GO:0051240),36/387,4.412382921679488e-05,0.0021282853248788,0,0,2.1911528228517967,21.97399925846318,OXTR;TNXB;LRP1;NPR1;HTR2B;PTN;ADRB2;FGF2;HCAR2;ACADL;PDPN;NLRP5;LEPR;CD36;IL33;ACSL1;FST;ZBTB16;CAV1;ADIPOQ;AVPR2;DIO2;G0S2;EBF2;TGFBR2;CNKSR2;BMP2;IL6;FABP4;FABP5;ADRB3;LEP;SAA1;TMEM119;PPARG;FERMT2
GO_Biological_Process_2023,Inorganic Cation Transmembrane Transport (GO:0098662),29/284,4.59593790623422e-05,0.0021827169717761,0,0,2.4227131576612546,24.197459676959664,KCNG1;KCNC1;KCNC2;KCNA1;KCNA2;SLC6A2;NALCN;RYR3;AQP1;SLC8A2;CACNA1G;TRPM1;SCN9A;SCN3B;SLC39A2;ASIC2;TRPM6;TRPM3;KCNF1;SCARA5;KCNB1;ABCC9;OTOP1;KCNS2;SCN4A;SCN2A;SCN4B;KCNK3;SCN2B
GO_Biological_Process_2023,Muscle Organ Development (GO:0007517),11/58,5.365127001088978e-05,0.0025094162200547,0,0,4.9403217436429685,48.57821046704798,CHODL;TAGLN;SGCD;EGR3;MYMX;LAMA2;FHL1;ITGA7;DMD;IGF1;KY
GO_Biological_Process_2023,Regulation Of Peptidyl-Tyrosine Phosphorylation (GO:0050730),14/90,5.503688092555248e-05,0.0025358037524952,0,0,3.8954686493765,38.20483618406548,ANGPT4;CSF3;ANGPT1;NRG1;IGF1;THBS4;BMP6;IL22RA2;FGF7;SFRP1;IL6;RELN;ENPP2;FGF10
GO_Biological_Process_2023,Cellular Response To Chemokine (GO:1990869),11/59,6.325718008468342e-05,0.0028716899253149,0,0,4.837144308943089,46.76697159822046,CCL14;CCL13;CCL24;CCL23;CXCL12;CCL21;DUSP1;CXCL3;CXCL2;CX3CL1;CCL16
GO_Biological_Process_2023,Positive Regulation Of Fat Cell Differentiation (GO:0045600),10/50,7.278547482647546e-05,0.0032563588520192,0,0,5.273255813953488,50.24355051665548,ZFP36;SFRP1;BMP2;FRZB;RARRES2;ZBTB16;PPARG;VSTM2A;PTGS2;MEDAG
GO_Biological_Process_2023,Negative Regulation Of Cell Differentiation (GO:0045596),23/207,7.667457599884178e-05,0.0033702334869629,0,0,2.6549157303370787,25.157823168832017,GDF10;MYOCD;CAV1;ZBTB16;TCF23;ADIPOQ;TWIST2;DTX1;RORB;ASCL1;FOXO1;SOX2;SFRP1;BMP2;IL6;GPER1;SNAI2;SOSTDC1;SPRY2;PPARG;SPRY1;FERMT2;RUNX1T1
GO_Biological_Process_2023,Lymphocyte Migration (GO:0072676),9/41,7.751427844974664e-05,0.0033702334869629,0,0,5.928339325221239,56.1120186478864,CCL14;CCL13;CCL24;CCL23;CCL21;S1PR1;SAA1;CX3CL1;CCL16
GO_Biological_Process_2023,Positive Regulation Of Protein Kinase B Signaling (GO:0051897),14/93,7.956516533190018e-05,0.0034113564636052,0,0,3.746948085777446,35.36719636636072,P2RY12;CSF3;ANGPT1;CCL21;F10;AKR1C3;AKR1C2;IGF1;FGF2;CX3CL1;LEP;CNTN1;SPRY2;FERMT2
GO_Biological_Process_2023,Cellular Response To Cytokine Stimulus (GO:0071345),30/308,8.189401751956399e-05,0.0034631072888067,0,0,2.2986955848684585,21.63091995988246,CCL14;CCL13;CSF3;PID1;PDE1B;MT1X;AKAP6;CX3CL1;CRHBP;ZFP36;GPER1;LEPR;HAS2;CTSG;CCL16;DUOX2;EGR1;CCL24;CCL23;PTGIS;MME;CCL21;DUSP1;PDE2A;GREM2;SFRP1;IL6;CXCL12;KIT;TLR4
GO_Biological_Process_2023,Cellular Response To Growth Factor Stimulus (GO:0071363),19/155,8.57232901823614e-05,0.0035760513080128,0,0,2.961483418870904,27.73247388228723,EGR3;ANXA1;PDE2A;KLF4;BMP6;TGFBR2;TMEM100;NR4A1;ZFP36;SFRP1;BMP2;CLEC3B;ACVR1C;HAS1;SNAI2;GAS1;HAS2;SPRY2;VSTM2A
GO_Biological_Process_2023,Collagen Fibril Organization (GO:0030199),9/42,9.4694848932057e-05,0.0038976399820434,0,0,5.7483909895414325,53.25798573645382,ADAMTS2;COL3A1;LOX;COL14A1;LUM;COL11A1;DPT;TLL1;DDR2
GO_Biological_Process_2023,Sprouting Angiogenesis (GO:0002040),10/52,0.00010320584591837688,0.0041920585046056,0,0,5.021621051521384,46.09238028481284,NR4A1;EGR3;ANGPT1;ADGRA2;RSPO3;VEGFD;ADTRP;SLIT2;FGF2;RECK
GO_Biological_Process_2023,Regulation Of Inflammatory Response (GO:0050727),25/240,0.000109311640228095,0.0043824030309627,0,0,2.471192122354913,22.54050366087186,PTGS2;CX3CL1;GPER1;NLRP5;S100A12;CCN3;SNCA;IL33;ANXA1;PTGIS;TSLP;CMA1;PDE2A;ADIPOQ;MMP3;MMP8;KLF4;IL6;LRFN5;FNDC4;AGTR1;SAA1;PPARG;DNASE1L3;TLR4
GO_Biological_Process_2023,Transmembrane Receptor Protein Tyrosine Kinase Signaling Pathway (GO:0007169),28/284,0.00011352691520671782,0.0044920397235438,0,0,2.3272775423728813,21.139757159250266,ALK;ADRB2;FGF1;FGF2;FOXO1;NTF4;FGF7;FLRT2;PDK4;PAK3;PDGFRA;KL;ANGPT1;CAV2;RARRES2;MMP2;VEGFD;NRG1;IGF1;SORBS1;GFRA2;FGF16;NR4A3;DOK5;KIT;ROR1;ANGPTL1;DDR2
GO_Biological_Process_2023,Response To Amyloid-Beta (GO:1904645),9/43,0.00011495663691608716,0.0044920397235438,0,0,5.579027850078084,50.60711375745672,NGFR;GRIN2A;LRP1;MMP2;MMP3;ADRB2;CD36;IGF1;TLR4
GO_Biological_Process_2023,Negative Regulation Of Lipid Metabolic Process (GO:0045833),7/26,0.00012379764417824493,0.004777041594728,0,0,7.75392122690833,69.76096099866601,ALK;HCAR2;GPER1;PDE3B;CIDEA;CCDC3;CIDEC
GO_Biological_Process_2023,Ethanol Oxidation (GO:0006069),4/7,0.00013517515138642588,0.0051516752139493,0,0,27.992665933259996,249.38495892279872,ADH4;ADH1C;ADH1B;ADH1A
GO_Biological_Process_2023,Lymphocyte Chemotaxis (GO:0048247),9/44,0.000138722135112011,0.0052223808669607,0,0,5.419342604298357,48.14022441135036,CCL14;CCL13;CCL24;CH25H;CCL23;CCL21;SAA1;CX3CL1;CCL16
GO_Biological_Process_2023,Regulation Of Neuroinflammatory Response (GO:0150077),6/19,0.00014471194734335467,0.00538223833071,0,0,9.70604698498855,85.80888398136689,IL33;IL6;MMP3;IGF1;MMP8;PTGS2
GO_Biological_Process_2023,Skeletal System Development (GO:0001501),18/149,0.00015720682860590843,0.0057773509512671,0,0,2.9102136551665314,25.48750055912593,GDF10;ZBTB16;NPR3;EN1;PRELP;IGF1;PTH1R;PCSK5;BMP6;BMP2;SNORC;EXTL1;EPYC;FRZB;OGN;ALX4;TLL1;FBN1
GO_Biological_Process_2023,"Synaptic Transmission, Glutamatergic (GO:0035249)",7/27,0.00016058293930736953,0.0058319945134335,0,0,7.36583885209713,64.35312424797857,GRIA2;GRIN2A;UNC13A;SLC17A7;GRIN2C;GRIN2B;GRIA4
GO_Biological_Process_2023,Cellular Response To Fibroblast Growth Factor Stimulus (GO:0044344),10/55,0.00016859302749057075,0.0060517055332952,0,0,4.686108034945244,40.71301377227061,KL;FGF16;NR4A1;FGF7;ZFP36;SFRP1;EGR3;FLRT2;FGF1;FGF2
GO_Biological_Process_2023,Antimicrobial Humoral Response (GO:0019730),14/100,0.0001764315653615052,0.0062056562462449,0,0,3.4406963809918,29.736485086920627,CCL13;TSLP;RARRES2;DEFB1;NRG1;CST9;CXCL3;CXCL2;JCHAIN;RNASE7;S100A12;PRTN3;IL36RN;CTSG
GO_Biological_Process_2023,Blood Vessel Diameter Maintenance (GO:0097746),8/36,0.00017690241323924593,0.0062056562462449,0,0,6.0170481452249405,51.98676837026378,EDN1;EDNRB;EDN3;NPR1;GPER1;HTR2B;AGTR1;AGTR2
GO_Biological_Process_2023,Sodium Ion Transport (GO:0006814),13/89,0.0001935055170597993,0.0067118149568943,0,0,3.613201754385965,30.89361402247737,SLC6A2;NALCN;SLC8A2;SCN11A;SCN9A;SCN7A;SCN4A;ASIC2;SCN3B;SCN2A;SCN4B;SCN3A;SCN2B
GO_Biological_Process_2023,Cellular Response To Peptide (GO:1901653),10/56,0.00019695378463636845,0.0067388895240349,0,0,4.583995377726419,39.113130578531205,NGFR;GRIN2A;LRP1;CYP11A1;GPER1;CAV1;CD36;ADRB2;IGF1;TLR4
GO_Biological_Process_2023,Epithelial Cell Migration (GO:0010631),9/46,0.00019865207213708375,0.0067388895240349,0,0,5.125867017459938,43.69266309726829,DPP4;ZEB2;S100A2;ADGRA2;KRT16;KIT;S100A12;FAT2;FSTL1
GO_Biological_Process_2023,Intracellular Calcium Ion Homeostasis (GO:0006874),17/139,0.00020412638008173264,0.0068493275577424,0,0,2.949401712529274,25.060391663133565,CCL14;CCL13;EDN1;CCL23;EDN3;CAV2;CAV1;HTR2B;ANK2;HTR2A;PTH1R;SLC8A2;CXCL12;PLN;GPER1;CASQ2;MICU3
GO_Biological_Process_2023,Regulation Of Protein Phosphorylation (GO:0001932),26/265,0.00021227589402388243,0.0070461901596959,0,0,2.3116234970022598,19.55084177186809,ROPN1B;PID1;FGF1;FGF2;KLHL31;RELN;GPNMB;GPER1;LEPR;SLIT2;ANGPT1;IL34;RARRES2;ADIPOQ;VEGFD;NRG1;IGF1;FGF16;BMP2;LEP;CLDN19;TMEM119;ADTRP;INSM1;ROPN1;FGF10
GO_Biological_Process_2023,Regulation Of Vascular Associated Smooth Muscle Cell Proliferation (GO:1904705),8/37,0.00021675659706741748,0.0071183788845438,0,0,5.809258906458373,49.011180882392125,CNN1;NR4A3;GPER1;MMP2;ADIPOQ;PPARG;IGF1;FGF2
GO_Biological_Process_2023,Chemokine-Mediated Signaling Pathway (GO:0070098),10/57,0.00022921538883805145,0.0074482937404533,0,0,4.486227939963714,37.59839640454037,CCL14;CCL13;CCL24;CCL23;CXCL12;CCL21;CXCL3;CXCL2;CX3CL1;CCL16
GO_Biological_Process_2023,Negative Regulation Of Signal Transduction (GO:0009968),26/267,0.0002390825819208461,0.0076879992748922,0,0,2.292196644009599,19.113943673157504,PID1;LRP1;APCDD1;FGF2;CX3CL1;CRHBP;RGS2;CYP26B1;FRZB;SOSTDC1;IL36RN;SNCA;ADIPOQ;NRG1;DCN;SFRP4;SFRP1;BMP2;CILP;NEURL1;SNAI2;SPRY2;PPARG;SPRY1;AGTR2;RAB7B
GO_Biological_Process_2023,Central Nervous System Development (GO:0007417),27/283,0.00025511298111319865,0.0081189048731592,0,0,2.241627574774266,18.5467873016937,VIT;CCL14;PCDH18;KLK6;GRIN2A;RELN;ADGRA2;NNAT;ASIC2;EGR2;EMX2;GSN;MOG;ZBTB16;SPINK5;SCTR;PROX1;GRIN2C;S100B;SOX10;GRIN2B;ECRG4;TGFBR2;CNTN1;MAL;AGTR2;ADGRL3
GO_Biological_Process_2023,Positive Regulation Of Inositol Phosphate Biosynthetic Process (GO:0060732),4/8,0.0002605652876386689,0.008207806560618,0,0,20.993399339933998,173.25132619643907,LHCGR;GPER1;PTH1R;SNCA
GO_Biological_Process_2023,Positive Regulation Of Phosphatidylinositol 3-Kinase Signaling (GO:0014068),11/69,0.0002720765319835068,0.0084838409518493,0,0,4.001051303616484,32.84633925509958,SELP;PDGFRA;CSF3;GPER1;LEP;KIT;ROR1;IGF1;FGF2;DCN;DDR2
GO_Biological_Process_2023,Proteolysis (GO:0006508),30/330,0.0002762479873782494,0.0084959707268591,0,0,2.127633069082673,17.434275555364596,CFH;TMPRSS6;CPXM2;PCSK5;TRHDE;ADAMTS16;DPP4;ADAMTS5;ADAMTS2;ADAMTS1;CTSK;NAALAD2;CTSG;CPXM1;CPA2;CPA1;MME;LVRN;MMP2;MMP3;ADAM33;MMP8;CAPN11;PIP;ADAM12;CNTN1;MMP19;PRTN3;TLL1;PAPPA2
GO_Biological_Process_2023,Regulation Of Extracellular Matrix Disassembly (GO:0010715),5/14,0.000277969887726845,0.0084959707268591,0,0,11.672785119921684,95.57673850440727,DPP4;IL6;LRP1;PDPN;DDR2
GO_Biological_Process_2023,Positive Regulation Of Protein Serine/Threonine Kinase Activity (GO:0071902),15/117,0.0002831601338546976,0.0085697581687201,0,0,3.1090331455522078,25.399239990965416,EDN1;EDN3;IL34;ADIPOQ;HTR2B;ADRB2;PROX1;FGF1;FGF2;SLC8A2;KIT;S100A12;TLR4;FERMT2;SNCA
GO_Biological_Process_2023,Epithelial Cell Differentiation (GO:0030855),16/132,0.0003440785096618938,0.0103123335856919,0,0,2.9171568062122786,23.263277397637733,TAGLN;ANXA1;AKR1C1;SPINK5;AKR1C2;PROX1;ASCL1;FSTL1;KRT9;KRT17;KRT16;WT1;KRT14;PPARG;PCK1;CES1
GO_Biological_Process_2023,Positive Regulation Of Cholesterol Efflux (GO:0010875),6/22,0.000353826606344361,0.0105025262863946,0,0,7.884922822491731,62.659144401131655,LRP1;CAV1;ADIPOQ;PPARG;ABCA8;CES1
GO_Biological_Process_2023,Endothelial Cell Migration (GO:0043542),8/40,0.0003824870304310491,0.011069591863401,0,0,5.263812154696133,41.41996831765197,DPP4;NR4A1;EGR3;S100A2;ADGRA2;S100A12;CCN3;FSTL1
GO_Biological_Process_2023,Blood Circulation (GO:0008015),9/50,0.0003836884772866581,0.011069591863401,0,0,4.624811137491906,36.37728257958902,SGCD;PLN;CXCL12;EDN3;NPR1;ELN;AGTR1;SERPING1;SGCZ
GO_Biological_Process_2023,Cell Chemotaxis (GO:0060326),9/50,0.0003836884772866581,0.011069591863401,0,0,4.624811137491906,36.37728257958902,PDGFRA;NR4A1;EGR3;CXCL12;CCL21;KIT;AGTR1;CCN3;CX3CL1
GO_Biological_Process_2023,Response To Tumor Necrosis Factor (GO:0034612),14/108,0.00039841347000262506,0.0113662749201685,0,0,3.146545807398291,24.631224211581312,CCL14;CCL13;CCL24;CCL23;PID1;CCL21;ADIPOQ;CX3CL1;CRHBP;ZFP36;SFRP1;GPER1;HAS2;CCL16
GO_Biological_Process_2023,Regulation Of Systemic Arterial Blood Pressure By Hormone (GO:0001990),5/15,0.00040133591392885534,0.0113662749201685,0,0,10.504955947136564,82.15623283685967,EDN1;OXTR;EDN3;AVPR2;AGTR1
GO_Biological_Process_2023,Vasoconstriction (GO:0042310),4/9,0.0004520682389028824,0.0126866786681199,0,0,16.793839383938394,129.34073355324375,EDN1;EDNRB;EDN3;HTR2B
GO_Biological_Process_2023,Regulation Of Lipid Catabolic Process (GO:0050994),6/23,0.00046034685044902326,0.0126996331156075,0,0,7.4207147026396,57.01728648725268,ALK;HCAR2;RARRES2;PDE3B;CIDEA;CIDEC
GO_Biological_Process_2023,Regulation Of Osteoblast Differentiation (GO:0045667),12/85,0.000464871571773132,0.0126996331156075,0,0,3.469022243169689,26.62040728862992,GDF10;IL6;TWIST2;TMEM119;SNAI2;PPARG;RORB;IGF1;TP63;BMP6;FERMT2;DDR2
GO_Biological_Process_2023,Response To Interleukin-1 (GO:0070555),12/85,0.000464871571773132,0.0126996331156075,0,0,3.469022243169689,26.62040728862992,CCL14;CCL13;CCL24;SFRP1;CCL23;ANXA1;PTGIS;CCL21;HAS2;CX3CL1;CCL16;SNCA
GO_Biological_Process_2023,Negative Regulation Of Cell Migration (GO:0030336),18/163,0.0004795504190173845,0.012985720557076,0,0,2.627285686765556,20.079455220338883,NGFR;LRP1;ADIPOQ;PODN;FGF2;CX3CL1;SLURP1;CLDN5;SFRP1;COL3A1;KRT16;HAS1;CLDN19;EMILIN2;ADTRP;SLIT2;HOXA7;RECK
GO_Biological_Process_2023,Negative Regulation Of Cellular Process (GO:0048523),42/537,0.0005043615853087199,0.0135388192508523,0,0,1.811140103677417,13.750568894533156,NPR1;FHL1;PDE3B;BRINP2;SOX17;GPNMB;FRZB;ADAMTS1;GPER1;PDPN;CCN5;DACT2;SLIT1;CCN3;IGFBP6;CCN2;SLIT2;SOX7;JAM2;PLXNA4;CCL23;MYOCD;ANGPT1;DUSP1;AVPR2;NRG1;PROX1;PODN;PTPN14;SLURP1;SFRP4;NR4A1;SFRP1;BMP2;IL6;WT1;ALDH1A2;NEURL1;CLDN19;AGTR2;INSM1;CRYAB
GO_Biological_Process_2023,Negative Regulation Of Transmembrane Receptor Protein Serine/Threonine Kinase Signaling Pathway (GO:0090101),14/111,0.00052837926713949,0.0140612654970655,0,0,3.0487483228788,23.004928705257445,LRP1;FST;CAV1;WFIKKN2;CIDEA;CHRDL1;ASPN;BMP2;CILP;SOSTDC1;SPRY2;CCN3;PPARG;SPRY1
GO_Biological_Process_2023,Cellular Response To Fatty Acid (GO:0071398),5/16,0.0005619194563317022,0.0147003844211522,0,0,9.549459351221463,71.46960563160033,DGAT2;PID1;AKR1C3;PDK4;AKR1C2
GO_Biological_Process_2023,Positive Regulation Of Homotypic Cell-Cell Adhesion (GO:0034112),5/16,0.0005619194563317022,0.0147003844211522,0,0,9.549459351221463,71.46960563160033,IL6;MMRN1;PDPN;EMILIN2;CTSG
GO_Biological_Process_2023,Glucose Homeostasis (GO:0042593),12/87,0.0005766350357962825,0.0149585912227153,0,0,3.3761598224195337,25.18041621977045,NGFR;MLXIPL;IL6;KCNB1;ADIPOQ;LEPR;PDK4;PPARG;SLC2A4;CARTPT;PCK1;FOXO1
GO_Biological_Process_2023,Eosinophil Chemotaxis (GO:0048245),6/24,0.0005902765992854552,0.0150593707602826,0,0,7.00808526277104,52.104548506393336,CCL14;CCL13;CCL24;CCL23;CX3CL1;CCL16
GO_Biological_Process_2023,Eosinophil Migration (GO:0072677),6/24,0.0005902765992854552,0.0150593707602826,0,0,7.00808526277104,52.104548506393336,CCL14;CCL13;CCL24;CCL23;CX3CL1;CCL16
GO_Biological_Process_2023,Negative Regulation Of Blood Vessel Endothelial Cell Migration (GO:0043537),7/33,0.000608269503981466,0.0153912127769736,0,0,5.664246901001868,41.943139458152544,ANGPT4;NRG1;PPARG;AGTR2;MEOX2;KLF4;FGF2
GO_Biological_Process_2023,Positive Regulation Of miRNA Transcription (GO:1902895),8/43,0.0006390358030890311,0.0160382400336247,0,0,4.811870560378848,35.39395486264701,EGR1;NGFR;WT1;ATOH8;PPARG;FOS;KLF4;FGF2
GO_Biological_Process_2023,Regulation Of Smooth Muscle Cell Proliferation (GO:0048660),9/54,0.0006919296960968678,0.0172257013858954,0,0,4.21283185840708,30.652674989522467,EDN1;BMP2;IL6;NR4A3;ELN;OGN;PPARG;IGF1;CX3CL1
GO_Biological_Process_2023,Positive Regulation Of Endothelial Cell Proliferation (GO:0001938),11/77,0.0007157357922570749,0.0176533114670298,0,0,3.51459719142646,25.45341389708569,CCL24;NR4A1;BMP2;EGR3;HTR2B;AGTR1;CNTN1;VEGFD;PROX1;FGF2;THBS4
GO_Biological_Process_2023,Mast Cell Activation Involved In Immune Response (GO:0002279),4/10,0.00072626192300382,0.0176533114670298,0,0,13.994132746607994,101.14399149838871,NR4A3;MRGPRX2;KIT;FCER1A
GO_Biological_Process_2023,Mast Cell Degranulation (GO:0043303),4/10,0.00072626192300382,0.0176533114670298,0,0,13.994132746607994,101.14399149838871,NR4A3;MRGPRX2;KIT;FCER1A
GO_Biological_Process_2023,Cellular Response To Amyloid-Beta (GO:1904646),7/34,0.0007361307648166432,0.0177534036796013,0,0,5.4541738206197365,39.34697055154644,NGFR;GRIN2A;LRP1;ADRB2;CD36;IGF1;TLR4
GO_Biological_Process_2023,Positive Regulation Of Striated Muscle Cell Differentiation (GO:0051155),6/25,0.0007469467497505881,0.0178147699737969,0,0,6.638890500783381,47.79680276992773,EDN1;MYOCD;SMYD1;NRG1;IGF1;PROX1
GO_Biological_Process_2023,Positive Regulation Of Chemotaxis (GO:0050921),8/44,0.0007502170704870766,0.0178147699737969,0,0,4.677961939840393,33.658628336439115,P2RY12;IL6;CCL21;EDN3;RARRES2;CNTN1;PTN;FGF2
GO_Biological_Process_2023,cGMP-mediated Signaling (GO:0019934),5/17,0.0007663028005512252,0.0180578377503941,0,0,8.753212187958884,62.7949592185775,KCNC2;PDE2A;HTR2B;CD36;AQP1
GO_Biological_Process_2023,Chemical Synaptic Transmission (GO:0007268),25/273,0.0007756057647352887,0.0181385984525593,0,0,2.138617952630049,15.316495633952048,GRIA2;SNAP25;KCNA1;CHAT;HTR2B;HTR2A;SLC6A2;CRHBP;GRIN2A;KCNMB1;SLC17A7;ASIC2;GRIA4;SNCA;UNC13A;HTR1E;KCNIP2;NSG1;GRIN2C;GRIN2B;SYN2;GABRG1;RAPSN;KCNK3;SCN2B
GO_Biological_Process_2023,Inorganic Cation Import Across Plasma Membrane (GO:0098659),13/103,0.0008197984029041402,0.0190279524042487,0,0,3.0489012345679014,21.666870575139164,KCNJ16;ABCC9;SLC39A12;SLC8A2;CACNA1G;TRPM1;SCN11A;SCN9A;SCN7A;SCN4A;SCN2A;SCN3A;KCNJ3
GO_Biological_Process_2023,Regulation Of Epithelial Cell Proliferation (GO:0050678),12/91,0.0008685550719195693,0.0197406462694629,0,0,3.204540665083803,22.587780297689125,SOX2;FGF16;NR4A1;FGF7;ZFP36;SFRP1;NR4A3;ANGPT1;LEP;IGF1;BMP6;FGF10
GO_Biological_Process_2023,Action Potential (GO:0001508),7/35,0.0008843457706921374,0.0197406462694629,0,0,5.2591059602649,36.974998682263,KCNB1;KCNA1;GPER1;KCNA2;DMD;SCN4A;SCN3B
GO_Biological_Process_2023,Glutamate Receptor Signaling Pathway (GO:0007215),7/35,0.0008843457706921374,0.0197406462694629,0,0,5.2591059602649,36.974998682263,TRPM1;GRIA2;GRIN2A;KCNB1;GRIN2C;GRIN2B;GRIA4
GO_Biological_Process_2023,Regulation Of cGMP-mediated Signaling (GO:0010752),3/5,0.0008847515020081033,0.0197406462694629,0,0,31.458791208791208,221.1617116457815,PDE11A;PDE2A;RUNDC3A
GO_Biological_Process_2023,Regulation Of Renal Sodium Excretion (GO:0035813),3/5,0.0008847515020081033,0.0197406462694629,0,0,31.458791208791208,221.1617116457815,NPR1;AGTR1;SPX
GO_Biological_Process_2023,Negative Regulation Of Macromolecule Metabolic Process (GO:0010605),19/186,0.0008888726373357121,0.0197406462694629,0,0,2.4078018459724846,16.916148145174184,EDN1;LRP1;IGF1;MMP8;KLF4;FGF2;CLDN5;SFRP1;BMP2;EDNRB;KRT17;CILP;GPER1;ATOH8;CLDN19;PPARG;CCDC3;CD34;RBMS3
GO_Biological_Process_2023,Response To Glucocorticoid (GO:0051384),6/26,0.0009338923316822908,0.0205348049168638,0,0,6.306615214994487,43.99588996672996,ZFP36;IL6;ANXA1;FAM107A;SLIT1;SLIT2
GO_Biological_Process_2023,Positive Regulation Of Phosphorylation (GO:0042327),22/231,0.0009379356959111768,0.0205348049168638,0,0,2.2302557741154234,15.548962253113134,ALK;PDGFRA;ANGPT1;IL34;RARRES2;ADIPOQ;VEGFD;FGF1;FGF2;FGF16;BMP2;RELN;GPNMB;GPER1;LEP;CLDN19;LEPR;TMEM119;ROR1;ADTRP;DDR2;FGF10
GO_Biological_Process_2023,Cardiac Muscle Cell Contraction (GO:0086003),5/18,0.001021429356832,0.0218168748617908,0,0,8.079464588275162,55.63965546258885,GSN;SCN3B;SCN4B;CACNA1G;SCN2B
GO_Biological_Process_2023,Negative Regulation Of Lipid Catabolic Process (GO:0050995),5/18,0.001021429356832,0.0218168748617908,0,0,8.079464588275162,55.63965546258885,ALK;HCAR2;PDE3B;CIDEA;CIDEC
GO_Biological_Process_2023,Negative Regulation Of Peptide Hormone Secretion (GO:0090278),5/18,0.001021429356832,0.0218168748617908,0,0,8.079464588275162,55.63965546258885,CRHBP;SFRP1;KCNB1;CCN3;FOXO1
GO_Biological_Process_2023,Cellular Response To Oxygen-Containing Compound (GO:1901701),33/406,0.0010247641253513,0.0218168748617908,0,0,1.8814343163538876,12.950463310678996,PID1;KCNC2;AKAP6;RORB;CXCL3;CXCL2;FOXO1;RYR3;AQP1;CRHBP;ZFP36;GNG2;GPER1;PDK4;CTSG;IL36RN;SLIT2;P2RY12;EGR1;PDGFRA;PDE2A;MMP3;AKR1C3;GPBAR1;FOS;SYT8;SFRP1;IL6;NR4A3;WT1;NEURL1;FOLR1;TLR4
GO_Biological_Process_2023,Positive Regulation Of Phospholipase C Activity (GO:0010863),7/36,0.0010551086482708,0.022213607296947,0,0,5.077491055796605,34.801690005324666,P2RY12;PDGFRA;KIT;HTR2B;NMUR1;HTR2A;FGF2
GO_Biological_Process_2023,Mast Cell Mediated Immunity (GO:0002448),4/11,0.0011001562117315,0.022213607296947,0,0,11.994342291371996,81.70909515712667,NR4A3;MRGPRX2;KIT;FCER1A
GO_Biological_Process_2023,Negative Regulation Of Bone Remodeling (GO:0046851),4/11,0.0011001562117315,0.022213607296947,0,0,11.994342291371996,81.70909515712667,IL6;SFRP1;TMEM119;CARTPT
GO_Biological_Process_2023,Negative Regulation Of Vascular Permeability (GO:0043116),4/11,0.0011001562117315,0.022213607296947,0,0,11.994342291371996,81.70909515712667,CLDN5;PDE2A;SLIT2;FERMT2
GO_Biological_Process_2023,Phasic Smooth Muscle Contraction (GO:0014821),4/11,0.0011001562117315,0.022213607296947,0,0,11.994342291371996,81.70909515712667,EDN1;EDNRB;EDN3;HTR2B
GO_Biological_Process_2023,Positive Regulation Of Platelet Aggregation (GO:1901731),4/11,0.0011001562117315,0.022213607296947,0,0,11.994342291371996,81.70909515712667,IL6;MMRN1;PDPN;EMILIN2
GO_Biological_Process_2023,Regulation Of MAPK Cascade (GO:0043408),20/204,0.0011009373916636,0.022213607296947,0,0,2.3008666439456644,15.672567788097924,DUSP1;CAV2;CAV1;IGF1;CARTPT;ADRB2;MMP8;FGF2;CX3CL1;SOX2;BMP2;IL6;ADRB3;DOK5;GPER1;LEP;KIT;IGFBP6;PAK3;FGF10
GO_Biological_Process_2023,Cellular Response To Interleukin-1 (GO:0071347),11/81,0.0011009659593239,0.022213607296947,0,0,3.3130662020905923,22.567173536362915,CCL14;CCL13;CCL24;EGR1;SFRP1;CCL23;PTGIS;CCL21;HAS2;CX3CL1;CCL16
GO_Biological_Process_2023,Cardiac Muscle Cell Differentiation (GO:0055007),6/27,0.0011548388232829,0.0231492691394446,0,0,6.005985194518822,40.62324957584085,MYOCD;BMP2;WT1;MYH11;NRG1;ALPK2
GO_Biological_Process_2023,Renal System Development (GO:0072001),9/58,0.001177607285983,0.0232666612291653,0,0,3.868114502438144,26.087611004663493,MYOCD;SOX17;MME;WT1;AGTR1;HAS2;PROX1;PCSK5;TBX18
GO_Biological_Process_2023,Regulation Of Wound Healing (GO:0061041),8/47,0.0011797991691162,0.0232666612291653,0,0,4.317438730698399,29.10994660838113,ANXA1;MMRN1;CAV1;CLDN19;NRG1;FGF2;DUOX2;MYLK
GO_Biological_Process_2023,Positive Regulation Of Hydrolase Activity (GO:0051345),18/176,0.0011833060618655,0.0232666612291653,0,0,2.409461848525564,16.23843081468859,CCL14;CCL13;CCL24;CCL23;CCL21;CAV2;RASGRF2;SLC6A2;CX3CL1;PREX2;DOCK11;SFRP1;BMP2;CTSK;PRTN3;RGL1;FERMT2;CCL16
GO_Biological_Process_2023,Cellular Response To Organic Substance (GO:0071310),11/82,0.0012201473786507,0.0238392085942717,0,0,3.266231535554792,21.91244064236509,CSF3;OXTR;EDN1;CLEC3B;PID1;MME;AVPR2;SLIT1;AKAP6;SLIT2;RAMP1
GO_Biological_Process_2023,Negative Regulation Of Endothelial Cell Migration (GO:0010596),7/37,0.0012507248809495,0.0242829415565493,0,0,4.907983811626195,32.80512080816097,ANGPT4;NRG1;PPARG;SLIT2;AGTR2;FGF2;DCN
GO_Biological_Process_2023,Regulation Of Cellular Response To Growth Factor Stimulus (GO:0090287),5/19,0.0013345441702461,0.0255884338729805,0,0,7.501966645689112,49.6567587353599,SFRP4;DOK5;FST;SLIT2;FSTL1
GO_Biological_Process_2023,Regulation Of Tissue Remodeling (GO:0034103),5/19,0.0013345441702461,0.0255884338729805,0,0,7.501966645689112,49.6567587353599,GPNMB;LEP;LEPR;THBS4;DDR2
GO_Biological_Process_2023,Receptor-Mediated Endocytosis (GO:0006898),14/122,0.0013548830367019,0.0257570219340186,0,0,2.736641535862893,18.072890573942697,LRP1;CAV2;CAV1;STAB2;STON1;ADRB2;DPP4;ADRB3;MRC1;CXCR2;CD36;FOLR1;RAMP1;SNCA
GO_Biological_Process_2023,Positive Regulation Of Reactive Oxygen Species Metabolic Process (GO:2000379),8/48,0.0013600241578377,0.0257570219340186,0,0,4.209281767955801,27.78232384344936,PID1;AKR1C1;AKR1C3;AGTR1;CD36;MMP8;TLR4;TGFBR2
GO_Biological_Process_2023,Positive Regulation Of Cell-Substrate Adhesion (GO:0010811),10/71,0.0013791914572474,0.02596075627148,0,0,3.454060236370568,22.74933135330177,VIT;SFRP1;ECM2;CCDC80;CCL21;CD36;FBLN2;CX3CL1;FERMT2;LIMS2
GO_Biological_Process_2023,Regulation Of Protein Kinase B Signaling (GO:0051896),15/136,0.0013919266221247,0.0260416817121164,0,0,2.6182149496585616,17.220173658338496,P2RY12;CSF3;ANGPT1;CCL21;F10;AKR1C3;AKR1C2;IGF1;FGF2;CX3CL1;GPER1;LEP;CNTN1;SPRY2;FERMT2
GO_Biological_Process_2023,Regulation Of Lipid Biosynthetic Process (GO:0046890),6/28,0.0014136869146798,0.0262894669013047,0,0,5.732685175904581,37.615324230757984,MLXIPL;GPER1;PDK4;HSD17B13;SORBS1;PCK1
GO_Biological_Process_2023,Positive Regulation Of Cation Channel Activity (GO:2001259),7/38,0.0014736063904509,0.0270775174245357,0,0,4.749412518692587,30.966371737150123,JPH2;EDN1;KCNIP2;STAC;STAC2;AKAP6;ANK2
GO_Biological_Process_2023,Response To cAMP (GO:0051591),7/38,0.0014736063904509,0.0270775174245357,0,0,4.749412518692587,30.966371737150123,CRHBP;VGF;WT1;PDE2A;AKAP6;DUOX2;AQP1
GO_Biological_Process_2023,Adenylate Cyclase-Activating G Protein-Coupled Receptor Signaling Pathway (GO:0007189),13/110,0.0015164226813968,0.0276993894524967,0,0,2.827835051546392,18.356611895188014,PTGFR;LHCGR;GPR26;ADRB2;PTH1R;ADGRG4;ADGRD1;GNG2;ADRB3;GPER1;ADGRD2;RAMP1;ADGRL3
GO_Biological_Process_2023,Second-Messenger-Mediated Signaling (GO:0019932),10/72,0.0015374238407274,0.0279178082136808,0,0,3.398170971314257,22.01215231723761,CNKSR2;P2RY12;EDN1;EDNRB;EDN3;HTR2B;AGTR1;NMUR1;CD36;AGTR2
GO_Biological_Process_2023,Positive Regulation Of miRNA Metabolic Process (GO:2000630),8/49,0.0015614489210804,0.028152388132579,0,0,4.106400754615281,26.536141061629152,EGR1;NGFR;WT1;ATOH8;PPARG;FOS;KLF4;FGF2
GO_Biological_Process_2023,Ionotropic Glutamate Receptor Signaling Pathway (GO:0035235),4/12,0.0015908829569681,0.028152388132579,0,0,10.494499449944994,67.62095142156276,GRIA2;GRIN2A;GRIN2C;GRIN2B
GO_Biological_Process_2023,Positive Regulation Of Alcohol Biosynthetic Process (GO:1902932),4/12,0.0015908829569681,0.028152388132579,0,0,10.494499449944994,67.62095142156276,PTH1R;FGF1;BMP6;SNCA
GO_Biological_Process_2023,Positive Regulation Of Reactive Oxygen Species Biosynthetic Process (GO:1903428),4/12,0.0015908829569681,0.028152388132579,0,0,10.494499449944994,67.62095142156276,DUOXA1;CD36;MMP8;TLR4
GO_Biological_Process_2023,Cellular Response To Organic Cyclic Compound (GO:0071407),16/152,0.0016069051132184,0.028152388132579,0,0,2.485540035412158,15.990585709360028,P2RY12;EGR1;PDE2A;GPBAR1;AKAP6;RYR3;AQP1;CRHBP;SFRP1;NR4A3;GNG2;WT1;GPER1;ADTRP;MGARP;FOLR1
GO_Biological_Process_2023,Calcium-Mediated Signaling (GO:0019722),11/85,0.001642845893431,0.028152388132579,0,0,3.133322346736981,20.088748647218647,CNKSR2;P2RY12;SELP;PTGFR;EDN1;EDNRB;HTR2B;AGTR1;DEFB1;ANK2;NMUR1
GO_Biological_Process_2023,Transport Across Blood-Brain Barrier (GO:0150104),11/85,0.001642845893431,0.028152388132579,0,0,3.133322346736981,20.088748647218647,SLC22A3;ABCB1;LRP1;FABP5;LEPR;SLC16A7;ABCC9;SLC2A4;CD36;SLC8A2;SLC7A3
GO_Biological_Process_2023,Cytokine-Mediated Signaling Pathway (GO:0019221),23/257,0.0016717887624033,0.028152388132579,0,0,2.0821041006434267,13.312684437275804,CCL14;EGR1;CCL13;CCL24;IL33;CCL23;CSF3;CCL21;IL34;CXCL3;CXCL2;CX3CL1;GREM2;IL1RL1;IL6;CXCL12;LEP;KIT;CXCR2;LEPR;CTSG;CCL16;DUOX2
GO_Biological_Process_2023,Axon Extension Involved In Axon Guidance (GO:0048846),3/6,0.0017093973454798,0.028152388132579,0,0,20.97142857142857,133.62185627700006,SEMA3A;SLIT1;SLIT2
GO_Biological_Process_2023,Elastic Fiber Assembly (GO:0048251),3/6,0.0017093973454798,0.028152388132579,0,0,20.97142857142857,133.62185627700006,MFAP4;TNXB;MYH11
GO_Biological_Process_2023,Excitatory Chemical Synaptic Transmission (GO:0098976),3/6,0.0017093973454798,0.028152388132579,0,0,20.97142857142857,133.62185627700006,GRIN2A;GRIN2C;GRIN2B
GO_Biological_Process_2023,Hyaluronan Biosynthetic Process (GO:0030213),3/6,0.0017093973454798,0.028152388132579,0,0,20.97142857142857,133.62185627700006,HAS1;HAS3;HAS2
GO_Biological_Process_2023,Neuron Projection Extension Involved In Neuron Projection Guidance (GO:1902284),3/6,0.0017093973454798,0.028152388132579,0,0,20.97142857142857,133.62185627700006,SEMA3A;SLIT1;SLIT2
GO_Biological_Process_2023,Positive Regulation Of Unsaturated Fatty Acid Biosynthetic Process (GO:2001280),3/6,0.0017093973454798,0.028152388132579,0,0,20.97142857142857,133.62185627700006,ABCD2;ANXA1;PTGS2
GO_Biological_Process_2023,Regulation Of Endothelial Cell Chemotaxis To Fibroblast Growth Factor (GO:2000544),3/6,0.0017093973454798,0.028152388132579,0,0,20.97142857142857,133.62185627700006,FGF16;FGF1;FGF2
GO_Biological_Process_2023,"Synaptic Transmission, Dopaminergic (GO:0001963)",3/6,0.0017093973454798,0.028152388132579,0,0,20.97142857142857,133.62185627700006,CRHBP;SLC6A2;SNCA
GO_Biological_Process_2023,Cardiac Muscle Cell Action Potential (GO:0086001),6/29,0.0017144959406948,0.028152388132579,0,0,5.483150376300273,34.920189722658726,KCNIP2;DMD;SCN3B;SCN4B;CACNA1G;SCN2B
GO_Biological_Process_2023,Response To Alcohol (GO:0097305),6/29,0.0017144959406948,0.028152388132579,0,0,5.483150376300273,34.920189722658726,GRIN2A;CCL21;SLIT1;SLIT2;GRIN2B;TGFBR2
GO_Biological_Process_2023,Fibroblast Growth Factor Receptor Signaling Pathway (GO:0008543),7/39,0.0017262659415347,0.0281956770450676,0,0,4.600751931567329,29.269038879325457,KL;FGF16;FGF7;FLRT2;FGF1;FGF2;FGF10
GO_Biological_Process_2023,Negative Regulation Of Wnt Signaling Pathway (GO:0030178),15/140,0.001861160977165,0.0302389680868868,0,0,2.5338975501113588,15.929485818284322,CCL14;LRP1;CAV1;APCDD1;BICC1;SOX2;SFRP4;SFRP1;BMP2;SOX17;FRZB;SNAI2;SOSTDC1;IGFBP6;RBMS3
GO_Biological_Process_2023,Fat Cell Differentiation (GO:0045444),9/62,0.0019074070057934,0.0308280912402316,0,0,3.5754299549173485,22.389380090868908,NR4A1;EGR2;PID1;NR4A3;ADIPOQ;PPARG;ZFPM2;KLF4;FOXO1
GO_Biological_Process_2023,Regulation Of Cell Migration Involved In Sprouting Angiogenesis (GO:0090049),6/30,0.0020614662008637,0.033144511260763,0,0,5.254410143329658,32.49504727324827,ANXA1;RHOJ;MEOX2;PTGS2;KLF4;FGF2
GO_Biological_Process_2023,Negative Regulation Of Canonical Wnt Signaling Pathway (GO:0090090),13/114,0.0020980833361987,0.0335584624810655,0,0,2.7152695269526954,16.744336895717197,CCL14;CAV1;BICC1;TBX18;SOX2;SFRP4;SFRP1;BMP2;SOX17;FRZB;SNAI2;IGFBP6;RBMS3
GO_Biological_Process_2023,Negative Regulation Of Multicellular Organismal Process (GO:0051241),21/231,0.0021529986214022,0.0342593131147867,0,0,2.116255605381166,12.995700716611106,MYOCD;LAMA4;ADIPOQ;NPR3;CIDEA;TBX18;CRHBP;ADAMTS5;SFRP1;RGS2;BMP2;ACVR1C;GPNMB;ALDH1A1;SOSTDC1;SPRY2;SPX;SPRY1;ALPK2;HOXA7;TLR4
GO_Biological_Process_2023,Regulation Of Endothelial Cell Migration (GO:0010594),11/88,0.0021782011843466,0.0344826002875806,0,0,3.010769718086791,18.45377802077797,ANGPT4;EDN1;ANGPT1;RHOJ;ATOH8;PROX1;PTN;SLIT2;FGF1;FGF2;DCN
GO_Biological_Process_2023,Positive Regulation Of Glycoprotein Biosynthetic Process (GO:0010560),4/13,0.0022154304700746,0.0347159079244687,0,0,9.327955017723994,57.015339220215054,IL33;CCL21;IGF1;RAMP1
GO_Biological_Process_2023,Regulation Of Nitric-Oxide Synthase Biosynthetic Process (GO:0051769),4/13,0.0022154304700746,0.0347159079244687,0,0,9.327955017723994,57.015339220215054,IL33;FCER2;EDN1;TLR4
GO_Biological_Process_2023,Cell-Cell Adhesion Via Plasma-Membrane Adhesion Molecules (GO:0098742),17/172,0.0023069144987447,0.0358066893404556,0,0,2.317425115207373,14.07104462045296,CADM3;NEXN;CDH7;TGFBR2;SELP;CLDN11;CLDN5;LRFN5;CD209;CLDN8;HMCN2;CLDN19;FAT2;HMCN1;FAT4;NECTIN3;ADGRL3
GO_Biological_Process_2023,Neurotransmitter Transport (GO:0006836),8/52,0.0023103535256439,0.0358066893404556,0,0,3.825816172777498,23.224061280459185,SNAP25;SLC22A3;UNC13A;CHAT;SLC17A7;SLC6A2;SYN2;SLC1A7
GO_Biological_Process_2023,Heart Contraction (GO:0060047),7/41,0.0023314365265408,0.0358066893404556,0,0,4.329664978574211,26.243271329919622,SGCD;CASQ2;DMD;SCN3B;SGCZ;SCN4B;SCN2B
GO_Biological_Process_2023,Regulation Of Heart Rate By Cardiac Conduction (GO:0086091),7/41,0.0023314365265408,0.0358066893404556,0,0,4.329664978574211,26.243271329919622,CAV1;ANK2;SCN3B;SCN4B;CACNA1G;KCNJ3;SCN2B
GO_Biological_Process_2023,Positive Regulation Of Cholesterol Transport (GO:0032376),6/31,0.0024589203771102,0.0373278464215412,0,0,5.043969128996692,30.304332455757752,LRP1;CAV1;ADIPOQ;PPARG;ABCA8;CES1
GO_Biological_Process_2023,Positive Regulation Of Extrinsic Apoptotic Signaling Pathway (GO:2001238),6/31,0.0024589203771102,0.0373278464215412,0,0,5.043969128996692,30.304332455757752,SFRP1;GPER1;CAV1;G0S2;AGTR2;TLR4
GO_Biological_Process_2023,Positive Regulation Of Peptidyl-Tyrosine Phosphorylation (GO:0050731),14/130,0.002478849535606,0.0373278464215412,0,0,2.546833646580492,15.2809018484446,ANGPT4;CSF3;TSLP;ANGPT1;IL34;IGF1;BMP6;THBS4;FGF7;IL6;RELN;KIT;ENPP2;FGF10
GO_Biological_Process_2023,Transmembrane Receptor Protein Serine/Threonine Kinase Signaling Pathway (GO:0007178),14/130,0.002478849535606,0.0373278464215412,0,0,2.546833646580492,15.2809018484446,GDF10;WFIKKN2;FOS;BMP6;TGFBR2;TMEM100;CLDN5;BMP2;COL3A1;ACVR1C;ATOH8;PPARG;LEFTY2;FERMT2
GO_Biological_Process_2023,Negative Regulation Of Transforming Growth Factor Beta Receptor Signaling Pathway (GO:0030512),10/77,0.0025641104223702,0.0384243149216352,0,0,3.143749690087767,18.75606232742668,BMP2;CILP;CAV1;WFIKKN2;CIDEA;SPRY2;PPARG;SPRY1;ASPN;FBN1
GO_Biological_Process_2023,Regulation Of Phosphatidylinositol 3-Kinase Signaling (GO:0014066),11/90,0.0026079139951663,0.0387999786510311,0,0,2.934238962642791,17.456387971538653,SELP;PDGFRA;CSF3;GPER1;LEP;KIT;ROR1;IGF1;FGF2;DCN;DDR2
GO_Biological_Process_2023,Negative Regulation Of Metabolic Process (GO:0009892),8/53,0.0026143166697163,0.0387999786510311,0,0,3.740601596071209,22.244431995377045,ADAMTS5;LAMA4;ADIPOQ;ALDH1A1;NPR3;CIDEA;CCDC3;TLR4
GO_Biological_Process_2023,Monoatomic Cation Transport (GO:0006812),7/42,0.0026894184725059,0.0396536071843139,0,0,4.205739514348786,24.891376133418163,TRPM1;GRIN2A;CNGA1;GRIN2C;TRPM6;GRIN2B;TRPM3
GO_Biological_Process_2023,Cellular Response To Low-Density Lipoprotein Particle Stimulus (GO:0071404),5/22,0.0026975242982526,0.0396536071843139,0,0,6.177118424462296,36.54025514062211,PPARG;ADTRP;CD36;TLR4;CES1
GO_Biological_Process_2023,Positive Regulation Of Vasculature Development (GO:1904018),12/104,0.0027764387718827,0.0399428199222425,0,0,2.7498431694252763,16.18718882523272,ANGPT4;PTGIS;HSPB6;CNTN1;RLN2;EMILIN2;VEGFD;ANGPTL4;FGF1;FGF2;CD34;AQP1
GO_Biological_Process_2023,Intracellular Monoatomic Cation Homeostasis (GO:0030003),18/190,0.0027765983984064,0.0399428199222425,0,0,2.2117058594257504,13.01927001344692,CCL14;CCL13;EDN1;CCL23;SCARA5;EDN3;TMPRSS6;CAV1;HTR2B;ANK2;HTR2A;PTH1R;SLC39A12;BMP6;SLC8A2;CXCL12;PLN;CASQ2
GO_Biological_Process_2023,Cellular Response To Leptin Stimulus (GO:0044320),3/7,0.0028900704401554,0.0399428199222425,0,0,15.727747252747251,91.95187173631004,NR4A3;LEP;LEPR
GO_Biological_Process_2023,Cellular Response To Nitric Oxide (GO:0071732),3/7,0.0028900704401554,0.0399428199222425,0,0,15.727747252747251,91.95187173631004,KCNC2;MMP3;FOXO1
GO_Biological_Process_2023,Cellular Response To Reactive Nitrogen Species (GO:1902170),3/7,0.0028900704401554,0.0399428199222425,0,0,15.727747252747251,91.95187173631004,KCNC2;MMP3;FOXO1
GO_Biological_Process_2023,Dopamine Uptake (GO:0090494),3/7,0.0028900704401554,0.0399428199222425,0,0,15.727747252747251,91.95187173631004,SLC22A3;SLC6A2;SNCA
GO_Biological_Process_2023,Folic Acid Transport (GO:0015884),3/7,0.0028900704401554,0.0399428199222425,0,0,15.727747252747251,91.95187173631004,PDPN;FOLR2;FOLR1
GO_Biological_Process_2023,Intermediate Filament Bundle Assembly (GO:0045110),3/7,0.0028900704401554,0.0399428199222425,0,0,15.727747252747251,91.95187173631004,KRT14;NEFL;PKP1
GO_Biological_Process_2023,Negative Regulation Of SMAD Protein Signal Transduction (GO:0060392),3/7,0.0028900704401554,0.0399428199222425,0,0,15.727747252747251,91.95187173631004,LRP1;CILP;PPARG
GO_Biological_Process_2023,Negative Regulation Of Appetite (GO:0032099),3/7,0.0028900704401554,0.0399428199222425,0,0,15.727747252747251,91.95187173631004,LEP;SPX;CARTPT
GO_Biological_Process_2023,Positive Regulation Of Extracellular Matrix Disassembly (GO:0090091),3/7,0.0028900704401554,0.0399428199222425,0,0,15.727747252747251,91.95187173631004,IL6;PDPN;DDR2
GO_Biological_Process_2023,Nervous System Development (GO:0007399),33/433,0.0029030770161489,0.0399428199222425,0,0,1.75190625,10.234608394898927,PTN;LDB2;ASCL1;FGF2;KLK6;BRINP2;EDNRB;RELN;ACVR1C;ADGRA2;BOC;ASIC2;EMX2;EGR2;GSN;MOG;ZBTB16;MAMDC2;SPINK5;NRG1;PROX1;S100B;SOX10;ECRG4;GFRA2;ZEB2;FEZ1;ALDH1A2;NEURL1;MAL;FAT4;SCN2A;ADGRL3
GO_Biological_Process_2023,Muscle Cell Development (GO:0055001),6/32,0.0029112842508923,0.0399428199222425,0,0,4.849715884997032,28.318271720102494,DMD;MYH11;ANK2;IGF1;ALPK2;SGCZ
GO_Biological_Process_2023,Negative Regulation Of Fat Cell Differentiation (GO:0045599),6/32,0.0029112842508923,0.0399428199222425,0,0,4.849715884997032,28.318271720102494,BMP2;IL6;GPER1;FOXO1;FERMT2;RUNX1T1
GO_Biological_Process_2023,Regulation Of Cholesterol Efflux (GO:0010874),6/32,0.0029112842508923,0.0399428199222425,0,0,4.849715884997032,28.318271720102494,LRP1;CAV1;ADIPOQ;PPARG;ABCA8;CES1
GO_Biological_Process_2023,Ethanol Metabolic Process (GO:0006067),4/14,0.0029904179831415,0.0401366100606863,0,0,8.394719471947194,48.79298146876644,ADH4;ADH1C;ADH1B;ADH1A
GO_Biological_Process_2023,Hyaluronan Metabolic Process (GO:0030212),4/14,0.0029904179831415,0.0401366100606863,0,0,8.394719471947194,48.79298146876644,HAS1;HAS3;HAS2;FGF2
GO_Biological_Process_2023,Prostanoid Biosynthetic Process (GO:0046457),4/14,0.0029904179831415,0.0401366100606863,0,0,8.394719471947194,48.79298146876644,EDN1;PTGIS;PTGS2;PTGDS
GO_Biological_Process_2023,Regulation Of Bone Remodeling (GO:0046850),4/14,0.0029904179831415,0.0401366100606863,0,0,8.394719471947194,48.79298146876644,SFRP1;LEP;LEPR;S1PR1
GO_Biological_Process_2023,Regulation Of Sensory Perception Of Pain (GO:0051930),4/14,0.0029904179831415,0.0401366100606863,0,0,8.394719471947194,48.79298146876644,TMEM100;SCN11A;CCN3;SPX
GO_Biological_Process_2023,Cellular Response To Organonitrogen Compound (GO:0071417),12/105,0.0030077696871272,0.0401947403643374,0,0,2.720131753249078,15.794598556564011,P2RY12;CRHBP;EGR1;SFRP1;WT1;PDE2A;NEURL1;AKAP6;SLIT2;FOLR1;RYR3;AQP1
GO_Biological_Process_2023,Cellular Response To Tumor Necrosis Factor (GO:0071356),13/119,0.0030714955840948,0.0406940208931367,0,0,2.5865094339622643,14.964484862098292,CCL14;CCL13;CCL24;CCL23;PID1;CCL21;CX3CL1;CRHBP;ZFP36;SFRP1;GPER1;HAS2;CCL16
GO_Biological_Process_2023,Positive Regulation Of Angiogenesis (GO:0045766),13/119,0.0030714955840948,0.0406940208931367,0,0,2.5865094339622643,14.964484862098292,ANGPT4;PTGIS;HSPB6;VEGFD;FGF1;KLF4;FGF2;AQP1;CNTN1;RLN2;EMILIN2;ANGPTL4;CD34
GO_Biological_Process_2023,Steroid Metabolic Process (GO:0008202),11/92,0.0031035919468143,0.0409435399137425,0,0,2.8614875037639265,16.525648741322744,CYP39A1;HSD11B1;CYP26B1;CYP2C8;CYP11A1;AKR1C1;HSD17B2;AKR1C3;RDH5;AKR1C2;CYP19A1
GO_Biological_Process_2023,Response To BMP (GO:0071772),5/23,0.0033189646759736,0.0435984849137474,0,0,5.833639255996085,33.29901017531166,TMEM100;BMP2;SFRP1;VSTM2A;BMP6
GO_Biological_Process_2023,Calcium Ion Transmembrane Transport (GO:0070588),10/80,0.0034053948102637,0.0442134208038067,0,0,3.0085429520645466,17.09572761079087,TRPM1;GRIN2A;GRIN2C;NALCN;TRPM6;GRIN2B;RYR3;TRPM3;SLC8A2;CACNA1G
GO_Biological_Process_2023,Cardiac Muscle Contraction (GO:0060048),6/33,0.0034230669167832,0.0442134208038067,0,0,4.669851770182531,26.511768257017906,GSN;CASQ2;DMD;SCN3B;SCN4B;SCN2B
GO_Biological_Process_2023,Positive Regulation Of Ion Transmembrane Transporter Activity (GO:0032414),6/33,0.0034230669167832,0.0442134208038067,0,0,4.669851770182531,26.511768257017906,EDN1;RELN;STAC;DMD;ANK2;ADRB2
GO_Biological_Process_2023,Regulation Of Cell Adhesion Mediated By Integrin (GO:0033628),6/33,0.0034230669167832,0.0442134208038067,0,0,4.669851770182531,26.511768257017906,DPP4;P2RY12;CCL21;PDE3B;SNAI2;NRG1
GO_Biological_Process_2023,Positive Regulation Of Protein Modification Process (GO:0031401),20/225,0.0035064234650633,0.044302335164326,0,0,2.0628738426242044,11.66175324512102,EGR1;ANGPT1;IL34;RARRES2;ADIPOQ;VEGFD;FGF1;FGF2;FGF16;BMP2;RELN;GPNMB;GPER1;LEP;CLDN19;LEPR;TMEM119;ADTRP;RAMP1;FGF10
GO_Biological_Process_2023,Cellular Response To Ketone (GO:1901655),7/44,0.0035304096049317,0.044302335164326,0,0,3.97798460712368,22.461059093727577,PTGFR;SFRP1;GNG2;AKR1C3;AKR1C2;PCK1;AQP1
GO_Biological_Process_2023,Negative Regulation Of Immune System Process (GO:0002683),7/44,0.0035304096049317,0.044302335164326,0,0,3.97798460712368,22.461059093727577,FCRLB;COL3A1;GPER1;SPINK5;ADTRP;HOXA7;RAB7B
GO_Biological_Process_2023,Neural Crest Cell Development (GO:0014032),7/44,0.0035304096049317,0.044302335164326,0,0,3.97798460712368,22.461059093727577,SEMA3D;SEMA3A;HTR2B;SEMA3G;SNAI2;NRG1;SOX10
GO_Biological_Process_2023,Positive Regulation Of Biosynthetic Process (GO:0009891),7/44,0.0035304096049317,0.044302335164326,0,0,3.97798460712368,22.461059093727577,MLXIPL;HSD17B13;CD36;SORBS1;PCK1;MMP8;TLR4
GO_Biological_Process_2023,Positive Regulation Of Osteoblast Differentiation (GO:0045669),7/44,0.0035304096049317,0.044302335164326,0,0,3.97798460712368,22.461059093727577,IL6;TMEM119;IGF1;TP63;BMP6;FERMT2;DDR2
GO_Biological_Process_2023,Regulation Of Cell-Substrate Adhesion (GO:0010810),7/44,0.0035304096049317,0.044302335164326,0,0,3.97798460712368,22.461059093727577,VIT;ECM2;CCDC80;PDPN;FBLN2;CORO2B;CX3CL1
GO_Biological_Process_2023,Muscle Contraction (GO:0006936),11/94,0.0036722627428124,0.0458958505549072,0,0,2.7922421392888626,15.655954400219873,OXTR;KCNIP2;LMOD1;CASQ2;SCN7A;SCN4A;MYH11;NMUR1;CRYAB;RYR3;MYLK
GO_Biological_Process_2023,Cellular Response To Corticosteroid Stimulus (GO:0071384),4/15,0.0039319060049055,0.0487461599885275,0,0,7.631163116311631,42.26619646580054,ZFP36;ANXA1;GPER1;FAM107A
GO_Biological_Process_2023,Vasodilation (GO:0042311),4/15,0.0039319060049055,0.0487461599885275,0,0,7.631163116311631,42.26619646580054,ADRB3;GPER1;ADRB2;AGTR2
GO_Biological_Process_2023,Potassium Ion Transmembrane Transport (GO:0071805),14/137,0.0040083812951253,0.0494954922322078,0,0,2.401005634083037,13.25203315126704,KCNG1;KCNF1;KCNC1;KCNC2;KCNB1;KCNIP2;KCNA1;KCNA2;KCNJ16;ABCC9;NALCN;KCNS2;KCNK3;KCNJ3
GO_Biological_Process_2023,Sodium Ion Transmembrane Transport (GO:0035725),10/82,0.0040785493127252,0.0501612817863855,0,0,2.924664697920512,16.091545862911047,SCN9A;SCN4A;ASIC2;SCN3B;SCN2A;SLC6A2;SCN4B;NALCN;SLC8A2;SCN2B
GO_Biological_Process_2023,Striated Muscle Contraction (GO:0006941),8/57,0.0041540515460081,0.0508871314385999,0,0,3.4345247491261697,18.833804263024085,STAC;STAC2;CASQ2;DMD;SCN3B;SCN4B;RYR3;SCN2B
GO_Biological_Process_2023,Phospholipase C-activating G Protein-Coupled Receptor Signaling Pathway (GO:0007200),10/83,0.0044523603168568,0.0530463052048469,0,0,2.884449096618577,15.617333072473754,P2RY12;GPR17;LHCGR;CXCR2;HTR2B;AGTR1;NMUR1;HTR2A;PTH1R;TACR1
GO_Biological_Process_2023,Cyclooxygenase Pathway (GO:0019371),3/8,0.0044677808076644,0.0530463052048469,0,0,12.58153846153846,68.07698669746422,PTGIS;PTGDS;PTGS2
GO_Biological_Process_2023,Integrin Activation (GO:0033622),3/8,0.0044677808076644,0.0530463052048469,0,0,12.58153846153846,68.07698669746422,CXCL12;CX3CL1;FERMT2
GO_Biological_Process_2023,Negative Regulation Of cAMP-mediated Signaling (GO:0043951),3/8,0.0044677808076644,0.0530463052048469,0,0,12.58153846153846,68.07698669746422,PDE11A;PDE2A;PDE3B
GO_Biological_Process_2023,Neuronal Action Potential (GO:0019228),3/8,0.0044677808076644,0.0530463052048469,0,0,12.58153846153846,68.07698669746422,GPER1;KCNA1;KCNA2
GO_Biological_Process_2023,Regulation Of Urine Volume (GO:0035809),3/8,0.0044677808076644,0.0530463052048469,0,0,12.58153846153846,68.07698669746422,NPR1;NPR3;HAS2
GO_Biological_Process_2023,Response To Leptin (GO:0044321),3/8,0.0044677808076644,0.0530463052048469,0,0,12.58153846153846,68.07698669746422,NR4A3;LEP;LEPR
GO_Biological_Process_2023,Response To Magnesium Ion (GO:0032026),3/8,0.0044677808076644,0.0530463052048469,0,0,12.58153846153846,68.07698669746422,KCNA1;RYR3;SNCA
GO_Biological_Process_2023,Cardiac Conduction (GO:0061337),7/46,0.0045577944720756,0.0537019524247994,0,0,3.773589177562688,20.343103938395195,CAV1;ANK2;SCN3B;SCN4B;CACNA1G;KCNJ3;SCN2B
GO_Biological_Process_2023,Negative Regulation Of Cold-Induced Thermogenesis (GO:0120163),7/46,0.0045577944720756,0.0537019524247994,0,0,3.773589177562688,20.343103938395195,ADAMTS5;LAMA4;NPR3;ADIPOQ;ALDH1A1;CIDEA;TLR4
GO_Biological_Process_2023,Endoderm Formation (GO:0001706),6/35,0.0046432207665013,0.0545004658030023,0,0,4.347336805687564,23.3554019452739,SOX17;DUSP1;MMP2;ITGA7;MMP8;SOX7
GO_Biological_Process_2023,Negative Regulation Of Cell Growth (GO:0030308),13/125,0.0046949849235635,0.0546921451284554,0,0,2.447172619047619,13.11992959939223,NPR1;FHL1;SEMA3G;NRG1;SFRP1;SOX17;FRZB;WT1;SLIT1;CCN3;AGTR2;OSTN;SLIT2
GO_Biological_Process_2023,Response To Cytokine (GO:0034097),13/125,0.0046949849235635,0.0546921451284554,0,0,2.447172619047619,13.11992959939223,CSF3;PID1;ANXA1;MME;ADIPOQ;AKAP6;SELP;CH25H;COL3A1;ALDH1A2;TIMP2;TIMP4;SNCA
GO_Biological_Process_2023,Regulation Of Transforming Growth Factor Beta Receptor Signaling Pathway (GO:0017015),12/111,0.0047446324119819,0.0550627077285277,0,0,2.554468099418155,13.668298006137505,BMP2;ZEB2;TNXB;CILP;CAV1;WFIKKN2;CIDEA;SPRY2;PPARG;SPRY1;FOLR1;ASPN
GO_Biological_Process_2023,Negative Regulation Of Cell Population Proliferation (GO:0008285),29/379,0.0047692007616105,0.055140534648284,0,0,1.7562152553329025,9.38798307396122,SOX2;ACVR1C;GPNMB;FRZB;ADAMTS1;GPER1;PDPN;CCN3;IGFBP6;SOX7;CCL23;MYOCD;AVPR2;NRG1;PROX1;PODN;PTPN14;SLURP1;SFRP4;SFRP1;BMP2;IL6;WT1;ALDH1A2;OGN;NEURL1;CLDN19;PPARG;INSM1
GO_Biological_Process_2023,Regulation Of Keratinocyte Proliferation (GO:0010837),5/25,0.0048595694591639,0.0554463296914857,0,0,5.249724669603524,27.96426189517548,TGM1;FGF7;ZFP36;SNAI2;FGF10
GO_Biological_Process_2023,Regulation Of Platelet Aggregation (GO:0090330),5/25,0.0048595694591639,0.0554463296914857,0,0,5.249724669603524,27.96426189517548,IL6;MMRN1;PDPN;EMILIN2;CTSG
GO_Biological_Process_2023,Kidney Development (GO:0001822),9/71,0.0048674944432758,0.0554463296914857,0,0,3.054970739366257,16.268256746851076,SOX17;MME;WT1;ZBTB16;AGTR1;HAS2;PROX1;PCSK5;FGF10
GO_Biological_Process_2023,Myeloid Leukocyte Differentiation (GO:0002573),9/71,0.0048674944432758,0.0554463296914857,0,0,3.054970739366257,16.268256746851076,IL1RL1;IL33;CSF3;BMP2;PDE1B;KIT;PPARG;PRTN3;TGFBR2
GO_Biological_Process_2023,Positive Regulation Of Response To External Stimulus (GO:0032103),15/155,0.004939762890532,0.0559337714751477,0,0,2.260618835507477,12.00487604733479,P2RY12;IL33;TSLP;CCL21;RARRES2;PDE2A;NRG1;PTN;BMP6;CX3CL1;AGTR1;S100A12;EMILIN2;TLR4;SNCA
GO_Biological_Process_2023,Membrane Depolarization During Cardiac Muscle Cell Action Potential (GO:0086012),4/16,0.005055238821369,0.0559337714751477,0,0,6.994866153281995,36.98416693858889,SCN3B;SCN4B;CACNA1G;SCN2B
GO_Biological_Process_2023,Positive Regulation Of Cardiac Muscle Tissue Growth (GO:0055023),4/16,0.005055238821369,0.0559337714751477,0,0,6.994866153281995,36.98416693858889,EDN1;IGF1;ZFPM2;FGF2
GO_Biological_Process_2023,Positive Regulation Of Cell Migration Involved In Sprouting Angiogenesis (GO:0090050),4/16,0.005055238821369,0.0559337714751477,0,0,6.994866153281995,36.98416693858889,ANXA1;RHOJ;PTGS2;FGF2
GO_Biological_Process_2023,Prostanoid Metabolic Process (GO:0006692),4/16,0.005055238821369,0.0559337714751477,0,0,6.994866153281995,36.98416693858889,AKR1C1;AKR1C3;AKR1C2;CES1
GO_Biological_Process_2023,Regulation Of Osteoblast Proliferation (GO:0033688),4/16,0.005055238821369,0.0559337714751477,0,0,6.994866153281995,36.98416693858889,BMP2;SFRP1;NPR3;TMEM119
GO_Biological_Process_2023,Regulation Of Protein Kinase A Signaling (GO:0010738),4/16,0.005055238821369,0.0559337714751477,0,0,6.994866153281995,36.98416693858889,AKAP12;ADIPOQ;AKAP6;ADRB2
GO_Biological_Process_2023,Retinal Metabolic Process (GO:0042574),4/16,0.005055238821369,0.0559337714751477,0,0,6.994866153281995,36.98416693858889,ALDH1A3;AKR1C1;AKR1C3;RPE65
GO_Biological_Process_2023,Regulation Of miRNA Transcription (GO:1902893),8/59,0.0051473029279629,0.0565651020234153,0,0,3.2994908460621817,17.385949059938042,EGR1;NGFR;WT1;ATOH8;PPARG;FOS;KLF4;FGF2
GO_Biological_Process_2023,Positive Regulation Of Smooth Muscle Cell Proliferation (GO:0048661),7/47,0.0051489451469322,0.0565651020234153,0,0,3.679056291390729,19.384812986805425,EDN1;IL6;NR4A3;MMP2;IGF1;FGF2;CX3CL1
GO_Biological_Process_2023,Negative Regulation Of Cell Adhesion (GO:0007162),9/72,0.0053432198605156,0.0584767807122174,0,0,3.0063211125158027,15.728852110983262,ANGPT1;DUSP1;PDE3B;DACT2;SNAI2;NRG1;CORO2B;CX3CL1;PLXNA4
GO_Biological_Process_2023,Neural Crest Cell Migration (GO:0001755),6/36,0.0053608451381786,0.0584767807122174,0,0,4.202205071664829,21.971790805329267,SEMA3D;SEMA3A;HTR2B;SEMA3G;SOX10;FOLR1
GO_Biological_Process_2023,Cellular Response To Insulin Stimulus (GO:0032869),11/99,0.0054624397367918,0.0593751812235088,0,0,2.63289911308204,13.717035117130308,TRARG1;CAV2;RARRES2;PDE3B;PDK4;PPARG;SLC2A4;OTOP1;SORBS1;PCK1;FOXO1
GO_Biological_Process_2023,Negative Regulation Of Peptidase Activity (GO:0010466),8/60,0.0057072980446459,0.0618190493467441,0,0,3.2358691032724183,16.716530736626073,LRP1;SERPINF1;SPINK5;TIMP2;FETUB;SERPING1;NRG1;TIMP4
GO_Biological_Process_2023,Positive Regulation Of Phosphatidylinositol 3-Kinase Activity (GO:0043552),5/26,0.0057942572270792,0.0621071946527558,0,0,4.99947556114957,25.751738600214857,P2RY12;PDGFRA;CCL21;KIT;FGF2
GO_Biological_Process_2023,Regulation Of Potassium Ion Transmembrane Transporter Activity (GO:1901016),5/26,0.0057942572270792,0.0621071946527558,0,0,4.99947556114957,25.751738600214857,KCNG1;KCNS2;FHL1;CASQ2;ANK2
GO_Biological_Process_2023,Regulation Of Reactive Oxygen Species Biosynthetic Process (GO:1903426),5/26,0.0057942572270792,0.0621071946527558,0,0,4.99947556114957,25.751738600214857,ABCD2;CD36;MMP8;TLR4;SNCA
GO_Biological_Process_2023,Negative Regulation Of Endothelial Cell Proliferation (GO:0001937),6/37,0.0061563543424452,0.0646935803184143,0,0,4.06643667532098,20.699262665424342,NGFR;CAV2;CAV1;TNMD;ATOH8;PPARG
GO_Biological_Process_2023,Regulation Of Ossification (GO:0030278),6/37,0.0061563543424452,0.0646935803184143,0,0,4.06643667532098,20.699262665424342,BMP2;SFRP1;ZBTB16;S1PR1;PTN;DDR2
GO_Biological_Process_2023,Ventricular Septum Development (GO:0003281),6/37,0.0061563543424452,0.0646935803184143,0,0,4.06643667532098,20.699262665424342,PDE2A;SLIT1;SLIT2;PROX1;ZFPM2;TGFBR2
GO_Biological_Process_2023,Regulation Of Pathway-Restricted SMAD Protein Phosphorylation (GO:0060393),8/61,0.0063124821758967,0.0646935803184143,0,0,3.174648180965287,16.080311484885453,GDF10;BMP2;TNXB;LRP1;PPARG;LEFTY2;BMP6;TGFBR2
GO_Biological_Process_2023,Aorta Morphogenesis (GO:0035909),4/17,0.006374915722088,0.0646935803184143,0,0,6.456461030718456,32.63989242613253,LRP1;PROX1;MYLK;TGFBR2
GO_Biological_Process_2023,Cell Migration Involved In Sprouting Angiogenesis (GO:0002042),4/17,0.006374915722088,0.0646935803184143,0,0,6.456461030718456,32.63989242613253,NR4A1;EGR3;SLIT2;FGF2
GO_Biological_Process_2023,Cellular Response To Glucocorticoid Stimulus (GO:0071385),4/17,0.006374915722088,0.0646935803184143,0,0,6.456461030718456,32.63989242613253,ZFP36;FAM107A;PCK1;AQP1
GO_Biological_Process_2023,Negative Regulation Of Insulin Secretion (GO:0046676),4/17,0.006374915722088,0.0646935803184143,0,0,6.456461030718456,32.63989242613253,SFRP1;KCNB1;CCN3;FOXO1
GO_Biological_Process_2023,Positive Chemotaxis (GO:0050918),4/17,0.006374915722088,0.0646935803184143,0,0,6.456461030718456,32.63989242613253,FGF7;GPNMB;CX3CL1;FGF10
GO_Biological_Process_2023,Positive Regulation Of Cardiac Muscle Hypertrophy (GO:0010613),4/17,0.006374915722088,0.0646935803184143,0,0,6.456461030718456,32.63989242613253,EDN1;NR4A3;AKAP6;IGF1
GO_Biological_Process_2023,Positive Regulation Of Glial Cell Differentiation (GO:0045687),4/17,0.006374915722088,0.0646935803184143,0,0,6.456461030718456,32.63989242613253,EGR2;BMP2;IL34;PTN
GO_Biological_Process_2023,Prostaglandin Biosynthetic Process (GO:0001516),4/17,0.006374915722088,0.0646935803184143,0,0,6.456461030718456,32.63989242613253,EDN1;PTGIS;PTGS2;PTGDS
GO_Biological_Process_2023,Regulation Of Leukocyte Chemotaxis (GO:0002688),4/17,0.006374915722088,0.0646935803184143,0,0,6.456461030718456,32.63989242613253,IL6;EDN3;PTN;SLIT2
GO_Biological_Process_2023,G Protein-Coupled Serotonin Receptor Signaling Pathway (GO:0098664),3/9,0.0064756450658859,0.0646935803184143,0,0,10.484065934065931,52.83662102451864,HTR1E;HTR2B;HTR2A
GO_Biological_Process_2023,Lipid Import Into Cell (GO:0140354),3/9,0.0064756450658859,0.0646935803184143,0,0,10.484065934065931,52.83662102451864,SPX;CD36;SLC27A2
GO_Biological_Process_2023,Long-Chain Fatty Acid Import Into Cell (GO:0044539),3/9,0.0064756450658859,0.0646935803184143,0,0,10.484065934065931,52.83662102451864,SPX;CD36;SLC27A2
GO_Biological_Process_2023,Motor Neuron Axon Guidance (GO:0008045),3/9,0.0064756450658859,0.0646935803184143,0,0,10.484065934065931,52.83662102451864,SEMA3A;SLIT1;SLIT2
GO_Biological_Process_2023,Negative Regulation Of Bone Resorption (GO:0045779),3/9,0.0064756450658859,0.0646935803184143,0,0,10.484065934065931,52.83662102451864,IL6;TMEM119;CARTPT
GO_Biological_Process_2023,Negative Regulation Of Cell Adhesion Mediated By Integrin (GO:0033629),3/9,0.0064756450658859,0.0646935803184143,0,0,10.484065934065931,52.83662102451864,PDE3B;SNAI2;NRG1
GO_Biological_Process_2023,Negative Regulation Of Vascular Endothelial Growth Factor Signaling Pathway (GO:1900747),3/9,0.0064756450658859,0.0646935803184143,0,0,10.484065934065931,52.83662102451864,SPRY2;NRG1;DCN
GO_Biological_Process_2023,Positive Regulation Of Smooth Muscle Contraction (GO:0045987),3/9,0.0064756450658859,0.0646935803184143,0,0,10.484065934065931,52.83662102451864,MYOCD;GPER1;SPX
GO_Biological_Process_2023,Positive Regulation Of Pathway-Restricted SMAD Protein Phosphorylation (GO:0010862),7/49,0.0065015684423693,0.0647430380051426,0,0,3.503495217071376,17.642592319231294,GDF10;BMP2;TNXB;PPARG;LEFTY2;BMP6;TGFBR2
GO_Biological_Process_2023,Regulation Of Canonical Wnt Signaling Pathway (GO:0060828),18/207,0.0067956696937417,0.0673307477898202,0,0,2.0109603617983507,10.03764767237841,CCL14;AMER3;CAV1;BICC1;SOX2;SFRP4;SCEL;SFRP1;ZEB2;BMP2;SOX17;FRZB;SNAI2;IGFBP6;SOX7;FOLR1;FGF10;RBMS3
GO_Biological_Process_2023,Positive Regulation Of Calcium Ion Transmembrane Transporter Activity (GO:1901021),5/27,0.0068486734065447,0.0673307477898202,0,0,4.771976371645975,23.782100116678237,JPH2;STAC;STAC2;AKAP6;ANK2
GO_Biological_Process_2023,Regulation Of SMAD Protein Signal Transduction (GO:0060390),5/27,0.0068486734065447,0.0673307477898202,0,0,4.771976371645975,23.782100116678237,LRP1;CILP;CCN3;PPARG;BMP6
GO_Biological_Process_2023,Ventricular Septum Morphogenesis (GO:0060412),5/27,0.0068486734065447,0.0673307477898202,0,0,4.771976371645975,23.782100116678237,SLIT1;SLIT2;PROX1;ZFPM2;TGFBR2
GO_Biological_Process_2023,Defense Response To Gram-negative Bacterium (GO:0050829),9/75,0.0069881950070482,0.0682675885656897,0,0,2.8692176186645213,14.241456280226414,SELP;IL6;RARRES2;RNASE7;DEFB1;CTSG;DEFB132;TLR4;AQP1
GO_Biological_Process_2023,Positive Regulation Of Neurogenesis (GO:0050769),9/75,0.0069881950070482,0.0682675885656897,0,0,2.8692176186645213,14.241456280226414,CHODL;MME;DCT;GPER1;SERPINF1;NEURL1;SLIT2;CX3CL1;PLXNA4
GO_Biological_Process_2023,Fatty Acid Transport (GO:0015908),6/38,0.0070343717468707,0.0685019103551734,0,0,3.939153803748622,19.52617622166225,FABP4;FABP5;ACSL1;SLC27A6;PPARG;CD36
GO_Biological_Process_2023,"G Protein-Coupled Receptor Signaling Pathway, Coupled To Cyclic Nucleotide Second Messenger (GO:0007187)",7/50,0.0072692558453912,0.0705666440085617,0,0,3.421838903434468,16.849481571820764,LHCGR;ANXA1;HTR1E;HTR2B;HTR2A;PTH1R;AGTR2
GO_Biological_Process_2023,Positive Regulation Of Inflammatory Response (GO:0050729),11/104,0.0078790705542598,0.0748501653526795,0,0,2.490689745607133,12.06376869088542,IL33;IL6;TSLP;PDE2A;AGTR1;S100A12;C2CD4B;MMP8;TLR4;CX3CL1;SNCA
GO_Biological_Process_2023,Cellular Response To Inorganic Substance (GO:0071241),4/18,0.0079044878215009,0.0748501653526795,0,0,5.994970925663995,29.01760526056801,KCNC2;MMP3;FOXO1;AQP1
GO_Biological_Process_2023,Energy Reserve Metabolic Process (GO:0006112),4/18,0.0079044878215009,0.0748501653526795,0,0,5.994970925663995,29.01760526056801,PID1;ADRB3;LEP;LEPR
GO_Biological_Process_2023,Positive Regulation Of Cation Transmembrane Transport (GO:1904064),4/18,0.0079044878215009,0.0748501653526795,0,0,5.994970925663995,29.01760526056801,EDN1;STAC;AKAP6;ANK2
GO_Biological_Process_2023,Positive Regulation Of Extracellular Matrix Organization (GO:1903055),4/18,0.0079044878215009,0.0748501653526795,0,0,5.994970925663995,29.01760526056801,IL6;TNXB;PDPN;DDR2
GO_Biological_Process_2023,Positive Regulation Of Macrophage Migration (GO:1905523),4/18,0.0079044878215009,0.0748501653526795,0,0,5.994970925663995,29.01760526056801,P2RY12;IL34;RARRES2;CX3CL1
GO_Biological_Process_2023,Regulation Of cAMP-mediated Signaling (GO:0043949),4/18,0.0079044878215009,0.0748501653526795,0,0,5.994970925663995,29.01760526056801,PDE11A;PDE2A;PDE3B;SCTR
GO_Biological_Process_2023,Response To Organophosphorus (GO:0046683),4/18,0.0079044878215009,0.0748501653526795,0,0,5.994970925663995,29.01760526056801,NT5E;VGF;AKR1C1;DUOX2
GO_Biological_Process_2023,Receptor Internalization (GO:0031623),7/51,0.00810201075241,0.0762527658313712,0,0,3.343894240417419,16.103000915255073,CCL14;LRP1;CAV1;CXCR2;CD36;RAMP1;SNCA
GO_Biological_Process_2023,Regulation Of Release Of Sequestered Calcium Ion Into Cytosol (GO:0051279),7/51,0.00810201075241,0.0762527658313712,0,0,3.343894240417419,16.103000915255073,JPH2;GPER1;CASQ2;ANK2;DMD;CX3CL1;SNCA
GO_Biological_Process_2023,Negative Regulation Of MAPK Cascade (GO:0043409),11/105,0.008449117365495,0.0792778884719855,0,0,2.4640633108458743,11.762682510014487,RGS2;BMP2;DUSP1;CAV1;GPER1;ADIPOQ;SPRY2;PPARG;SPRY1;TLR4;FOXO1
GO_Biological_Process_2023,Cellular Response To UV-A (GO:0071492),3/10,0.0089396749526064,0.0817443284991515,0,0,8.985871271585557,42.38865561345812,MME;MMP2;MMP3
GO_Biological_Process_2023,Mesonephros Development (GO:0001823),3/10,0.0089396749526064,0.0817443284991515,0,0,8.985871271585557,42.38865561345812,ZBTB16;FGF1;FGF10
GO_Biological_Process_2023,Positive Regulation Of Defense Response To Bacterium (GO:1900426),3/10,0.0089396749526064,0.0817443284991515,0,0,8.985871271585557,42.38865561345812,KLK5;EMILIN2;KLK7
GO_Biological_Process_2023,Positive Regulation Of Nitric-Oxide Synthase Biosynthetic Process (GO:0051770),3/10,0.0089396749526064,0.0817443284991515,0,0,8.985871271585557,42.38865561345812,FCER2;IL33;TLR4
GO_Biological_Process_2023,Receptor-Mediated Endocytosis Of Virus By Host Cell (GO:0019065),3/10,0.0089396749526064,0.0817443284991515,0,0,8.985871271585557,42.38865561345812,DPP4;CAV2;CAV1
GO_Biological_Process_2023,Regulation Of Phospholipase Activity (GO:0010517),3/10,0.0089396749526064,0.0817443284991515,0,0,8.985871271585557,42.38865561345812,RGS2;LRP1;SNCA
GO_Biological_Process_2023,Response To Prostaglandin E (GO:0034695),3/10,0.0089396749526064,0.0817443284991515,0,0,8.985871271585557,42.38865561345812,SFRP1;GNG2;CCL21
GO_Biological_Process_2023,Thyroid Hormone Generation (GO:0006590),3/10,0.0089396749526064,0.0817443284991515,0,0,8.985871271585557,42.38865561345812,CTSK;DIO2;DUOX2
GO_Biological_Process_2023,Arachidonic Acid Metabolic Process (GO:0019369),7/52,0.0090029370739721,0.0817443284991515,0,0,3.2694137846455726,15.3996072374437,CYP2A7;CYP2C8;PTGIS;CYP2A13;AKR1C3;PTGDS;PTGS2
GO_Biological_Process_2023,Cartilage Development (GO:0051216),7/52,0.0090029370739721,0.0817443284991515,0,0,3.2694137846455726,15.3996072374437,BMP2;SNORC;EPYC;ZBTB16;OGN;CCN3;FGF2
GO_Biological_Process_2023,Aortic Valve Development (GO:0003176),6/40,0.0090562229824132,0.0817443284991515,0,0,3.707049743822557,17.439085732236958,BMP2;ELN;SLIT1;SNAI2;SLIT2;TGFBR2
GO_Biological_Process_2023,Cyclic-Nucleotide-Mediated Signaling (GO:0019935),6/40,0.0090562229824132,0.0817443284991515,0,0,3.707049743822557,17.439085732236958,PDE2A;HTR2B;AKAP6;DEFB1;CD36;AQP1
GO_Biological_Process_2023,Regulation Of Cytosolic Calcium Ion Concentration (GO:0051480),6/40,0.0090562229824132,0.0817443284991515,0,0,3.707049743822557,17.439085732236958,CALB2;PLN;CAV2;GPER1;CAV1;SLC8A2
GO_Biological_Process_2023,Antimicrobial Humoral Immune Response Mediated By Antimicrobial Peptide (GO:0061844),8/65,0.0092299247514151,0.0830693227627361,0,0,2.951245517107686,13.827483556938445,CCL13;TSLP;RNASE7;S100A12;DEFB1;NRG1;CXCL3;CXCL2
GO_Biological_Process_2023,Defense Response To Fungus (GO:0050832),5/29,0.0093459691893424,0.0831441120677234,0,0,4.373852790014684,20.43818363033293,RARRES2;RNASE7;S100A12;IL36RN;NRG1
GO_Biological_Process_2023,Maintenance Of Blood-Brain Barrier (GO:0035633),5/29,0.0093459691893424,0.0831441120677234,0,0,4.373852790014684,20.43818363033293,CLDN5;IL6;LAMA2;DMD;JAM2
GO_Biological_Process_2023,Regulation Of Monoatomic Ion Transmembrane Transport (GO:0034765),5/29,0.0093459691893424,0.0831441120677234,0,0,4.373852790014684,20.43818363033293,GRIN2A;KCNJ16;GRIN2C;GRIN2B;KCNJ3
GO_Biological_Process_2023,Regulation Of Neuron Migration (GO:2001222),5/29,0.0093459691893424,0.0831441120677234,0,0,4.373852790014684,20.43818363033293,IGSF10;COL3A1;RELN;SEMA3A;CX3CL1
GO_Biological_Process_2023,NADP Metabolic Process (GO:0006739),4/19,0.0096564776215788,0.0846862114142444,0,0,5.595012834616795,25.96156638570378,KRT17;FMO1;FMO2;ALDH1L2
GO_Biological_Process_2023,Calcium-Independent Cell-Cell Adhesion Via Plasma Membrane Cell-Adhesion Molecules (GO:0016338),4/19,0.0096564776215788,0.0846862114142444,0,0,5.595012834616795,25.96156638570378,CLDN11;CLDN5;CLDN8;CLDN19
GO_Biological_Process_2023,Cardiac Epithelial To Mesenchymal Transition (GO:0060317),4/19,0.0096564776215788,0.0846862114142444,0,0,5.595012834616795,25.96156638570378,BMP2;HAS2;SNAI2;SPRY1
GO_Biological_Process_2023,Positive Regulation Of Hormone Secretion (GO:0046887),4/19,0.0096564776215788,0.0846862114142444,0,0,5.595012834616795,25.96156638570378,HCAR2;EDN1;EDN3;PPARG
GO_Biological_Process_2023,Regulation Of Vascular Endothelial Growth Factor Signaling Pathway (GO:1900746),4/19,0.0096564776215788,0.0846862114142444,0,0,5.595012834616795,25.96156638570378,TNXB;SPRY2;NRG1;DCN
GO_Biological_Process_2023,Response To Insulin (GO:0032868),9/79,0.0097528043106637,0.085288688121867,0,0,2.704693426042984,12.523272620252705,TRARG1;LEP;PDE3B;PPARG;SLC2A4;OTOP1;SORBS1;PCK1;FOXO1
GO_Biological_Process_2023,Anterograde Trans-Synaptic Signaling (GO:0098916),17/199,0.0099033497595341,0.0863605669708527,0,0,1.970816571821036,9.095086355238909,GRIA2;SNAP25;HTR1E;KCNIP2;KCNA1;HTR2B;HTR2A;GRIN2B;SLC6A2;SYN2;GRIN2A;KCNMB1;ASIC2;RAPSN;KCNK3;SCN2B;SNCA
GO_Biological_Process_2023,Blood Vessel Morphogenesis (GO:0048514),7/53,0.0099751203729704,0.0867413988489011,0,0,3.198171609559459,14.736091392422,SOX17;LOX;WT1;CAV1;HAS2;PROX1;TGFBR2
GO_Biological_Process_2023,Cellular Response To BMP Stimulus (GO:0071773),8/66,0.0100947323909339,0.0870459186894217,0,0,2.900209563726424,13.328613556975627,TMEM100;GDF10;SFRP1;BMP2;PPARG;VSTM2A;LEFTY2;BMP6
GO_Biological_Process_2023,Cellular Response To Type II Interferon (GO:0071346),8/66,0.0100947323909339,0.0870459186894217,0,0,2.900209563726424,13.328613556975627,CCL14;CCL13;CCL24;CCL23;CCL21;TLR4;CX3CL1;CCL16
GO_Biological_Process_2023,Negative Regulation Of Endopeptidase Activity (GO:0010951),8/66,0.0100947323909339,0.0870459186894217,0,0,2.900209563726424,13.328613556975627,CR1;SERPINF1;TIMP2;FETUB;SERPING1;NRG1;RECK;TIMP4
GO_Biological_Process_2023,Positive Regulation Of Ossification (GO:0045778),6/41,0.0102090459813249,0.087542569289861,0,0,3.6009450307134983,16.50846440233962,KL;BMP2;ZBTB16;TMEM119;PTN;BMP6
GO_Biological_Process_2023,Regulation Of Chemokine Production (GO:0032642),6/41,0.0102090459813249,0.087542569289861,0,0,3.6009450307134983,16.50846440233962,EGR1;IL33;IL6;TSLP;SNAI2;TLR4
GO_Biological_Process_2023,Response To Type II Interferon (GO:0034341),9/80,0.010557406893473,0.0901068797269341,0,0,2.666458930574598,12.1348615152574,CCL14;CCL13;CCL24;CCL23;CCL21;TLR4;CX3CL1;CCL16;SNCA
GO_Biological_Process_2023,Regulation Of Cell Motility (GO:2000145),12/123,0.0105664692132005,0.0901068797269341,0,0,2.276869544350121,10.359914836324704,FGF7;TNXB;CAVIN1;CCL21;ENPP2;NEXN;KRT5;LDB2;FGF1;FGF2;PLXNA4;DUOX2
GO_Biological_Process_2023,Brain Development (GO:0007420),15/169,0.0107017261638804,0.0906208407818041,0,0,2.053589506262112,9.317854811989214,CCL14;EGR2;EMX2;SCTR;PROX1;GRIN2C;PCDH18;GRIN2B;TGFBR2;GRIN2A;RELN;NNAT;CNTN1;AGTR2;ADGRL3
GO_Biological_Process_2023,Positive Regulation Of Lipid Kinase Activity (GO:0090218),5/30,0.0108028731479442,0.0906208407818041,0,0,4.198678414096916,19.01137715582945,P2RY12;PDGFRA;CCL21;KIT;FGF2
GO_Biological_Process_2023,Positive Regulation Of Locomotion (GO:0040017),5/30,0.0108028731479442,0.0906208407818041,0,0,4.198678414096916,19.01137715582945,P2RY12;CAVIN1;CCL21;RARRES2;DUOX2
GO_Biological_Process_2023,Regulation Of Macrophage Derived Foam Cell Differentiation (GO:0010743),5/30,0.0108028731479442,0.0906208407818041,0,0,4.198678414096916,19.01137715582945,ADIPOQ;AGTR1;PPARG;CD36;APOB
GO_Biological_Process_2023,Regulation Of Potassium Ion Transport (GO:0043266),5/30,0.0108028731479442,0.0906208407818041,0,0,4.198678414096916,19.01137715582945,DPP6;KCNIP2;FHL1;CASQ2;ANK2
GO_Biological_Process_2023,Regulation Of Vasculature Development (GO:1901342),5/30,0.0108028731479442,0.0906208407818041,0,0,4.198678414096916,19.01137715582945,IL6;SFRP1;GPNMB;LEP;FGF2
GO_Biological_Process_2023,Positive Regulation Of Leukocyte Chemotaxis (GO:0002690),7/54,0.0110216185879078,0.0922052481866433,0,0,3.1299610163919027,14.10954065127262,IL6;CXCL12;EDN3;IL34;RARRES2;VEGFD;PTN
GO_Biological_Process_2023,Regulation Of Wnt Signaling Pathway (GO:0030111),11/109,0.0110547607758266,0.0922325581485861,0,0,2.362991538078646,10.645026648547107,SFRP4;SFRP1;BMP2;AMER3;LRP1;FRZB;RSPO3;SOSTDC1;APCDD1;SOX7;FOLR1
GO_Biological_Process_2023,Negative Regulation Of Growth (GO:0045926),12/124,0.0112287986050153,0.0933130462740483,0,0,2.256421436499128,10.129692952505271,SFRP1;SOX17;NPR1;FRZB;WT1;FHL1;SLIT1;MT1X;CCN3;NRG1;AGTR2;SLIT2
GO_Biological_Process_2023,Regulation Of Gene Expression (GO:0010468),68/1127,0.0113120079604013,0.0933130462740483,0,0,1.3699470863994725,6.1399527856160585,PRDM8;PID1;BNC2;TCF23;RORB;FGF1;FGF2;ACTG2;SLC8A2;SOX2;FGF7;SOX17;GPER1;CD36;CD34;SOX7;HOXA5;EDN3;AVPR2;NRG1;ANK2;PROX1;MMP8;MYT1;ACTA2;CLDN5;SFRP4;SFRP1;CLDN19;PKP1;PPARG;ALPK2;ADTRP;VSTM2A;VGLL1;TLR4;RBMS3;LRP1;ASCL1;NKAPL;ATOH8;BTNL9;EGR1;IL33;GSN;MOG;ANGPT1;PDE2A;IGF1;KLF4;BMP6;MLXIPL;FGF16;BMP2;IL6;KRT17;CILP;WT1;PIP;CNTN1;RLN2;TMEM119;SNAI2;SPRY2;CCDC3;INSM1;FGF10;BRDT
GO_Biological_Process_2023,Positive Regulation Of Epithelial Cell Migration (GO:0010634),10/95,0.0113715630687352,0.0933130462740483,0,0,2.475669337502443,11.08267916402839,ANGPT4;FGF7;EDN1;ANGPT1;ATOH8;ENPP2;PROX1;FGF1;FGF2;FGF10
GO_Biological_Process_2023,Positive Regulation Of Calcium Ion Transmembrane Transport (GO:1904427),6/42,0.0114623197858383,0.0933130462740483,0,0,3.5007350238882764,15.64370016657548,GPER1;CAV1;AKAP6;ANK2;CX3CL1;SNCA
GO_Biological_Process_2023,Activation Of Adenylate Cyclase Activity (GO:0007190),4/20,0.0116423187163198,0.0933130462740483,0,0,5.245049504950496,23.35677534159426,LHCGR;ADRB3;AVPR2;ADRB2
GO_Biological_Process_2023,Long-Term Synaptic Potentiation (GO:0060291),4/20,0.0116423187163198,0.0933130462740483,0,0,5.245049504950496,23.35677534159426,GRIN2A;GRIN2C;GRIN2B;SLC8A2
GO_Biological_Process_2023,Positive Regulation Of Epithelial Cell Differentiation (GO:0030858),4/20,0.0116423187163198,0.0933130462740483,0,0,5.245049504950496,23.35677534159426,TMEM100;SFRP4;ATOH8;FGF2
GO_Biological_Process_2023,Positive Regulation Of Phospholipase Activity (GO:0010518),4/20,0.0116423187163198,0.0933130462740483,0,0,5.245049504950496,23.35677534159426,PDGFRA;KIT;AGTR1;FGF2
GO_Biological_Process_2023,Positive Regulation Of Vascular Associated Smooth Muscle Cell Proliferation (GO:1904707),4/20,0.0116423187163198,0.0933130462740483,0,0,5.245049504950496,23.35677534159426,NR4A3;MMP2;IGF1;FGF2
GO_Biological_Process_2023,Response To Fibroblast Growth Factor (GO:0071774),4/20,0.0116423187163198,0.0933130462740483,0,0,5.245049504950496,23.35677534159426,NR4A1;SFRP1;ZFP36;EGR3
GO_Biological_Process_2023,Response To Ketone (GO:1901654),4/20,0.0116423187163198,0.0933130462740483,0,0,5.245049504950496,23.35677534159426,CCL21;CAV1;SLIT1;SLIT2
GO_Biological_Process_2023,Sensory Perception Of Pain (GO:0019233),4/20,0.0116423187163198,0.0933130462740483,0,0,5.245049504950496,23.35677534159426,MME;MRGPRX2;KCNA2;SCN9A
GO_Biological_Process_2023,Response To Lipid (GO:0033993),11/110,0.0117930902239021,0.0933130462740483,0,0,2.3389997536339,10.385723758837416,SELP;ANXA1;GPX3;ALDH1A2;HSD17B2;PPARG;CD36;ASCL1;TLR4;FOXO1;SNCA
GO_Biological_Process_2023,Heart Development (GO:0007507),15/171,0.011839313118339,0.0933130462740483,0,0,2.0270472845639884,8.992650000591075,MYOCD;HTR2B;PCSK5;SGCZ;TGFBR2;BMP2;PDLIM3;COL3A1;SGCD;SOX17;FLRT2;WT1;ALPK2;ZFPM2;FBN1
GO_Biological_Process_2023,Epithelial Cell-Cell Adhesion (GO:0090136),3/11,0.0118795034615163,0.0933130462740483,0,0,7.862225274725275,34.85277890106219,KIT;CCN3;THBS4
GO_Biological_Process_2023,Lipoprotein Transport (GO:0042953),3/11,0.0118795034615163,0.0933130462740483,0,0,7.862225274725275,34.85277890106219,LRP1;PPARG;CD36
GO_Biological_Process_2023,Negative Regulation Of Cellular Response To Vascular Endothelial Growth Factor Stimulus (GO:1902548),3/11,0.0118795034615163,0.0933130462740483,0,0,7.862225274725275,34.85277890106219,SPRY2;NRG1;DCN
GO_Biological_Process_2023,Negative Regulation Of Leukocyte Chemotaxis (GO:0002689),3/11,0.0118795034615163,0.0933130462740483,0,0,7.862225274725275,34.85277890106219,DUSP1;CCN3;SLIT2
GO_Biological_Process_2023,Neurotransmitter Uptake (GO:0001504),3/11,0.0118795034615163,0.0933130462740483,0,0,7.862225274725275,34.85277890106219,SLC22A3;SNAP25;SLC1A7
GO_Biological_Process_2023,Positive Regulation Of Keratinocyte Proliferation (GO:0010838),3/11,0.0118795034615163,0.0933130462740483,0,0,7.862225274725275,34.85277890106219,TGM1;FGF7;FGF10
GO_Biological_Process_2023,Regulation Of Phospholipase C Activity (GO:1900274),3/11,0.0118795034615163,0.0933130462740483,0,0,7.862225274725275,34.85277890106219,PDGFRA;KIT;FGF2
GO_Biological_Process_2023,Response To Nitric Oxide (GO:0071731),3/11,0.0118795034615163,0.0933130462740483,0,0,7.862225274725275,34.85277890106219,KCNC2;MMP3;FOXO1
GO_Biological_Process_2023,Smooth Muscle Cell Differentiation (GO:0051145),3/11,0.0118795034615163,0.0933130462740483,0,0,7.862225274725275,34.85277890106219,MYOCD;EDNRB;TBX18
GO_Biological_Process_2023,Cellular Response To Transforming Growth Factor Beta Stimulus (GO:0071560),10/96,0.0121913625666419,0.0952778132739837,0,0,2.4467537150068246,10.782911065148294,GDF10;CLDN5;SFRP1;CLEC3B;COL3A1;WFIKKN2;PDE2A;FOS;FERMT2;TGFBR2
GO_Biological_Process_2023,Positive Regulation Of Supramolecular Fiber Organization (GO:1902905),10/96,0.0121913625666419,0.0952778132739837,0,0,2.4467537150068246,10.782911065148294,CCL24;CSF3;EDN1;TNXB;GSN;CCL21;LMOD1;ANKRD53;PROX1;CX3CL1
GO_Biological_Process_2023,Cellular Response To cAMP (GO:0071320),5/31,0.0124074829420991,0.0952783578165676,0,0,4.036978990172822,17.72013973397145,CRHBP;WT1;PDE2A;AKAP6;AQP1
GO_Biological_Process_2023,Modulation Of Excitatory Postsynaptic Potential (GO:0098815),5/31,0.0124074829420991,0.0952783578165676,0,0,4.036978990172822,17.72013973397145,GRIN2A;RELN;GRIN2C;GRIN2B;SLC8A2
GO_Biological_Process_2023,Negative Chemotaxis (GO:0050919),5/31,0.0124074829420991,0.0952783578165676,0,0,4.036978990172822,17.72013973397145,SEMA3D;SEMA3A;SEMA3G;SLIT1;SLIT2
GO_Biological_Process_2023,Negative Regulation Of Chemotaxis (GO:0050922),5/31,0.0124074829420991,0.0952783578165676,0,0,4.036978990172822,17.72013973397145,SEMA3D;SEMA3A;SEMA3G;NRG1;SLIT2
GO_Biological_Process_2023,Regulation Of Long-Term Synaptic Potentiation (GO:1900271),5/31,0.0124074829420991,0.0952783578165676,0,0,4.036978990172822,17.72013973397145,CALB2;RELN;FAM107A;PTN;NSG1
GO_Biological_Process_2023,Regulation Of Macrophage Activation (GO:0043030),5/31,0.0124074829420991,0.0952783578165676,0,0,4.036978990172822,17.72013973397145,IL33;IL6;LRFN5;MMP8;TLR4
GO_Biological_Process_2023,Triglyceride Homeostasis (GO:0070328),5/31,0.0124074829420991,0.0952783578165676,0,0,4.036978990172822,17.72013973397145,MLXIPL;DGAT2;ANGPTL8;ANGPTL4;GPIHBP1
GO_Biological_Process_2023,Positive Regulation Of Apoptotic Process (GO:0043065),21/270,0.0124973732198682,0.0957304990812238,0,0,1.78110648873521,7.805230398171334,CSRNP3;PTGIS;ADIPOQ;NRG1;SLC6A2;FOXO1;SFRP4;SFRP1;BMP2;IL6;ACVR1C;ADAMTSL4;FRZB;CTSK;GPER1;NEURL1;EMILIN2;SLIT2;HOXA5;TP63;SNCA
GO_Biological_Process_2023,Negative Regulation Of Inflammatory Response (GO:0050728),11/111,0.0125684217050236,0.0960364302064556,0,0,2.3154878048780487,10.133889425367498,IL33;LRFN5;FNDC4;PTGIS;GPER1;ADIPOQ;SAA1;CCN3;PPARG;IGF1;KLF4
GO_Biological_Process_2023,Intracellular Glucose Homeostasis (GO:0001678),6/43,0.0128203031716275,0.0974785120463405,0,0,3.4059417741887423,14.8387522873022,NGFR;KCNB1;GPER1;CARTPT;PCK1;FOXO1
GO_Biological_Process_2023,Positive Regulation Of Cell-Matrix Adhesion (GO:0001954),6/43,0.0128203031716275,0.0974785120463405,0,0,3.4059417741887423,14.8387522873022,SFRP1;CCL21;NRG1;CD36;CX3CL1;FERMT2
GO_Biological_Process_2023,Regulation Of Epithelial To Mesenchymal Transition (GO:0010717),9/83,0.0132710678698782,0.1002681552296774,0,0,2.557955632623774,11.055916439940686,SFRP1;BMP2;IL6;TNXB;PDPN;SPRY2;SPRY1;FERMT2;TGFBR2
GO_Biological_Process_2023,Vascular Transport (GO:0010232),9/83,0.0132710678698782,0.1002681552296774,0,0,2.557955632623774,11.055916439940686,SLC22A3;ABCB1;LRP1;LEPR;SLC16A7;ABCC9;SLC2A4;SLC8A2;SLC7A3
GO_Biological_Process_2023,Peptide Metabolic Process (GO:0006518),7/56,0.0133495988984118,0.1002681552296774,0,0,3.001892147587512,12.95697383681128,MME;CPXM2;LVRN;CPXM1;DMD;PCSK5;TRHDE
GO_Biological_Process_2023,Regulation Of Cation Channel Activity (GO:2001257),7/56,0.0133495988984118,0.1002681552296774,0,0,3.001892147587512,12.95697383681128,KCNG1;JPH2;EDN1;STAC;KCNS2;ANK2;DMD
GO_Biological_Process_2023,Regulation Of Mitotic Nuclear Division (GO:0007088),7/56,0.0133495988984118,0.1002681552296774,0,0,3.001892147587512,12.95697383681128,EDN1;EDN3;DUSP1;CAV2;USP44;CCDC8;IGF1
GO_Biological_Process_2023,Regulation Of Response To External Stimulus (GO:0032101),12/127,0.0134086895340634,0.1004675354166355,0,0,2.1972108285479903,9.474048585536426,P2RY12;PDGFRA;ANXA1;ADGRA2;CMA1;CAV1;NLRP5;AGTR1;NRG1;CD36;PTGS2;CX3CL1
GO_Biological_Process_2023,Positive Regulation Of Heart Contraction (GO:0045823),4/21,0.0138723132762198,0.1034392055161608,0,0,4.936258331715525,21.116623428578304,EDN1;RGS2;EDN3;SCN3B
GO_Biological_Process_2023,Regulation Of Lipid Storage (GO:0010883),4/21,0.0138723132762198,0.1034392055161608,0,0,4.936258331715525,21.116623428578304,IL6;PPARG;APOB;VSTM2A
GO_Biological_Process_2023,Mesenchymal Cell Migration (GO:0090497),5/32,0.0141660418683606,0.1051215654991088,0,0,3.8872573013542175,16.54769513413888,SEMA3D;SEMA3A;HTR2B;SEMA3G;SOX10
GO_Biological_Process_2023,Phosphatidylinositol 3-Kinase Signaling (GO:0014065),5/32,0.0141660418683606,0.1051215654991088,0,0,3.8872573013542175,16.54769513413888,EDN1;HTR2B;PIK3C2G;HTR2A;IGF1
GO_Biological_Process_2023,Atrial Cardiac Muscle Tissue Development (GO:0003228),3/12,0.0153090529295556,0.1104086225025634,0,0,6.988278388278388,29.206188255772,PROX1;TBX18;CACNA1G
GO_Biological_Process_2023,Cell-Cell Junction Maintenance (GO:0045217),3/12,0.0153090529295556,0.1104086225025634,0,0,6.988278388278388,29.206188255772,KIRREL1;PRTN3;FERMT2
GO_Biological_Process_2023,Detection Of Calcium Ion (GO:0005513),3/12,0.0153090529295556,0.1104086225025634,0,0,6.988278388278388,29.206188255772,KCNIP2;KCNMB1;CASQ2
GO_Biological_Process_2023,Lipoprotein Localization (GO:0044872),3/12,0.0153090529295556,0.1104086225025634,0,0,6.988278388278388,29.206188255772,LRP1;PPARG;CD36
GO_Biological_Process_2023,Negative Regulation Of Cardiac Muscle Hypertrophy (GO:0010614),3/12,0.0153090529295556,0.1104086225025634,0,0,6.988278388278388,29.206188255772,RGS2;PPARG;FOXO1
GO_Biological_Process_2023,Negative Regulation Of Complement Activation (GO:0045916),3/12,0.0153090529295556,0.1104086225025634,0,0,6.988278388278388,29.206188255772,CR1;SERPING1;SVEP1
GO_Biological_Process_2023,Negative Regulation Of Mononuclear Cell Migration (GO:0071676),3/12,0.0153090529295556,0.1104086225025634,0,0,6.988278388278388,29.206188255772,DUSP1;CCN3;SLIT2
GO_Biological_Process_2023,Polysaccharide Biosynthetic Process (GO:0000271),3/12,0.0153090529295556,0.1104086225025634,0,0,6.988278388278388,29.206188255772,HAS1;HAS3;HAS2
GO_Biological_Process_2023,Positive Regulation Of Neuroinflammatory Response (GO:0150078),3/12,0.0153090529295556,0.1104086225025634,0,0,6.988278388278388,29.206188255772,IL33;IL6;MMP8
GO_Biological_Process_2023,Positive Regulation Of Vasoconstriction (GO:0045907),3/12,0.0153090529295556,0.1104086225025634,0,0,6.988278388278388,29.206188255772,OXTR;CAV1;AVPR2
GO_Biological_Process_2023,Regulation Of Sensory Perception (GO:0051931),3/12,0.0153090529295556,0.1104086225025634,0,0,6.988278388278388,29.206188255772,TMEM100;SCN11A;SPX
GO_Biological_Process_2023,Relaxation Of Cardiac Muscle (GO:0055119),3/12,0.0153090529295556,0.1104086225025634,0,0,6.988278388278388,29.206188255772,RGS2;GSN;PLN
GO_Biological_Process_2023,Negative Regulation Of Cellular Response To Growth Factor Stimulus (GO:0090288),8/71,0.01534347232057,0.1104086225025634,0,0,2.669332631763571,11.149976313593951,SOSTDC1;SPRY2;PPARG;SPRY1;AGTR2;SLIT2;CHRDL1;FGF2
GO_Biological_Process_2023,Triglyceride Metabolic Process (GO:0006641),6/45,0.0158668002211502,0.1139088657736995,0,0,3.2309388516665254,13.387480393606731,LIPE;DGAT2;GPAM;CAV1;APOB;GPIHBP1
GO_Biological_Process_2023,Regulation Of Bone Mineralization (GO:0030500),7/58,0.0160104477355076,0.1146712417443504,0,0,2.88386789594425,11.923391573863082,KL;BMP2;S1PR1;TMEM119;PTN;BMP6;DDR2
GO_Biological_Process_2023,Regulation Of Sprouting Angiogenesis (GO:1903670),5/33,0.0160844339732114,0.1146712417443504,0,0,3.748230018879799,15.47982755651234,FGF16;RHOJ;FGF1;KLF4;FGF2
GO_Biological_Process_2023,Vasculogenesis (GO:0001570),5/33,0.0160844339732114,0.1146712417443504,0,0,3.748230018879799,15.47982755651234,SOX17;WT1;CAV1;HAS2;TGFBR2
GO_Biological_Process_2023,Blood Vessel Endothelial Cell Migration (GO:0043534),4/22,0.0163556051443041,0.1158021859643737,0,0,4.661777288839995,19.174750637499116,NR4A1;EGR3;SLIT2;FGF2
GO_Biological_Process_2023,Positive Regulation Of Excitatory Postsynaptic Potential (GO:2000463),4/22,0.0163556051443041,0.1158021859643737,0,0,4.661777288839995,19.174750637499116,GRIN2A;RELN;GRIN2C;GRIN2B
GO_Biological_Process_2023,"Positive Regulation Of Synaptic Transmission, Glutamatergic (GO:0051968)",4/22,0.0163556051443041,0.1158021859643737,0,0,4.661777288839995,19.174750637499116,GRIN2A;RELN;GRIN2C;GRIN2B
GO_Biological_Process_2023,Cellular Response To Hypoxia (GO:0071456),8/72,0.0165935057508251,0.1172177397089178,0,0,2.627486187845304,10.769392932204685,ANGPT4;SFRP1;PTGIS;PPARG;MGARP;PTGS2;SCN2A;AQP1
GO_Biological_Process_2023,Cellular Response To Lipid (GO:0071396),18/228,0.0172079408821481,0.1207013811135842,0,0,1.807853152434158,7.344194303847212,PID1;AKR1C3;GPBAR1;RORB;CXCL3;CXCL2;AQP1;CRHBP;SFRP1;ZFP36;IL6;GPER1;PDK4;CTSG;IL36RN;MGARP;ADTRP;TLR4
GO_Biological_Process_2023,Negative Regulation Of Cytokine-Mediated Signaling Pathway (GO:0001960),7/59,0.017472796439322,0.1207013811135842,0,0,2.828260315843097,11.446280880361906,IL6;SLIT1;PPARG;IL36RN;SLIT2;OTOP1;CCDC3
GO_Biological_Process_2023,Positive Regulation Of Blood Vessel Endothelial Cell Migration (GO:0043536),6/46,0.017563153948085,0.1207013811135842,0,0,3.15,12.732149105875225,ANGPT4;ANXA1;ANGPT1;RHOJ;PTGS2;FGF2
GO_Biological_Process_2023,Response To Hydrogen Peroxide (GO:0042542),6/46,0.017563153948085,0.1207013811135842,0,0,3.15,12.732149105875225,EDN1;IL6;ANXA1;HBB;SLC6A2;AQP1
GO_Biological_Process_2023,Cellular Response To Decreased Oxygen Levels (GO:0036294),8/73,0.0179152765996356,0.1207013811135842,0,0,2.58692732681683,10.404884252578851,ANGPT4;SFRP1;PTGIS;PPARG;MGARP;PTGS2;SCN2A;AQP1
GO_Biological_Process_2023,Positive Regulation Of Secretion By Cell (GO:1903532),8/73,0.0179152765996356,0.1207013811135842,0,0,2.58692732681683,10.404884252578851,EDN1;BMP2;EDN3;KCNB1;GPER1;IGF1;BMP6;SNCA
GO_Biological_Process_2023,Cellular Response To Hydrogen Peroxide (GO:0070301),5/34,0.0181681607725506,0.1207013811135842,0,0,3.6187908248518914,14.504419866188409,EDN1;IL6;ANXA1;SLC6A2;AQP1
GO_Biological_Process_2023,Cellular Response To Vascular Endothelial Growth Factor Stimulus (GO:0035924),5/34,0.0181681607725506,0.1207013811135842,0,0,3.6187908248518914,14.504419866188409,NR4A1;EGR3;GAS1;SPRY2;VEGFD
GO_Biological_Process_2023,Glial Cell Differentiation (GO:0010001),5/34,0.0181681607725506,0.1207013811135842,0,0,3.6187908248518914,14.504419866188409,SOX2;EGR2;RELN;SOX10;FGF10
GO_Biological_Process_2023,Regulation Of Blood Circulation (GO:1903522),5/34,0.0181681607725506,0.1207013811135842,0,0,3.6187908248518914,14.504419866188409,PLN;KCNIP2;CELF2;HSPB7;AGTR1
GO_Biological_Process_2023,Regulation Of Neuronal Synaptic Plasticity (GO:0048168),5/34,0.0181681607725506,0.1207013811135842,0,0,3.6187908248518914,14.504419866188409,GRIN2A;SYP;GRIN2C;GRIN2B;SLC8A2
GO_Biological_Process_2023,Regulation Of Phosphatidylinositol 3-Kinase Activity (GO:0043551),5/34,0.0181681607725506,0.1207013811135842,0,0,3.6187908248518914,14.504419866188409,P2RY12;PDGFRA;CCL21;KIT;FGF2
GO_Biological_Process_2023,Negative Regulation Of Cell Motility (GO:2000146),12/133,0.0187206003418413,0.1207013811135842,0,0,2.0875978022582804,8.304736987632308,CLDN5;NGFR;SFRP1;KRT16;ADIPOQ;CLDN19;EMILIN2;SLIT2;PODN;RECK;CX3CL1;SLURP1
GO_Biological_Process_2023,Positive Regulation Of Cell Adhesion (GO:0045785),9/88,0.0188953404350846,0.1207013811135842,0,0,2.395429595608827,9.50707661690996,VIT;P2RY12;ECM2;CCDC80;CXCL12;LAMA2;CCL21;SAA1;FBLN2
GO_Biological_Process_2023,Activation Of Transmembrane Receptor Protein Tyrosine Kinase Activity (GO:0007171),2/5,0.0189845702253605,0.1207013811135842,0,0,13.96560556165386,55.36145814305519,ANGPT1;NRG1
GO_Biological_Process_2023,Cellular Response To Granulocyte Macrophage Colony-Stimulating Factor Stimulus (GO:0097011),2/5,0.0189845702253605,0.1207013811135842,0,0,13.96560556165386,55.36145814305519,ZFP36;PDE1B
GO_Biological_Process_2023,Cellular Response To Magnesium Ion (GO:0071286),2/5,0.0189845702253605,0.1207013811135842,0,0,13.96560556165386,55.36145814305519,KCNA1;RYR3
GO_Biological_Process_2023,Endothelin Receptor Signaling Pathway (GO:0086100),2/5,0.0189845702253605,0.1207013811135842,0,0,13.96560556165386,55.36145814305519,EDN1;EDNRB
GO_Biological_Process_2023,Glomerular Epithelial Cell Differentiation (GO:0072311),2/5,0.0189845702253605,0.1207013811135842,0,0,13.96560556165386,55.36145814305519,WT1;KLF15
GO_Biological_Process_2023,Hepatocyte Differentiation (GO:0070365),2/5,0.0189845702253605,0.1207013811135842,0,0,13.96560556165386,55.36145814305519,PROX1;PCK1
GO_Biological_Process_2023,Leukocyte Apoptotic Process (GO:0071887),2/5,0.0189845702253605,0.1207013811135842,0,0,13.96560556165386,55.36145814305519,HCAR2;IL6
GO_Biological_Process_2023,Negative Regulation Of Chemokine-Mediated Signaling Pathway (GO:0070100),2/5,0.0189845702253605,0.1207013811135842,0,0,13.96560556165386,55.36145814305519,SLIT1;SLIT2
GO_Biological_Process_2023,Negative Regulation Of Lamellipodium Organization (GO:1902744),2/5,0.0189845702253605,0.1207013811135842,0,0,13.96560556165386,55.36145814305519,NRG1;SLIT2
GO_Biological_Process_2023,Negative Regulation Of Lens Fiber Cell Differentiation (GO:1902747),2/5,0.0189845702253605,0.1207013811135842,0,0,13.96560556165386,55.36145814305519,SPRY2;SPRY1
GO_Biological_Process_2023,Negative Regulation Of Monocyte Chemotaxis (GO:0090027),2/5,0.0189845702253605,0.1207013811135842,0,0,13.96560556165386,55.36145814305519,DUSP1;SLIT2
GO_Biological_Process_2023,Negative Regulation Of Neuron Migration (GO:2001223),2/5,0.0189845702253605,0.1207013811135842,0,0,13.96560556165386,55.36145814305519,COL3A1;CX3CL1
GO_Biological_Process_2023,Positive Regulation Of Microglial Cell Migration (GO:1904141),2/5,0.0189845702253605,0.1207013811135842,0,0,13.96560556165386,55.36145814305519,P2RY12;CX3CL1
GO_Biological_Process_2023,Positive Regulation Of Peroxisome Proliferator Activated Receptor Signaling Pathway (GO:0035360),2/5,0.0189845702253605,0.1207013811135842,0,0,13.96560556165386,55.36145814305519,BMP2;PTGIS
GO_Biological_Process_2023,Positive Regulation Of Urine Volume (GO:0035810),2/5,0.0189845702253605,0.1207013811135842,0,0,13.96560556165386,55.36145814305519,NPR1;NPR3
GO_Biological_Process_2023,Positive Regulation Of Vascular Associated Smooth Muscle Cell Differentiation (GO:1905065),2/5,0.0189845702253605,0.1207013811135842,0,0,13.96560556165386,55.36145814305519,GPER1;KIT
GO_Biological_Process_2023,Positive Regulation Of Vesicle Fusion (GO:0031340),2/5,0.0189845702253605,0.1207013811135842,0,0,13.96560556165386,55.36145814305519,ANXA1;SNCA
GO_Biological_Process_2023,Regulation Of Apoptotic DNA Fragmentation (GO:1902510),2/5,0.0189845702253605,0.1207013811135842,0,0,13.96560556165386,55.36145814305519,IL6;CIDEA
GO_Biological_Process_2023,Regulation Of Keratinocyte Apoptotic Process (GO:1902172),2/5,0.0189845702253605,0.1207013811135842,0,0,13.96560556165386,55.36145814305519,SFRP4;ZFP36
GO_Biological_Process_2023,Regulation Of Macrophage Proliferation (GO:0120040),2/5,0.0189845702253605,0.1207013811135842,0,0,13.96560556165386,55.36145814305519,IL33;IL34
GO_Biological_Process_2023,Regulation Of Mitotic Spindle Checkpoint (GO:1903504),2/5,0.0189845702253605,0.1207013811135842,0,0,13.96560556165386,55.36145814305519,DUSP1;USP44
GO_Biological_Process_2023,Regulation Of Sarcomere Organization (GO:0060297),2/5,0.0189845702253605,0.1207013811135842,0,0,13.96560556165386,55.36145814305519,EDN1;PROX1
GO_Biological_Process_2023,Regulation Of Type B Pancreatic Cell Proliferation (GO:0061469),2/5,0.0189845702253605,0.1207013811135842,0,0,13.96560556165386,55.36145814305519,NR4A1;NR4A3
GO_Biological_Process_2023,Renal Filtration Cell Differentiation (GO:0061318),2/5,0.0189845702253605,0.1207013811135842,0,0,13.96560556165386,55.36145814305519,WT1;KLF15
GO_Biological_Process_2023,Reproductive System Development (GO:0061458),2/5,0.0189845702253605,0.1207013811135842,0,0,13.96560556165386,55.36145814305519,LHCGR;WT1
GO_Biological_Process_2023,Response To Catecholamine (GO:0071869),2/5,0.0189845702253605,0.1207013811135842,0,0,13.96560556165386,55.36145814305519,GNG2;NR4A3
GO_Biological_Process_2023,Response To Granulocyte Macrophage Colony-Stimulating Factor (GO:0097012),2/5,0.0189845702253605,0.1207013811135842,0,0,13.96560556165386,55.36145814305519,ZFP36;PDE1B
GO_Biological_Process_2023,Tight Junction Organization (GO:0120193),2/5,0.0189845702253605,0.1207013811135842,0,0,13.96560556165386,55.36145814305519,CLDN11;CLDN5
GO_Biological_Process_2023,Sterol Metabolic Process (GO:0016125),7/60,0.0190267325222634,0.1207013811135842,0,0,2.774751134991045,10.993315140008724,CYP39A1;CH25H;CYP26B1;CYP11A1;APOB;CYP19A1;CES1
GO_Biological_Process_2023,Diacylglycerol Metabolic Process (GO:0046339),4/23,0.0191001665982145,0.1207013811135842,0,0,4.416188987319785,17.479533129170736,LIPE;DGAT2;GPAM;DGKI
GO_Biological_Process_2023,Positive Regulation Of Epithelial Cell Apoptotic Process (GO:1904037),4/23,0.0191001665982145,0.1207013811135842,0,0,4.416188987319785,17.479533129170736,SFRP4;IL6;GSN;GPER1
GO_Biological_Process_2023,Regulation Of Cardiac Muscle Hypertrophy (GO:0010611),4/23,0.0191001665982145,0.1207013811135842,0,0,4.416188987319785,17.479533129170736,EDN1;RGS2;NR4A3;IGF1
GO_Biological_Process_2023,Regulation Of Extracellular Matrix Organization (GO:1903053),4/23,0.0191001665982145,0.1207013811135842,0,0,4.416188987319785,17.479533129170736,LAMA2;LRP1;ANGPTL7;DDR2
GO_Biological_Process_2023,Regulation Of GTPase Activity (GO:0043087),17/214,0.0191378331324389,0.1207013811135842,0,0,1.819309735315446,7.197349613812449,CCL14;CCL13;CCL24;CCL23;CCL21;CAV2;RASGRF2;SLC6A2;CX3CL1;PREX2;DOCK11;SFRP1;PRTN3;RGL1;FERMT2;CCL16;PLXNA4
GO_Biological_Process_2023,Atrioventricular Valve Development (GO:0003171),3/13,0.019237149176509,0.1207013811135842,0,0,6.289120879120879,24.84776325405044,BMP2;SLIT1;TGFBR2
GO_Biological_Process_2023,Cardiocyte Differentiation (GO:0035051),3/13,0.019237149176509,0.1207013811135842,0,0,6.289120879120879,24.84776325405044,MYOCD;BMP2;NRG1
GO_Biological_Process_2023,Embryonic Hemopoiesis (GO:0035162),3/13,0.019237149176509,0.1207013811135842,0,0,6.289120879120879,24.84776325405044,TAL1;KIT;TGFBR2
GO_Biological_Process_2023,Membrane Depolarization During Action Potential (GO:0086010),3/13,0.019237149176509,0.1207013811135842,0,0,6.289120879120879,24.84776325405044,SCN3B;SCN4B;SCN2B
GO_Biological_Process_2023,Negative Regulation Of Fibroblast Growth Factor Receptor Signaling Pathway (GO:0040037),3/13,0.019237149176509,0.1207013811135842,0,0,6.289120879120879,24.84776325405044,SPRY2;SPRY1;FGF2
GO_Biological_Process_2023,Relaxation Of Muscle (GO:0090075),3/13,0.019237149176509,0.1207013811135842,0,0,6.289120879120879,24.84776325405044,RGS2;GSN;PLN
GO_Biological_Process_2023,Response To UV-A (GO:0070141),3/13,0.019237149176509,0.1207013811135842,0,0,6.289120879120879,24.84776325405044,MME;MMP2;MMP3
GO_Biological_Process_2023,Positive Regulation Of Epithelial To Mesenchymal Transition (GO:0010718),6/47,0.0193798703577614,0.1213502227067128,0,0,3.0730093850001343,12.118475082450823,BMP2;IL6;TNXB;PDPN;FERMT2;TGFBR2
GO_Biological_Process_2023,Negative Regulation Of Cell Cycle G1/S Phase Transition (GO:1902807),5/35,0.0204223213414809,0.1273610221841449,0,0,3.497980910425844,13.61108724164009,SOX2;GPNMB;FHL1;FAM107A;KLF4
GO_Biological_Process_2023,Regulation Of Postsynaptic Membrane Potential (GO:0060078),5/35,0.0204223213414809,0.1273610221841449,0,0,3.497980910425844,13.61108724164009,GRIN2A;GRIN2C;GRIN2B;INSYN2B;GABRG1
GO_Biological_Process_2023,Positive Regulation Of Developmental Process (GO:0051094),18/233,0.0209422009314777,0.1303398674908706,0,0,1.7653423411718852,6.824794023653845,ALK;TNXB;EDN3;FST;ZBTB16;PTN;DCN;BMP2;RELN;WT1;LEP;NLRP5;NEURL1;ENPP2;TMEM119;PPARG;CCN2;INSM1
GO_Biological_Process_2023,Myelination (GO:0042552),6/48,0.0213204497241861,0.1324270187093813,0,0,2.999684989762167,11.543053570405329,ABCD2;LGI4;MAL;SCN2A;SOX10;KLK6
GO_Biological_Process_2023,Acylglycerol Homeostasis (GO:0055090),4/24,0.0221127970189472,0.1362519049850103,0,0,4.195159515951596,15.99026492400294,MLXIPL;ANGPTL8;ANGPTL4;GPIHBP1
GO_Biological_Process_2023,Dicarboxylic Acid Transport (GO:0006835),4/24,0.0221127970189472,0.1362519049850103,0,0,4.195159515951596,15.99026492400294,PDPN;FOLR2;SLC1A7;FOLR1
GO_Biological_Process_2023,Fat-Soluble Vitamin Metabolic Process (GO:0006775),4/24,0.0221127970189472,0.1362519049850103,0,0,4.195159515951596,15.99026492400294,CYP11A1;ALDH1A2;RLBP1;RPE65
GO_Biological_Process_2023,Positive Regulation Of Lipid Metabolic Process (GO:0045834),4/24,0.0221127970189472,0.1362519049850103,0,0,4.195159515951596,15.99026492400294,MLXIPL;HSD17B13;SORBS1;PCK1
GO_Biological_Process_2023,Positive Regulation Of MAP Kinase Activity (GO:0043406),9/91,0.0230032846616206,0.1414564536861014,0,0,2.307427692639758,8.70389013736195,EDN1;EDN3;IL34;KIT;HTR2B;S100A12;FGF1;FGF2;TLR4
GO_Biological_Process_2023,Heterophilic Cell-Cell Adhesion Via Plasma Membrane Cell Adhesion Molecules (GO:0007157),6/49,0.0233882036342127,0.1421466534274466,0,0,2.9297710315120127,11.002823964101877,SELP;CADM3;CD209;HMCN1;FAT4;NECTIN3
GO_Biological_Process_2023,Aorta Development (GO:0035904),3/14,0.0236680854751239,0.1421466534274466,0,0,5.717082917082917,21.40263021600924,LRP1;PDE2A;TGFBR2
GO_Biological_Process_2023,Detection Of Mechanical Stimulus Involved In Sensory Perception (GO:0050974),3/14,0.0236680854751239,0.1421466534274466,0,0,5.717082917082917,21.40263021600924,COL11A1;KCNA1;KIT
GO_Biological_Process_2023,Endoderm Development (GO:0007492),3/14,0.0236680854751239,0.1421466534274466,0,0,5.717082917082917,21.40263021600924,SOX17;DUSP1;SOX7
GO_Biological_Process_2023,Negative Regulation Of Receptor Signaling Pathway Via STAT (GO:1904893),3/14,0.0236680854751239,0.1421466534274466,0,0,5.717082917082917,21.40263021600924,SOCS3;CAV1;PPARG
GO_Biological_Process_2023,Photoreceptor Cell Development (GO:0042461),3/14,0.0236680854751239,0.1421466534274466,0,0,5.717082917082917,21.40263021600924,CDHR1;PCARE;RORB
GO_Biological_Process_2023,Positive Regulation Of Acute Inflammatory Response (GO:0002675),3/14,0.0236680854751239,0.1421466534274466,0,0,5.717082917082917,21.40263021600924,IL6;C2CD4B;PTGS2
GO_Biological_Process_2023,Regulation Of Cholesterol Storage (GO:0010885),3/14,0.0236680854751239,0.1421466534274466,0,0,5.717082917082917,21.40263021600924,PPARG;APOB;CES1
GO_Biological_Process_2023,Regulation Of Microglial Cell Activation (GO:1903978),3/14,0.0236680854751239,0.1421466534274466,0,0,5.717082917082917,21.40263021600924,IL6;MMP8;CX3CL1
GO_Biological_Process_2023,Regulation Of Non-Canonical Wnt Signaling Pathway (GO:2000050),3/14,0.0236680854751239,0.1421466534274466,0,0,5.717082917082917,21.40263021600924,SFRP4;SFRP1;RSPO3
GO_Biological_Process_2023,Smooth Muscle Contraction (GO:0006939),3/14,0.0236680854751239,0.1421466534274466,0,0,5.717082917082917,21.40263021600924,MYH11;NMUR1;MYLK
GO_Biological_Process_2023,Striated Muscle Tissue Development (GO:0014706),3/14,0.0236680854751239,0.1421466534274466,0,0,5.717082917082917,21.40263021600924,SGCD;PGM5;SGCZ
GO_Biological_Process_2023,Monoatomic Cation Homeostasis (GO:0055080),8/77,0.0239600906536012,0.1433426353636959,0,0,2.436448074305389,9.091278828390054,UNC80;JPH2;TMPRSS6;KCNA1;CAV1;SLC39A12;BMP6;SNCA
GO_Biological_Process_2023,Positive Regulation Of Synaptic Transmission (GO:0050806),8/77,0.0239600906536012,0.1433426353636959,0,0,2.436448074305389,9.091278828390054,GRIN2A;RELN;GPER1;GRIN2C;NALCN;GRIN2B;RAPSN;SLC8A2
GO_Biological_Process_2023,Cellular Response To Steroid Hormone Stimulus (GO:0071383),4/25,0.0253991318327457,0.1482950779773295,0,0,3.995180470427995,14.674458815145362,GPER1;AKR1C3;ADTRP;MGARP
GO_Biological_Process_2023,"Chemical Synaptic Transmission, Postsynaptic (GO:0099565)",4/25,0.0253991318327457,0.1482950779773295,0,0,3.995180470427995,14.674458815145362,GRIN2A;GRIN2C;GRIN2B;INSYN2B
GO_Biological_Process_2023,Myotube Differentiation (GO:0014902),4/25,0.0253991318327457,0.1482950779773295,0,0,3.995180470427995,14.674458815145362,ADAMTS5;MYMX;IGF1;JAM2
GO_Biological_Process_2023,Negative Regulation Of Lipid Biosynthetic Process (GO:0051055),4/25,0.0253991318327457,0.1482950779773295,0,0,3.995180470427995,14.674458815145362,BMP2;ACADL;GPER1;AKR1C3
GO_Biological_Process_2023,Negative Regulation Of Response To Wounding (GO:1903035),4/25,0.0253991318327457,0.1482950779773295,0,0,3.995180470427995,14.674458815145362,IL33;MMRN1;CLDN19;FGF2
GO_Biological_Process_2023,Peptide Hormone Secretion (GO:0030072),4/25,0.0253991318327457,0.1482950779773295,0,0,3.995180470427995,14.674458815145362,EDN1;IL6;ANXA1;EDN3
GO_Biological_Process_2023,Regulation Of Monocyte Chemotaxis (GO:0090025),4/25,0.0253991318327457,0.1482950779773295,0,0,3.995180470427995,14.674458815145362,CXCL12;DUSP1;CCN3;SLIT2
GO_Biological_Process_2023,Regulation Of Myelination (GO:0031641),4/25,0.0253991318327457,0.1482950779773295,0,0,3.995180470427995,14.674458815145362,EGR2;LGI4;PTN;JAM2
GO_Biological_Process_2023,Regulation Of Neutrophil Chemotaxis (GO:0090022),4/25,0.0253991318327457,0.1482950779773295,0,0,3.995180470427995,14.674458815145362,DPP4;CCL21;SLIT2;THBS4
GO_Biological_Process_2023,Aortic Valve Morphogenesis (GO:0003180),5/37,0.025460231154787,0.1482950779773295,0,0,3.2790129405286343,12.036068212552838,ELN;SLIT1;SNAI2;SLIT2;TGFBR2
GO_Biological_Process_2023,Negative Regulation Of Smooth Muscle Cell Proliferation (GO:0048662),5/37,0.025460231154787,0.1482950779773295,0,0,3.2790129405286343,12.036068212552838,CNN1;BMP2;GPER1;OGN;PPARG
GO_Biological_Process_2023,Enzyme-Linked Receptor Protein Signaling Pathway (GO:0007167),11/124,0.0265183052431995,0.1482950779773295,0,0,2.047701273472912,7.432991848712098,ALK;NTF4;PDGFRA;LRP1;DOK5;NPR1;ROR1;PTN;GFRA2;ANGPTL1;DDR2
GO_Biological_Process_2023,Neuron Projection Guidance (GO:0097485),11/124,0.0265183052431995,0.1482950779773295,0,0,2.047701273472912,7.432991848712098,CXCL12;RELN;SEMA3D;FEZ1;SEMA3A;BOC;CNTN1;SEMA3G;SLIT1;NEXN;SLIT2
GO_Biological_Process_2023,Cell-Matrix Adhesion (GO:0007160),10/109,0.0273184831919967,0.1482950779773295,0,0,2.1240086356365424,7.646838400675693,COL17A1;COL3A1;ECM2;CCL21;ITGBL1;ITGA7;SORBS1;CD34;LYVE1;FERMT2
GO_Biological_Process_2023,Positive Regulation Of Cytoskeleton Organization (GO:0051495),8/79,0.0274638826239367,0.1482950779773295,0,0,2.3675667263247995,8.511126551685466,CCL24;CSF3;EDN1;GSN;CCL21;LMOD1;PROX1;CX3CL1
GO_Biological_Process_2023,Regulation Of Neuron Differentiation (GO:0045664),8/79,0.0274638826239367,0.1482950779773295,0,0,2.3675667263247995,8.511126551685466,ALK;SOX2;NTF4;BRINP2;BMP2;RELN;DTX1;ASCL1
GO_Biological_Process_2023,AV Node Cell Action Potential (GO:0086016),2/6,0.0276221800573257,0.1482950779773295,0,0,10.473655323819978,37.59137550808554,SCN4B;CACNA1G
GO_Biological_Process_2023,L-methionine Salvage (GO:0071267),2/6,0.0276221800573257,0.1482950779773295,0,0,10.473655323819978,37.59137550808554,BHMT;BHMT2
GO_Biological_Process_2023,SA Node Cell Action Potential (GO:0086015),2/6,0.0276221800573257,0.1482950779773295,0,0,10.473655323819978,37.59137550808554,SCN3B;CACNA1G
GO_Biological_Process_2023,Adult Feeding Behavior (GO:0008343),2/6,0.0276221800573257,0.1482950779773295,0,0,10.473655323819978,37.59137550808554,LEP;CARTPT
GO_Biological_Process_2023,Angiotensin-Activated Signaling Pathway (GO:0038166),2/6,0.0276221800573257,0.1482950779773295,0,0,10.473655323819978,37.59137550808554,CAV1;AGTR1
GO_Biological_Process_2023,Bleb Assembly (GO:0032060),2/6,0.0276221800573257,0.1482950779773295,0,0,10.473655323819978,37.59137550808554,EMP1;MYLK
GO_Biological_Process_2023,Catecholamine Uptake (GO:0090493),2/6,0.0276221800573257,0.1482950779773295,0,0,10.473655323819978,37.59137550808554,SLC22A3;SLC6A2
GO_Biological_Process_2023,Cellular Response To Caffeine (GO:0071313),2/6,0.0276221800573257,0.1482950779773295,0,0,10.473655323819978,37.59137550808554,CASQ2;RYR3
GO_Biological_Process_2023,Cellular Response To Gonadotropin Stimulus (GO:0071371),2/6,0.0276221800573257,0.1482950779773295,0,0,10.473655323819978,37.59137550808554,LHCGR;WT1
GO_Biological_Process_2023,Cellular Response To Monoamine Stimulus (GO:0071868),2/6,0.0276221800573257,0.1482950779773295,0,0,10.473655323819978,37.59137550808554,GNG2;NR4A3
GO_Biological_Process_2023,Cellular Response To Prostaglandin E Stimulus (GO:0071380),2/6,0.0276221800573257,0.1482950779773295,0,0,10.473655323819978,37.59137550808554,SFRP1;GNG2
GO_Biological_Process_2023,Dendrite Arborization (GO:0140059),2/6,0.0276221800573257,0.1482950779773295,0,0,10.473655323819978,37.59137550808554,SEMA3A;PTN
GO_Biological_Process_2023,Glycerol-3-Phosphate Metabolic Process (GO:0006072),2/6,0.0276221800573257,0.1482950779773295,0,0,10.473655323819978,37.59137550808554,GPAM;GPD1
GO_Biological_Process_2023,Hemostasis (GO:0007599),2/6,0.0276221800573257,0.1482950779773295,0,0,10.473655323819978,37.59137550808554,P2RY12;VWF
GO_Biological_Process_2023,Long-Chain Fatty Acid Catabolic Process (GO:0042758),2/6,0.0276221800573257,0.1482950779773295,0,0,10.473655323819978,37.59137550808554,ACADL;ADTRP
GO_Biological_Process_2023,Negative Regulation Of Dendritic Cell Apoptotic Process (GO:2000669),2/6,0.0276221800573257,0.1482950779773295,0,0,10.473655323819978,37.59137550808554,CXCL12;CCL21
GO_Biological_Process_2023,Negative Regulation Of Heart Rate (GO:0010459),2/6,0.0276221800573257,0.1482950779773295,0,0,10.473655323819978,37.59137550808554,PLN;SPX
GO_Biological_Process_2023,Negative Regulation Of Membrane Protein Ectodomain Proteolysis (GO:0051045),2/6,0.0276221800573257,0.1482950779773295,0,0,10.473655323819978,37.59137550808554,TIMP2;TIMP4
GO_Biological_Process_2023,Negative Regulation Of Response To Type II Interferon (GO:0060331),2/6,0.0276221800573257,0.1482950779773295,0,0,10.473655323819978,37.59137550808554,PPARG;OTOP1
GO_Biological_Process_2023,Negative Regulation Of Smooth Muscle Cell Apoptotic Process (GO:0034392),2/6,0.0276221800573257,0.1482950779773295,0,0,10.473655323819978,37.59137550808554,IGF1;GRIA4
GO_Biological_Process_2023,Negative Regulation Of Type II Interferon-Mediated Signaling Pathway (GO:0060336),2/6,0.0276221800573257,0.1482950779773295,0,0,10.473655323819978,37.59137550808554,PPARG;OTOP1
GO_Biological_Process_2023,Norepinephrine Transport (GO:0015874),2/6,0.0276221800573257,0.1482950779773295,0,0,10.473655323819978,37.59137550808554,SLC22A3;SLC6A2
GO_Biological_Process_2023,Positive Regulation Of Fibroblast Apoptotic Process (GO:2000271),2/6,0.0276221800573257,0.1482950779773295,0,0,10.473655323819978,37.59137550808554,SFRP1;TP63
GO_Biological_Process_2023,Positive Regulation Of Mast Cell Activation (GO:0033005),2/6,0.0276221800573257,0.1482950779773295,0,0,10.473655323819978,37.59137550808554,NR4A3;TSLP
GO_Biological_Process_2023,Positive Regulation Of Phospholipid Biosynthetic Process (GO:0071073),2/6,0.0276221800573257,0.1482950779773295,0,0,10.473655323819978,37.59137550808554,HTR2B;HTR2A
GO_Biological_Process_2023,Receptor-Mediated Virion Attachment To Host Cell (GO:0046813),2/6,0.0276221800573257,0.1482950779773295,0,0,10.473655323819978,37.59137550808554,DPP4;LRRC15
GO_Biological_Process_2023,Regulation Of Adiponectin Secretion (GO:0070163),2/6,0.0276221800573257,0.1482950779773295,0,0,10.473655323819978,37.59137550808554,HCAR2;PPARG
GO_Biological_Process_2023,Regulation Of Atrial Cardiac Muscle Cell Membrane Depolarization (GO:0060371),2/6,0.0276221800573257,0.1482950779773295,0,0,10.473655323819978,37.59137550808554,SCN3B;SCN2B
GO_Biological_Process_2023,Regulation Of Cardiac Muscle Hypertrophy In Response To Stress (GO:1903242),2/6,0.0276221800573257,0.1482950779773295,0,0,10.473655323819978,37.59137550808554,PPARG;FOXO1
GO_Biological_Process_2023,Regulation Of Inositol Phosphate Biosynthetic Process (GO:0010919),2/6,0.0276221800573257,0.1482950779773295,0,0,10.473655323819978,37.59137550808554,PTH1R;SNCA
GO_Biological_Process_2023,Regulation Of Lens Fiber Cell Differentiation (GO:1902746),2/6,0.0276221800573257,0.1482950779773295,0,0,10.473655323819978,37.59137550808554,SPRY2;SPRY1
GO_Biological_Process_2023,Regulation Of Metallopeptidase Activity (GO:1905048),2/6,0.0276221800573257,0.1482950779773295,0,0,10.473655323819978,37.59137550808554,LRP1;TIMP2
GO_Biological_Process_2023,Regulation Of Microglial Cell Migration (GO:1904139),2/6,0.0276221800573257,0.1482950779773295,0,0,10.473655323819978,37.59137550808554,P2RY12;CX3CL1
GO_Biological_Process_2023,Regulation Of Skeletal Muscle Contraction (GO:0014819),2/6,0.0276221800573257,0.1482950779773295,0,0,10.473655323819978,37.59137550808554,DMD;SCN4A
GO_Biological_Process_2023,Regulation Of Skeletal Muscle Satellite Cell Proliferation (GO:0014842),2/6,0.0276221800573257,0.1482950779773295,0,0,10.473655323819978,37.59137550808554,ANGPT1;FGF2
GO_Biological_Process_2023,Regulation Of Systemic Arterial Blood Pressure By Renin-Angiotensin (GO:0003081),2/6,0.0276221800573257,0.1482950779773295,0,0,10.473655323819978,37.59137550808554,AGTR1;AGTR2
GO_Biological_Process_2023,Regulation Of Vascular Associated Smooth Muscle Cell Apoptotic Process (GO:1905459),2/6,0.0276221800573257,0.1482950779773295,0,0,10.473655323819978,37.59137550808554,PPARG;IGF1
GO_Biological_Process_2023,Response To Caffeine (GO:0031000),2/6,0.0276221800573257,0.1482950779773295,0,0,10.473655323819978,37.59137550808554,CASQ2;RYR3
GO_Biological_Process_2023,Synaptic Vesicle Docking (GO:0016081),2/6,0.0276221800573257,0.1482950779773295,0,0,10.473655323819978,37.59137550808554,SNAP25;UNC13A
GO_Biological_Process_2023,Ureter Development (GO:0072189),2/6,0.0276221800573257,0.1482950779773295,0,0,10.473655323819978,37.59137550808554,SOX17;TBX18
GO_Biological_Process_2023,Vascular Associated Smooth Muscle Contraction (GO:0014829),2/6,0.0276221800573257,0.1482950779773295,0,0,10.473655323819978,37.59137550808554,EDNRB;EDN3
GO_Biological_Process_2023,Very Long-Chain Fatty Acid Catabolic Process (GO:0042760),2/6,0.0276221800573257,0.1482950779773295,0,0,10.473655323819978,37.59137550808554,ABCD2;SLC27A2
GO_Biological_Process_2023,Vitamin A Metabolic Process (GO:0006776),2/6,0.0276221800573257,0.1482950779773295,0,0,10.473655323819978,37.59137550808554,RLBP1;RPE65
GO_Biological_Process_2023,SMAD Protein Signal Transduction (GO:0060395),6/51,0.0279174793967163,0.1488450067317155,0,0,2.7992649761117234,10.017176112358325,GDF10;BMP2;ATOH8;FOS;LEFTY2;BMP6
GO_Biological_Process_2023,Amide Biosynthetic Process (GO:0043604),6/51,0.0279174793967163,0.1488450067317155,0,0,2.7992649761117234,10.017176112358325,CERS3;DMD;ABCA8;PCSK5;TLCD3B;OTC
GO_Biological_Process_2023,Cholesterol Transport (GO:0030301),6/51,0.0279174793967163,0.1488450067317155,0,0,2.7992649761117234,10.017176112358325,AKR1C1;CAV1;CD36;ABCA8;APOB;CES1
GO_Biological_Process_2023,Negative Regulation Of MAP Kinase Activity (GO:0043407),6/51,0.0279174793967163,0.1488450067317155,0,0,2.7992649761117234,10.017176112358325,RGS2;BMP2;DUSP1;SPRY2;PPARG;SPRY1
GO_Biological_Process_2023,Positive Regulation Of Bone Mineralization (GO:0030501),5/38,0.028252032108829,0.1498522734019848,0,0,3.179482045120812,11.33990852049224,KL;BMP2;TMEM119;PTN;BMP6
GO_Biological_Process_2023,Response To Transforming Growth Factor Beta (GO:0071559),5/38,0.028252032108829,0.1498522734019848,0,0,3.179482045120812,11.33990852049224,CLEC3B;SFRP1;FNDC4;PDE2A;MXRA5
GO_Biological_Process_2023,Signal Release From Synapse (GO:0099643),5/38,0.028252032108829,0.1498522734019848,0,0,3.179482045120812,11.33990852049224,SNAP25;UNC13A;CPLX2;SYN2;SNCA
GO_Biological_Process_2023,Positive Regulation Of Muscle Cell Differentiation (GO:0051149),3/15,0.0286021399711971,0.1504170461517643,0,0,5.240384615384615,18.62576142484945,MYOCD;LAMA2;NRG1
GO_Biological_Process_2023,Positive Regulation Of Potassium Ion Transport (GO:0043268),3/15,0.0286021399711971,0.1504170461517643,0,0,5.240384615384615,18.62576142484945,FHL1;AKAP6;ANK2
GO_Biological_Process_2023,Positive Regulation Of Sprouting Angiogenesis (GO:1903672),3/15,0.0286021399711971,0.1504170461517643,0,0,5.240384615384615,18.62576142484945,FGF1;KLF4;FGF2
GO_Biological_Process_2023,Regulation Of Lipoprotein Lipase Activity (GO:0051004),3/15,0.0286021399711971,0.1504170461517643,0,0,5.240384615384615,18.62576142484945,ANGPTL4;PCSK5;GPIHBP1
GO_Biological_Process_2023,Retrograde Axonal Transport (GO:0008090),3/15,0.0286021399711971,0.1504170461517643,0,0,5.240384615384615,18.62576142484945,DST;NEFL;MGARP
GO_Biological_Process_2023,Positive Regulation Of Adenylate Cyclase Activity (GO:0045762),4/26,0.0289636602894456,0.1515437615483366,0,0,3.8133813381338135,13.505903510934708,LHCGR;ADRB3;AVPR2;ADRB2
GO_Biological_Process_2023,Protein Localization To Cell Surface (GO:0034394),4/26,0.0289636602894456,0.1515437615483366,0,0,3.8133813381338135,13.505903510934708,FGF7;ANK2;GPIHBP1;FGF10
GO_Biological_Process_2023,Regulation Of Vasoconstriction (GO:0019229),4/26,0.0289636602894456,0.1515437615483366,0,0,3.8133813381338135,13.505903510934708,OXTR;CAV1;AVPR2;AGTR1
GO_Biological_Process_2023,Negative Regulation Of Protein Serine/Threonine Kinase Activity (GO:0071901),8/80,0.02934238204058,0.1530066441879569,0,0,2.334561080417434,8.238017796741419,RGS2;MYOCD;BMP2;DUSP1;ADIPOQ;SPRY2;PPARG;SPRY1
GO_Biological_Process_2023,Wound Healing (GO:0042060),8/80,0.02934238204058,0.1530066441879569,0,0,2.334561080417434,8.238017796741419,PDGFRA;COL3A1;DST;NRG1;IGF1;FGF1;FGF2;FGF10
GO_Biological_Process_2023,Digestive Tract Development (GO:0048565),5/39,0.0312303520899483,0.1617585518484405,0,0,3.0858059082663902,10.696529083905412,CLMP;EDNRB;RARRES2;KIT;PCSK5
GO_Biological_Process_2023,Negative Regulation Of Protein Secretion (GO:0050709),5/39,0.0312303520899483,0.1617585518484405,0,0,3.0858059082663902,10.696529083905412,SFRP1;KCNB1;CCN3;ADTRP;FOXO1
GO_Biological_Process_2023,Regulation Of Monoatomic Cation Transmembrane Transport (GO:1904062),5/39,0.0312303520899483,0.1617585518484405,0,0,3.0858059082663902,10.696529083905412,DPP6;GRIN2A;KCNIP2;GRIN2C;GRIN2B
GO_Biological_Process_2023,Vitamin Transport (GO:0051180),5/39,0.0312303520899483,0.1617585518484405,0,0,3.0858059082663902,10.696529083905412,PDPN;SLC19A3;SLC2A4;FOLR2;FOLR1
GO_Biological_Process_2023,Regulation Of Cell Growth (GO:0001558),17/227,0.0315452811576126,0.1631160518149921,0,0,1.705511267006803,5.894811920582151,NPR1;FHL1;FAM107A;AKAP6;NRG1;SLC6A2;SFRP1;SOX17;FRZB;WT1;AGTR1;SLIT1;CCN3;AGTR2;SLIT2;SGK2;PAPPA2
GO_Biological_Process_2023,Calcium Ion Transport (GO:0006816),10/112,0.0321619374916015,0.1660265903621636,0,0,2.061212081731917,7.084327368145584,TRPM1;CAV1;NMUR1;NALCN;TRPM6;RAMP1;TRPM3;RYR3;SLC8A2;CACNA1G
GO_Biological_Process_2023,Positive Regulation Of Programmed Cell Death (GO:0043068),18/245,0.0324172581196706,0.1670652350841789,0,0,1.670957103831861,5.729819418388185,CSRNP3;NRG1;SLC6A2;FOXO1;SFRP4;FCER2;SFRP1;BMP2;IL6;ACVR1C;ADAMTSL4;FRZB;GPER1;NEURL1;EMILIN2;SLIT2;HOXA5;SNCA
GO_Biological_Process_2023,Activation Of Phospholipase C Activity (GO:0007202),4/27,0.0328097507876917,0.1677764919544891,0,0,3.6473908260391257,12.463242151486288,P2RY12;HTR2B;NMUR1;HTR2A
GO_Biological_Process_2023,Positive Regulation Of Response To Wounding (GO:1903036),4/27,0.0328097507876917,0.1677764919544891,0,0,3.6473908260391257,12.463242151486288,ANXA1;PTN;DUOX2;MYLK
GO_Biological_Process_2023,Regulation Of Catecholamine Secretion (GO:0050433),4/27,0.0328097507876917,0.1677764919544891,0,0,3.6473908260391257,12.463242151486288,KCNB1;KCNA2;SYT8;SNCA
GO_Biological_Process_2023,Respiratory Tube Development (GO:0030323),4/27,0.0328097507876917,0.1677764919544891,0,0,3.6473908260391257,12.463242151486288,FGF7;PDPN;PROX1;PCSK5
GO_Biological_Process_2023,Actin Cytoskeleton Reorganization (GO:0031532),6/53,0.0329900649874878,0.1677764919544891,0,0,2.6798658190433744,9.14249308297651,FGF7;ANXA1;THSD7B;KIT;S1PR1;FGF10
GO_Biological_Process_2023,Carboxylic Acid Transport (GO:0046942),6/53,0.0329900649874878,0.1677764919544891,0,0,2.6798658190433744,9.14249308297651,PDPN;SLC16A7;SLC7A10;SLC1A7;SLC7A3;SLC38A4
GO_Biological_Process_2023,Cellular Response To Alcohol (GO:0097306),6/53,0.0329900649874878,0.1677764919544891,0,0,2.6798658190433744,9.14249308297651,PTGFR;SFRP1;GNG2;AKR1C3;AKR1C2;CES1
GO_Biological_Process_2023,Positive Regulation Of Chemokine Production (GO:0032722),6/53,0.0329900649874878,0.1677764919544891,0,0,2.6798658190433744,9.14249308297651,EGR1;IL33;IL6;TSLP;ADIPOQ;TLR4
GO_Biological_Process_2023,Positive Regulation Of DNA-binding Transcription Factor Activity (GO:0051091),18/246,0.0335496828114291,0.1691936967867302,0,0,1.6635401352543369,5.647266059701933,ALK;EDN1;CSF3;MYOCD;BEX1;CAV1;CX3CL1;BMP2;IL6;RELN;KIT;S100A12;PPARG;ROR1;CD36;RAB7B;TLR4;DDR2
GO_Biological_Process_2023,Positive Regulation Of Cellular Component Organization (GO:0051130),10/113,0.0339024604095472,0.1691936967867302,0,0,2.0410927974712125,6.907604404276669,RELN;LRP1;FRMPD4;TAL1;MMP3;NEURL1;CLDN19;HAS3;NRG1;SNCA
GO_Biological_Process_2023,Apoptotic Nuclear Changes (GO:0030262),3/16,0.0340360497909165,0.1691936967867302,0,0,4.837024513947591,16.350763396305,ACVR1C;GPER1;DNASE1L3
GO_Biological_Process_2023,Autonomic Nervous System Development (GO:0048483),3/16,0.0340360497909165,0.1691936967867302,0,0,4.837024513947591,16.350763396305,EDNRB;SEMA3A;SOX10
GO_Biological_Process_2023,Dicarboxylic Acid Catabolic Process (GO:0043649),3/16,0.0340360497909165,0.1691936967867302,0,0,4.837024513947591,16.350763396305,ALDH1L1;ALDH1L2;ASPA
GO_Biological_Process_2023,Negative Regulation Of Anoikis (GO:2000811),3/16,0.0340360497909165,0.1691936967867302,0,0,4.837024513947591,16.350763396305,CAV1;PDK4;SNAI2
GO_Biological_Process_2023,Negative Regulation Of Biosynthetic Process (GO:0009890),3/16,0.0340360497909165,0.1691936967867302,0,0,4.837024513947591,16.350763396305,ABCD2;IL6;GPER1
GO_Biological_Process_2023,Positive Regulation Of Lymphocyte Migration (GO:2000403),3/16,0.0340360497909165,0.1691936967867302,0,0,4.837024513947591,16.350763396305,CXCL12;CCL21;JAM2
GO_Biological_Process_2023,Positive Regulation Of Muscle Hypertrophy (GO:0014742),3/16,0.0340360497909165,0.1691936967867302,0,0,4.837024513947591,16.350763396305,EDN1;NR4A3;IGF1
GO_Biological_Process_2023,Positive Regulation Of Positive Chemotaxis (GO:0050927),3/16,0.0340360497909165,0.1691936967867302,0,0,4.837024513947591,16.350763396305,CXCL12;CNTN1;VEGFD
GO_Biological_Process_2023,Regulation Of Fatty Acid Oxidation (GO:0046320),3/16,0.0340360497909165,0.1691936967867302,0,0,4.837024513947591,16.350763396305,NR4A3;ACADL;PDK4
GO_Biological_Process_2023,Regulation Of Secretion (GO:0051046),3/16,0.0340360497909165,0.1691936967867302,0,0,4.837024513947591,16.350763396305,NRG1;CES1;FGF10
GO_Biological_Process_2023,Regulation Of Steroid Biosynthetic Process (GO:0050810),3/16,0.0340360497909165,0.1691936967867302,0,0,4.837024513947591,16.350763396305,EGR1;BMP2;CES1
GO_Biological_Process_2023,Response To UV-B (GO:0010224),3/16,0.0340360497909165,0.1691936967867302,0,0,4.837024513947591,16.350763396305,MFAP4;MME;IVL
GO_Biological_Process_2023,Negative Regulation Of Mitotic Cell Cycle Phase Transition (GO:1901991),5/40,0.0343980889469945,0.1701713150310451,0,0,2.997482693517936,10.10078010577032,GPNMB;USP44;FHL1;FAM107A;KLF4
GO_Biological_Process_2023,Positive Regulation Of Monoatomic Ion Transport (GO:0043270),5/40,0.0343980889469945,0.1701713150310451,0,0,2.997482693517936,10.10078010577032,FHL1;ANK2;SCN3B;SCN4B;MYLK
GO_Biological_Process_2023,Positive Regulation Of Wound Healing (GO:0090303),5/40,0.0343980889469945,0.1701713150310451,0,0,2.997482693517936,10.10078010577032,ANXA1;EMILIN2;DUOX2;FERMT2;MYLK
GO_Biological_Process_2023,Negative Regulation Of Response To External Stimulus (GO:0032102),12/146,0.0354072335749972,0.1748834080736266,0,0,1.8837775605877385,6.293397808177634,LRFN5;FNDC4;PTGIS;MMRN1;GPER1;ADIPOQ;CLDN19;SAA1;CCN3;PPARG;KLF4;FGF2
GO_Biological_Process_2023,Regulation Of Blood Vessel Endothelial Cell Migration (GO:0043535),6/54,0.0357361239673625,0.1758164709267931,0,0,2.6238974641675856,8.74175901723782,ANGPT4;ANGPT1;NRG1;PPARG;AGTR2;FGF2
GO_Biological_Process_2023,Regulation Of Lipid Metabolic Process (GO:0019216),6/54,0.0357361239673625,0.1758164709267931,0,0,2.6238974641675856,8.74175901723782,CAV1;RARRES2;ANGPTL8;PPARG;CCDC3;PCK1
GO_Biological_Process_2023,Nitrogen Compound Transport (GO:0071705),13/163,0.0362217739811829,0.1758164709267931,0,0,1.823562962962963,6.050754875658488,SLC22A3;EDN1;HBB;NRG1;SLC7A10;SLC6A2;AQP1;SLC7A3;SLC22A12;PDPN;SLC19A3;RAMP1;SLC38A4
GO_Biological_Process_2023,Cell-Substrate Junction Assembly (GO:0007044),4/28,0.0369396825279747,0.1758164709267931,0,0,3.4952328566189954,11.528916870606697,COL17A1;DST;SORBS1;FERMT2
GO_Biological_Process_2023,Hematopoietic Progenitor Cell Differentiation (GO:0002244),4/28,0.0369396825279747,0.1758164709267931,0,0,3.4952328566189954,11.528916870606697,SFRP1;FST;KIT;MEOX1
GO_Biological_Process_2023,Negative Regulation Of Wound Healing (GO:0061045),4/28,0.0369396825279747,0.1758164709267931,0,0,3.4952328566189954,11.528916870606697,EDN1;MMRN1;CLDN19;FGF2
GO_Biological_Process_2023,Positive Regulation Of Fibroblast Proliferation (GO:0048146),4/28,0.0369396825279747,0.1758164709267931,0,0,3.4952328566189954,11.528916870606697,PDGFRA;IGF1;AQP1;DDR2
GO_Biological_Process_2023,Regulation Of Bone Resorption (GO:0045124),4/28,0.0369396825279747,0.1758164709267931,0,0,3.4952328566189954,11.528916870606697,IL6;S1PR1;TMEM119;CARTPT
GO_Biological_Process_2023,Regulation Of Chemotaxis (GO:0050920),4/28,0.0369396825279747,0.1758164709267931,0,0,3.4952328566189954,11.528916870606697,P2RY12;PDGFRA;CCL21;RARRES2
GO_Biological_Process_2023,Regulation Of Nitric-Oxide Synthase Activity (GO:0050999),4/28,0.0369396825279747,0.1758164709267931,0,0,3.4952328566189954,11.528916870606697,FCER2;LEP;NPR3;HTR2B
GO_Biological_Process_2023,Regulation Of Platelet Activation (GO:0010543),4/28,0.0369396825279747,0.1758164709267931,0,0,3.4952328566189954,11.528916870606697,SELP;PDGFRA;NRG1;TLR4
GO_Biological_Process_2023,T-helper 17 Cell Lineage Commitment (GO:0072540),2/7,0.0375150457742071,0.1758164709267931,0,0,8.378485181119649,27.506677494447743,SOCS3;IL6
GO_Biological_Process_2023,Catecholamine Transport (GO:0051937),2/7,0.0375150457742071,0.1758164709267931,0,0,8.378485181119649,27.506677494447743,SLC22A3;SLC6A2
GO_Biological_Process_2023,Cell Migration Involved In Heart Development (GO:0060973),2/7,0.0375150457742071,0.1758164709267931,0,0,8.378485181119649,27.506677494447743,SNAI2;FOLR1
GO_Biological_Process_2023,Diacylglycerol Biosynthetic Process (GO:0006651),2/7,0.0375150457742071,0.1758164709267931,0,0,8.378485181119649,27.506677494447743,DGAT2;GPAM
GO_Biological_Process_2023,Estrogen Biosynthetic Process (GO:0006703),2/7,0.0375150457742071,0.1758164709267931,0,0,8.378485181119649,27.506677494447743,HSD17B2;CYP19A1
GO_Biological_Process_2023,Lymphatic Endothelial Cell Differentiation (GO:0060836),2/7,0.0375150457742071,0.1758164709267931,0,0,8.378485181119649,27.506677494447743,PDPN;PROX1
GO_Biological_Process_2023,Myoblast Migration (GO:0051451),2/7,0.0375150457742071,0.1758164709267931,0,0,8.378485181119649,27.506677494447743,ANXA1;THBS4
GO_Biological_Process_2023,"Negative Regulation Of Complement Activation, Classical Pathway (GO:0045959)",2/7,0.0375150457742071,0.1758164709267931,0,0,8.378485181119649,27.506677494447743,CR1;SVEP1
GO_Biological_Process_2023,Negative Regulation Of Glucose Import (GO:0046325),2/7,0.0375150457742071,0.1758164709267931,0,0,8.378485181119649,27.506677494447743,PID1;LEP
GO_Biological_Process_2023,Negative Regulation Of Intracellular Transport (GO:0032387),2/7,0.0375150457742071,0.1758164709267931,0,0,8.378485181119649,27.506677494447743,PLN;CRYAB
GO_Biological_Process_2023,Negative Regulation Of Nitric Oxide Biosynthetic Process (GO:0045019),2/7,0.0375150457742071,0.1758164709267931,0,0,8.378485181119649,27.506677494447743,PTGIS;CAV1
GO_Biological_Process_2023,Negative Regulation Of Nitric Oxide Metabolic Process (GO:1904406),2/7,0.0375150457742071,0.1758164709267931,0,0,8.378485181119649,27.506677494447743,PTGIS;CAV1
GO_Biological_Process_2023,Negative Regulation Of Phospholipase Activity (GO:0010519),2/7,0.0375150457742071,0.1758164709267931,0,0,8.378485181119649,27.506677494447743,RGS2;ANXA1
GO_Biological_Process_2023,Positive Regulation Of Glial Cell Migration (GO:1903977),2/7,0.0375150457742071,0.1758164709267931,0,0,8.378485181119649,27.506677494447743,P2RY12;CX3CL1
GO_Biological_Process_2023,Positive Regulation Of Myeloid Cell Apoptotic Process (GO:0033034),2/7,0.0375150457742071,0.1758164709267931,0,0,8.378485181119649,27.506677494447743,HCAR2;ANXA1
GO_Biological_Process_2023,Positive Regulation Of Oligodendrocyte Differentiation (GO:0048714),2/7,0.0375150457742071,0.1758164709267931,0,0,8.378485181119649,27.506677494447743,IL34;PTN
GO_Biological_Process_2023,Regulation Of Chaperone-Mediated Autophagy (GO:1904714),2/7,0.0375150457742071,0.1758164709267931,0,0,8.378485181119649,27.506677494447743,GFAP;SNCA
GO_Biological_Process_2023,Regulation Of Chemokine-Mediated Signaling Pathway (GO:0070099),2/7,0.0375150457742071,0.1758164709267931,0,0,8.378485181119649,27.506677494447743,SLIT1;SLIT2
GO_Biological_Process_2023,Regulation Of Lipase Activity (GO:0060191),2/7,0.0375150457742071,0.1758164709267931,0,0,8.378485181119649,27.506677494447743,PCSK5;SNCA
GO_Biological_Process_2023,Regulation Of Phospholipase A2 Activity (GO:0032429),2/7,0.0375150457742071,0.1758164709267931,0,0,8.378485181119649,27.506677494447743,ANXA1;LRP1
GO_Biological_Process_2023,Sinoatrial Node Development (GO:0003163),2/7,0.0375150457742071,0.1758164709267931,0,0,8.378485181119649,27.506677494447743,TBX18;CACNA1G
GO_Biological_Process_2023,Taurine Metabolic Process (GO:0019530),2/7,0.0375150457742071,0.1758164709267931,0,0,8.378485181119649,27.506677494447743,FMO1;CDO1
GO_Biological_Process_2023,Regulation Of Monoatomic Ion Transmembrane Transporter Activity (GO:0032412),7/69,0.0375325734825904,0.1758164709267931,0,0,2.3708431246884567,7.78240184516789,CRHBP;RELN;FHL1;ANK2;SCN3B;SCN4B;SCN2B
GO_Biological_Process_2023,Synaptic Vesicle Exocytosis (GO:0016079),5/41,0.0377576823808238,0.1766029780448533,0,0,2.914066324033284,9.548131563458014,SNAP25;UNC13A;CPLX2;SYT8;SNCA
GO_Biological_Process_2023,"Regulation Of Synaptic Transmission, Glutamatergic (GO:0051966)",6/55,0.0386247807533125,0.180112837138181,0,0,2.570213531939788,8.363118138877972,GRIN2A;UNC13A;RELN;GRIN2C;GRIN2B;DGKI
GO_Biological_Process_2023,Response To Peptide Hormone (GO:0043434),6/55,0.0386247807533125,0.180112837138181,0,0,2.570213531939788,8.363118138877972,ANXA1;CYP11A1;GPER1;CAV1;LEP;PCK1
GO_Biological_Process_2023,Cellular Response To Alkaloid (GO:0071312),3/17,0.0399634450737496,0.1824430029183938,0,0,4.491287284144427,14.461002404980958,CRHBP;CASQ2;RYR3
GO_Biological_Process_2023,Epoxygenase P450 Pathway (GO:0019373),3/17,0.0399634450737496,0.1824430029183938,0,0,4.491287284144427,14.461002404980958,CYP2A7;CYP2C8;CYP2A13
GO_Biological_Process_2023,Muscle Tissue Morphogenesis (GO:0060415),3/17,0.0399634450737496,0.1824430029183938,0,0,4.491287284144427,14.461002404980958,BMP2;PROX1;MYLK
GO_Biological_Process_2023,Negative Regulation Of Striated Muscle Cell Differentiation (GO:0051154),3/17,0.0399634450737496,0.1824430029183938,0,0,4.491287284144427,14.461002404980958,BMP2;TMEM119;CCN3
GO_Biological_Process_2023,Negative Regulation Of Vascular Associated Smooth Muscle Cell Proliferation (GO:1904706),3/17,0.0399634450737496,0.1824430029183938,0,0,4.491287284144427,14.461002404980958,CNN1;GPER1;PPARG
GO_Biological_Process_2023,Positive Regulation Of Heart Rate (GO:0010460),3/17,0.0399634450737496,0.1824430029183938,0,0,4.491287284144427,14.461002404980958,EDN1;EDN3;SCN3B
GO_Biological_Process_2023,Positive Regulation Of Macrophage Activation (GO:0043032),3/17,0.0399634450737496,0.1824430029183938,0,0,4.491287284144427,14.461002404980958,IL33;MMP8;TLR4
GO_Biological_Process_2023,Positive Regulation Of Macrophage Derived Foam Cell Differentiation (GO:0010744),3/17,0.0399634450737496,0.1824430029183938,0,0,4.491287284144427,14.461002404980958,AGTR1;CD36;APOB
GO_Biological_Process_2023,Positive Regulation Of Nitric-Oxide Synthase Activity (GO:0051000),3/17,0.0399634450737496,0.1824430029183938,0,0,4.491287284144427,14.461002404980958,FCER2;NPR3;HTR2B
GO_Biological_Process_2023,Positive Regulation Of Potassium Ion Transmembrane Transport (GO:1901381),3/17,0.0399634450737496,0.1824430029183938,0,0,4.491287284144427,14.461002404980958,KCNIP2;AKAP6;ANK2
GO_Biological_Process_2023,Positive Regulation Of Small GTPase Mediated Signal Transduction (GO:0051057),3/17,0.0399634450737496,0.1824430029183938,0,0,4.491287284144427,14.461002404980958,RELN;IGF1;FGF10
GO_Biological_Process_2023,Regulation Of Brown Fat Cell Differentiation (GO:0090335),3/17,0.0399634450737496,0.1824430029183938,0,0,4.491287284144427,14.461002404980958,LEP;PTGS2;VSTM2A
GO_Biological_Process_2023,Regulation Of Receptor Signaling Pathway Via STAT (GO:1904892),3/17,0.0399634450737496,0.1824430029183938,0,0,4.491287284144427,14.461002404980958,IL6;TSLP;PPARG
GO_Biological_Process_2023,Triglyceride Biosynthetic Process (GO:0019432),3/17,0.0399634450737496,0.1824430029183938,0,0,4.491287284144427,14.461002404980958,DGAT2;GPAM;PCK1
GO_Biological_Process_2023,Negative Regulation Of Epithelial Cell Proliferation (GO:0050680),7/70,0.0401291865829573,0.1824430029183938,0,0,2.33308805494236,7.502397787277856,SOX2;SFRP1;CAV2;TNMD;CAV1;ATOH8;SNAI2
GO_Biological_Process_2023,Regulation Of G Protein-Coupled Receptor Signaling Pathway (GO:0008277),7/70,0.0401291865829573,0.1824430029183938,0,0,2.33308805494236,7.502397787277856,RGS2;EDN1;GPER1;KLK5;SYP;KCTD12;KLK6
GO_Biological_Process_2023,Regulation Of Actin Filament Polymerization (GO:0030833),7/70,0.0401291865829573,0.1824430029183938,0,0,2.33308805494236,7.502397787277856,CCL24;CSF3;CCL21;LMOD1;ARHGAP28;SLIT2;PAK3
GO_Biological_Process_2023,Axon Guidance (GO:0007411),12/149,0.0404126349659061,0.1831920765635127,0,0,1.842235310320244,5.911019790358877,CXCL12;RELN;SEMA3D;FEZ1;SEMA3A;BOC;CNTN1;SEMA3G;SLIT1;NEXN;SLIT2;PLXNA4
GO_Biological_Process_2023,Negative Regulation Of Protein Phosphorylation (GO:0001933),12/149,0.0404126349659061,0.1831920765635127,0,0,1.842235310320244,5.911019790358877,MLXIPL;SFRP1;PID1;LRP1;CAV1;SPRY2;PPARG;DMD;SLIT2;INSM1;KLHL31;SNCA
GO_Biological_Process_2023,Branching Morphogenesis Of An Epithelial Tube (GO:0048754),5/42,0.0413111138861336,0.1863677440957167,0,0,2.835158947493749,9.034584734638168,WT1;SLIT2;FGF2;TGFBR2;FGF10
GO_Biological_Process_2023,Modified Amino Acid Transport (GO:0072337),4/29,0.0413546824443038,0.1863677440957167,0,0,3.355247524752475,10.688374598005687,PDPN;FOLR2;FOLR1;SLC7A3
GO_Biological_Process_2023,Positive Regulation Of Neural Precursor Cell Proliferation (GO:2000179),4/29,0.0413546824443038,0.1863677440957167,0,0,3.355247524752475,10.688374598005687,DCT;PROX1;INSM1;CX3CL1
GO_Biological_Process_2023,Regulation Of Blood Coagulation (GO:0030193),4/29,0.0413546824443038,0.1863677440957167,0,0,3.355247524752475,10.688374598005687,EDN1;CAV1;EMILIN2;NRG1
GO_Biological_Process_2023,Protein Processing (GO:0016485),10/117,0.0415217159665634,0.1868477218495354,0,0,1.9643762743088975,6.249739162245365,KLK1;MME;CPXM2;CNTN1;CPXM1;CTSG;TLL1;MASP1;PCSK5;KLK6
GO_Biological_Process_2023,Positive Regulation Of Cellular Metabolic Process (GO:0031325),6/56,0.0416578057611203,0.1869151836985154,0,0,2.5186769570011025,8.005026633774959,PID1;AKR1C1;ADIPOQ;AGTR1;AKR1C3;TGFBR2
GO_Biological_Process_2023,Regulation Of Reactive Oxygen Species Metabolic Process (GO:2000377),6/56,0.0416578057611203,0.1869151836985154,0,0,2.5186769570011025,8.005026633774959,PID1;AKR1C1;AGTR1;AKR1C3;TGFBR2;SNCA
GO_Biological_Process_2023,Regulation Of Insulin Secretion (GO:0050796),8/87,0.0449982658012454,0.2007214122718909,0,0,2.126917966291349,6.595851936723681,SNAP25;SFRP1;IL6;KCNB1;GPER1;NNAT;CCN3;FOXO1
GO_Biological_Process_2023,Energy Derivation By Oxidation Of Organic Compounds (GO:0015980),5/43,0.0450599088773632,0.2007214122718909,0,0,2.7604045907720844,8.556598266047232,PID1;NR4A3;ADRB3;LEP;LEPR
GO_Biological_Process_2023,Negative Regulation Of BMP Signaling Pathway (GO:0030514),5/43,0.0450599088773632,0.2007214122718909,0,0,2.7604045907720844,8.556598266047232,GREM2;SOSTDC1;PPARG;CHRDL1;FBN1
GO_Biological_Process_2023,Neurotransmitter Secretion (GO:0007269),5/43,0.0450599088773632,0.2007214122718909,0,0,2.7604045907720844,8.556598266047232,SNAP25;UNC13A;CPLX2;SYN2;SNCA
GO_Biological_Process_2023,Positive Regulation Of Biomineral Tissue Development (GO:0070169),5/43,0.0450599088773632,0.2007214122718909,0,0,2.7604045907720844,8.556598266047232,KL;BMP2;TMEM119;PTN;BMP6
GO_Biological_Process_2023,Cholesterol Homeostasis (GO:0042632),7/72,0.0456666884377877,0.2010679544684402,0,0,2.2610629988113438,6.97851355791096,CYP39A1;DGAT2;AKR1C1;CAV1;APOB;CES1;GPIHBP1
GO_Biological_Process_2023,Transforming Growth Factor Beta Receptor Signaling Pathway (GO:0007179),7/72,0.0456666884377877,0.2010679544684402,0,0,2.2610629988113438,6.97851355791096,GDF10;CLDN5;COL3A1;WFIKKN2;FOS;FERMT2;TGFBR2
GO_Biological_Process_2023,Cardiac Muscle Cell Action Potential Involved In Contraction (GO:0086002),4/30,0.046054966529992,0.2010679544684402,0,0,3.226030295337226,9.929462106170588,SCN3B;SCN4B;CACNA1G;SCN2B
GO_Biological_Process_2023,Negative Regulation Of Myeloid Leukocyte Differentiation (GO:0002762),4/30,0.046054966529992,0.2010679544684402,0,0,3.226030295337226,9.929462106170588,CARTPT;HOXA7;TLR4;FBN1
GO_Biological_Process_2023,Positive Regulation Of Cell Communication (GO:0010647),4/30,0.046054966529992,0.2010679544684402,0,0,3.226030295337226,9.929462106170588,EDN1;TNXB;EDN3;CARTPT
GO_Biological_Process_2023,Branching Involved In Ureteric Bud Morphogenesis (GO:0001658),3/18,0.0463752457342175,0.2010679544684402,0,0,4.191648351648352,12.872507904658605,WT1;FGF1;FGF2
GO_Biological_Process_2023,Excitatory Postsynaptic Potential (GO:0060079),3/18,0.0463752457342175,0.2010679544684402,0,0,4.191648351648352,12.872507904658605,GRIN2A;GRIN2C;GRIN2B
GO_Biological_Process_2023,Myoblast Fusion (GO:0007520),3/18,0.0463752457342175,0.2010679544684402,0,0,4.191648351648352,12.872507904658605,ADAMTS5;MYMX;JAM2
GO_Biological_Process_2023,Negative Regulation Of Lipid Storage (GO:0010888),3/18,0.0463752457342175,0.2010679544684402,0,0,4.191648351648352,12.872507904658605,IL6;PPARG;CES1
GO_Biological_Process_2023,Negative Regulation Of Viral Entry Into Host Cell (GO:0046597),3/18,0.0463752457342175,0.2010679544684402,0,0,4.191648351648352,12.872507904658605,LRRC15;CH25H;GSN
GO_Biological_Process_2023,Neural Crest Cell Differentiation (GO:0014033),3/18,0.0463752457342175,0.2010679544684402,0,0,4.191648351648352,12.872507904658605,HTR2B;SNAI2;NRG1
GO_Biological_Process_2023,Neutrophil Activation (GO:0042119),3/18,0.0463752457342175,0.2010679544684402,0,0,4.191648351648352,12.872507904658605,CXCR2;CTSG;DNASE1L3
GO_Biological_Process_2023,Nitric Oxide Mediated Signal Transduction (GO:0007263),3/18,0.0463752457342175,0.2010679544684402,0,0,4.191648351648352,12.872507904658605,KCNC2;AGTR2;CD36
GO_Biological_Process_2023,Positive Regulation Of G Protein-Coupled Receptor Signaling Pathway (GO:0045745),3/18,0.0463752457342175,0.2010679544684402,0,0,4.191648351648352,12.872507904658605,GPER1;KLK5;KLK6
GO_Biological_Process_2023,Positive Regulation Of Focal Adhesion Assembly (GO:0051894),3/18,0.0463752457342175,0.2010679544684402,0,0,4.191648351648352,12.872507904658605,SFRP1;NRG1;FERMT2
GO_Biological_Process_2023,Regulation Of Lymphocyte Proliferation (GO:0050670),3/18,0.0463752457342175,0.2010679544684402,0,0,4.191648351648352,12.872507904658605,CD209;LEP;FGF10
GO_Biological_Process_2023,Renal Absorption (GO:0070293),3/18,0.0463752457342175,0.2010679544684402,0,0,4.191648351648352,12.872507904658605,GSN;HBB;HAS2
GO_Biological_Process_2023,Response To Ethanol (GO:0045471),3/18,0.0463752457342175,0.2010679544684402,0,0,4.191648351648352,12.872507904658605,CRHBP;GRIN2A;GRIN2B
GO_Biological_Process_2023,Vesicle-Mediated Transport In Synapse (GO:0099003),3/18,0.0463752457342175,0.2010679544684402,0,0,4.191648351648352,12.872507904658605,SNAP25;CPLX2;SNCA
GO_Biological_Process_2023,Regulation Of Apoptotic Process (GO:0042981),42/705,0.0476104345572721,0.2030570225711745,0,0,1.3399899216067244,4.079871774312235,ALK;BEX1;CSRNP3;HTR2B;ASCL1;SLC6A2;FSTL1;FOXO1;CX3CL1;AQP1;SOCS3;ACVR1C;ADAMTSL4;FRZB;GPER1;PDPN;EMILIN2;SLIT2;HOXA5;SNCA;ANGPT4;EGR1;ANXA1;EGR3;TSLP;ANGPT1;CIDEA;NRG1;IGF1;CIDEC;TNFRSF10D;SFRP4;SFRP1;BMP2;IL6;WT1;NEURL1;GAS1;SPRY2;ANGPTL4;ALPK2;CRYAB
GO_Biological_Process_2023,Regulation Of Cellular Component Organization (GO:0051128),12/153,0.0478287651669746,0.2030570225711745,0,0,1.7895954849221904,5.44059941172676,ANGPTL7;FAM107A;AGTR1;STON1;NRG1;CD36;INSM1;KLK8;SLC6A2;SGK2;GFAP;PAPPA2
GO_Biological_Process_2023,Memory (GO:0007613),6/58,0.0481628425392412,0.2030570225711745,0,0,2.4215503350012724,7.344967671367697,NTF4;SLC2A4;PTN;SCN2A;KLK8;SLC8A2
GO_Biological_Process_2023,T-helper 17 Cell Differentiation (GO:0072539),2/8,0.0485308209896502,0.2030570225711745,0,0,6.981705085986096,21.123541099357983,SOCS3;IL6
GO_Biological_Process_2023,Angiotensin Maturation (GO:0002003),2/8,0.0485308209896502,0.2030570225711745,0,0,6.981705085986096,21.123541099357983,CMA1;CTSG
GO_Biological_Process_2023,Cardioblast Differentiation (GO:0010002),2/8,0.0485308209896502,0.2030570225711745,0,0,6.981705085986096,21.123541099357983,MYOCD;NRG1
GO_Biological_Process_2023,Cellular Response To Platelet-Derived Growth Factor Stimulus (GO:0036120),2/8,0.0485308209896502,0.2030570225711745,0,0,6.981705085986096,21.123541099357983,HAS1;HAS2
GO_Biological_Process_2023,Detection Of Mechanical Stimulus Involved In Sensory Perception Of Sound (GO:0050910),2/8,0.0485308209896502,0.2030570225711745,0,0,6.981705085986096,21.123541099357983,COL11A1;KIT
GO_Biological_Process_2023,Endothelial Cell Chemotaxis (GO:0035767),2/8,0.0485308209896502,0.2030570225711745,0,0,6.981705085986096,21.123541099357983,NR4A1;EGR3
GO_Biological_Process_2023,Leptin-Mediated Signaling Pathway (GO:0033210),2/8,0.0485308209896502,0.2030570225711745,0,0,6.981705085986096,21.123541099357983,LEP;LEPR
GO_Biological_Process_2023,Negative Regulation Of Cholesterol Storage (GO:0010887),2/8,0.0485308209896502,0.2030570225711745,0,0,6.981705085986096,21.123541099357983,PPARG;CES1
GO_Biological_Process_2023,Negative Regulation Of Lipase Activity (GO:0060192),2/8,0.0485308209896502,0.2030570225711745,0,0,6.981705085986096,21.123541099357983,RGS2;ANGPTL4
GO_Biological_Process_2023,Negative Regulation Of Long-Term Synaptic Potentiation (GO:1900272),2/8,0.0485308209896502,0.2030570225711745,0,0,6.981705085986096,21.123541099357983,FAM107A;PTN
GO_Biological_Process_2023,Negative Regulation Of Systemic Arterial Blood Pressure (GO:0003085),2/8,0.0485308209896502,0.2030570225711745,0,0,6.981705085986096,21.123541099357983,ADRB3;ADRB2
GO_Biological_Process_2023,Positive Regulation Of Blood Pressure (GO:0045777),2/8,0.0485308209896502,0.2030570225711745,0,0,6.981705085986096,21.123541099357983,SPX;CARTPT
GO_Biological_Process_2023,Positive Regulation Of Synapse Maturation (GO:0090129),2/8,0.0485308209896502,0.2030570225711745,0,0,6.981705085986096,21.123541099357983,RELN;NEURL1
GO_Biological_Process_2023,Regulation Of Angiotensin Levels In Blood (GO:0002002),2/8,0.0485308209896502,0.2030570225711745,0,0,6.981705085986096,21.123541099357983,CMA1;CTSG
GO_Biological_Process_2023,"Regulation Of Complement Activation, Classical Pathway (GO:0030450)",2/8,0.0485308209896502,0.2030570225711745,0,0,6.981705085986096,21.123541099357983,CR1;SVEP1
GO_Biological_Process_2023,Regulation Of Endothelial Cell Differentiation (GO:0045601),2/8,0.0485308209896502,0.2030570225711745,0,0,6.981705085986096,21.123541099357983,TMEM100;ATOH8
GO_Biological_Process_2023,Regulation Of Fibroblast Apoptotic Process (GO:2000269),2/8,0.0485308209896502,0.2030570225711745,0,0,6.981705085986096,21.123541099357983,SFRP1;TP63
GO_Biological_Process_2023,Regulation Of Mitotic Sister Chromatid Segregation (GO:0033047),2/8,0.0485308209896502,0.2030570225711745,0,0,6.981705085986096,21.123541099357983,DUSP1;USP44
GO_Biological_Process_2023,Skeletal Myofibril Assembly (GO:0014866),2/8,0.0485308209896502,0.2030570225711745,0,0,6.981705085986096,21.123541099357983,MYH11;PROX1
GO_Biological_Process_2023,Sympathetic Ganglion Development (GO:0061549),2/8,0.0485308209896502,0.2030570225711745,0,0,6.981705085986096,21.123541099357983,SEMA3A;INSM1
GO_Biological_Process_2023,Type B Pancreatic Cell Differentiation (GO:0003309),2/8,0.0485308209896502,0.2030570225711745,0,0,6.981705085986096,21.123541099357983,INSM1;BMP6
GO_Biological_Process_2023,Cellular Response To Reactive Oxygen Species (GO:0034614),7/73,0.0486100225721081,0.2030570225711745,0,0,2.2266874038397217,6.7333369180248654,PDGFRA;EDN1;IL6;ANXA1;FOS;SLC6A2;AQP1
GO_Biological_Process_2023,Protein Tetramerization (GO:0051262),7/73,0.0486100225721081,0.2030570225711745,0,0,2.2266874038397217,6.7333369180248654,ALDH1A3;KCNC1;ALDH1A2;ACACB;GRIN2B;RYR3;SNCA
GO_Biological_Process_2023,Sterol Homeostasis (GO:0055092),7/73,0.0486100225721081,0.2030570225711745,0,0,2.2266874038397217,6.7333369180248654,CYP39A1;DGAT2;AKR1C1;CAV1;APOB;CES1;GPIHBP1
GO_Biological_Process_2023,Bone Development (GO:0060348),5/44,0.0490051408674532,0.2041550200510503,0,0,2.689483790805377,8.1110260910046,SFRP4;CYP26B1;EPYC;OGN;BMP6
GO_Biological_Process_2023,Embryonic Organ Morphogenesis (GO:0048562),5/44,0.0490051408674532,0.2041550200510503,0,0,2.689483790805377,8.1110260910046,MFAP5;PDGFRA;ALDH1A3;SOX17;FBN1
GO_Biological_Process_2023,Endodermal Cell Differentiation (GO:0035987),4/31,0.0510397845635213,0.2114896844934098,0,0,3.1063847125453288,9.241960045395876,COL11A1;MMP2;ITGA7;MMP8
GO_Biological_Process_2023,Leukocyte Cell-Cell Adhesion (GO:0007159),4/31,0.0510397845635213,0.2114896844934098,0,0,3.1063847125453288,9.241960045395876,SELP;NT5E;CD209;JAM2
GO_Biological_Process_2023,Positive Regulation Of Leukocyte Migration (GO:0002687),4/31,0.0510397845635213,0.2114896844934098,0,0,3.1063847125453288,9.241960045395876,IL6;EDN3;PTN;LYVE1
GO_Biological_Process_2023,Regulation Of Transmembrane Receptor Protein Serine/Threonine Kinase Signaling Pathway (GO:0090092),4/31,0.0510397845635213,0.2114896844934098,0,0,3.1063847125453288,9.241960045395876,SFRP4;FST;FSTL1;FOLR1
GO_Biological_Process_2023,Heart Morphogenesis (GO:0003007),6/59,0.0516371905344644,0.2132470455299391,0,0,2.3757358906617294,7.040524480005696,ADAMTS5;BMP2;SOX17;FLRT2;HTR2B;ALPK2
GO_Biological_Process_2023,Regulation Of Cell Death (GO:0010941),6/59,0.0516371905344644,0.2132470455299391,0,0,2.3757358906617294,7.040524480005696,CCN5;HBB;CCN3;CCN2;CRYAB;SNCA
GO_Biological_Process_2023,Gland Development (GO:0048732),7/74,0.0516711338051164,0.2132470455299391,0,0,2.1933379460314324,6.49854447966223,SOX2;ANXA1;WT1;CAV1;NRG1;PROX1;FGF10
GO_Biological_Process_2023,Fatty Acid Metabolic Process (GO:0006631),10/122,0.0525904689241631,0.2157660015110735,0,0,1.876186521120076,5.525782768960663,ABCD2;GPAM;ACSL1;ADIPOQ;SLC27A6;ACSM5;CD36;SLC27A2;ACACB;CES1
GO_Biological_Process_2023,Positive Regulation Of Macromolecule Biosynthetic Process (GO:0010557),10/122,0.0525904689241631,0.2157660015110735,0,0,1.876186521120076,5.525782768960663,FCER2;IL33;IL6;CCL21;SAMD4A;IGF1;SORBS1;KLF4;FGF2;TLR4
GO_Biological_Process_2023,Atrioventricular Valve Morphogenesis (GO:0003181),3/19,0.0532600236966109,0.2157660015110735,0,0,3.929464285714286,11.523426147692732,BMP2;SLIT1;TGFBR2
GO_Biological_Process_2023,Cellular Response To Catecholamine Stimulus (GO:0071870),3/19,0.0532600236966109,0.2157660015110735,0,0,3.929464285714286,11.523426147692732,GNG2;NR4A3;SNCA
GO_Biological_Process_2023,Embryonic Digestive Tract Development (GO:0048566),3/19,0.0532600236966109,0.2157660015110735,0,0,3.929464285714286,11.523426147692732,PDGFRA;RARRES2;PCSK5
GO_Biological_Process_2023,Eye Morphogenesis (GO:0048592),3/19,0.0532600236966109,0.2157660015110735,0,0,3.929464285714286,11.523426147692732,MFAP5;ALDH1A3;FBN1
GO_Biological_Process_2023,Inositol Phosphate-Mediated Signaling (GO:0048016),3/19,0.0532600236966109,0.2157660015110735,0,0,3.929464285714286,11.523426147692732,EDN1;EDN3;NMUR1
GO_Biological_Process_2023,Regulation Of Acute Inflammatory Response (GO:0002673),3/19,0.0532600236966109,0.2157660015110735,0,0,3.929464285714286,11.523426147692732,IL6;C2CD4B;DNASE1L3
GO_Biological_Process_2023,Regulation Of Behavior (GO:0050795),3/19,0.0532600236966109,0.2157660015110735,0,0,3.929464285714286,11.523426147692732,RELN;HTR2B;LEPR
GO_Biological_Process_2023,Regulation Of Fibroblast Growth Factor Receptor Signaling Pathway (GO:0040036),3/19,0.0532600236966109,0.2157660015110735,0,0,3.929464285714286,11.523426147692732,SPRY2;SPRY1;FGF2
GO_Biological_Process_2023,Regulation Of Insulin-Like Growth Factor Receptor Signaling Pathway (GO:0043567),3/19,0.0532600236966109,0.2157660015110735,0,0,3.929464285714286,11.523426147692732,CILP;IGF1;IGFBP6
GO_Biological_Process_2023,Regulation Of Smooth Muscle Cell Migration (GO:0014910),3/19,0.0532600236966109,0.2157660015110735,0,0,3.929464285714286,11.523426147692732,LRP1;IGF1;SLIT2
GO_Biological_Process_2023,Response To Fatty Acid (GO:0070542),3/19,0.0532600236966109,0.2157660015110735,0,0,3.929464285714286,11.523426147692732,PID1;PDK4;FOXO1
GO_Biological_Process_2023,Steroid Hormone Biosynthetic Process (GO:0120178),3/19,0.0532600236966109,0.2157660015110735,0,0,3.929464285714286,11.523426147692732,CYP11A1;HSD17B2;CYP19A1
GO_Biological_Process_2023,Homophilic Cell Adhesion Via Plasma Membrane Adhesion Molecules (GO:0007156),6/60,0.0552605778830219,0.2232845601111109,0,0,2.3316182775940217,6.75165655884054,CADM3;HMCN2;NEXN;FAT2;HMCN1;NECTIN3
GO_Biological_Process_2023,Regulation Of Extrinsic Apoptotic Signaling Pathway (GO:2001236),6/60,0.0552605778830219,0.2232845601111109,0,0,2.3316182775940217,6.75165655884054,GPER1;CAV1;G0S2;AGTR2;IGF1;TLR4
GO_Biological_Process_2023,Positive Regulation Of Binding (GO:0051099),8/91,0.0560228995295578,0.2257417566593575,0,0,2.0239898821806563,5.833128217860384,CLDN5;CSF3;BMP2;LRP1;CAV1;PPARG;IGF1;MMP8
GO_Biological_Process_2023,Negative Regulation Of G1/S Transition Of Mitotic Cell Cycle (GO:2000134),4/32,0.0563074676474587,0.2257417566593575,0,0,2.995285242809995,8.617220319570704,GPNMB;FHL1;FAM107A;KLF4
GO_Biological_Process_2023,Negative Regulation Of Osteoblast Differentiation (GO:0045668),4/32,0.0563074676474587,0.2257417566593575,0,0,2.995285242809995,8.617220319570704,GDF10;TWIST2;PPARG;RORB
GO_Biological_Process_2023,Regulation Of Calcium Ion Transmembrane Transporter Activity (GO:1901019),4/32,0.0563074676474587,0.2257417566593575,0,0,2.995285242809995,8.617220319570704,JPH2;PLN;DMD;ANK2
GO_Biological_Process_2023,Respiratory System Development (GO:0060541),4/32,0.0563074676474587,0.2257417566593575,0,0,2.995285242809995,8.617220319570704,FGF7;WT1;PDPN;PROX1
GO_Biological_Process_2023,Very Long-Chain Fatty Acid Metabolic Process (GO:0000038),4/32,0.0563074676474587,0.2257417566593575,0,0,2.995285242809995,8.617220319570704,ABCD2;ACSL1;SLC27A6;SLC27A2
GO_Biological_Process_2023,T Cell Differentiation (GO:0030217),5/46,0.0574869882563434,0.2267703958815288,0,0,2.558020844525626,7.306210561598534,ANXA1;USP44;LEP;KIT;LEPR
GO_Biological_Process_2023,Regulation Of Fibroblast Proliferation (GO:0048145),5/46,0.0574869882563434,0.2267703958815288,0,0,2.558020844525626,7.306210561598534,PDGFRA;SFRP1;IGF1;AQP1;DDR2
GO_Biological_Process_2023,Positive Regulation Of Interleukin-6 Production (GO:0032755),7/76,0.0581499676314063,0.2267703958815288,0,0,2.129538983267748,6.057963339571153,IL33;IL6;TSLP;LEP;MMP8;RAB7B;TLR4
GO_Biological_Process_2023,Positive Regulation Of Protein Secretion (GO:0050714),7/76,0.0581499676314063,0.2267703958815288,0,0,2.129538983267748,6.057963339571153,HCAR2;GPER1;NNAT;PPARG;IGF1;TLR4;BMP6
GO_Biological_Process_2023,Lipid Transport (GO:0006869),9/108,0.0586589439189151,0.2267703958815288,0,0,1.909493161705551,5.415351667217038,SLC10A6;FABP4;FABP5;ACSL1;ABCA6;AKR1C1;ABCA9;ABCA8;CD36
GO_Biological_Process_2023,BMP Signaling Pathway (GO:0030509),6/61,0.0590335663614519,0.2267703958815288,0,0,2.28910494136514,6.477363680988338,TMEM100;GDF10;BMP2;PPARG;LEFTY2;BMP6
GO_Biological_Process_2023,Positive Regulation Of Cell Junction Assembly (GO:1901890),6/61,0.0590335663614519,0.2267703958815288,0,0,2.28910494136514,6.477363680988338,CLDN5;SFRP1;CAV1;CLDN19;NRG1;FERMT2
GO_Biological_Process_2023,Actin-Mediated Cell Contraction (GO:0070252),2/9,0.0605466040837572,0.2267703958815288,0,0,5.984005018033558,16.781195972272872,GSN;PDPN
GO_Biological_Process_2023,Adrenal Gland Development (GO:0030325),2/9,0.0605466040837572,0.2267703958815288,0,0,5.984005018033558,16.781195972272872,WT1;INSM1
GO_Biological_Process_2023,Amine Metabolic Process (GO:0009308),2/9,0.0605466040837572,0.2267703958815288,0,0,5.984005018033558,16.781195972272872,AOC3;INMT
GO_Biological_Process_2023,Cellular Response To Oxidised Low-Density Lipoprotein Particle Stimulus (GO:0140052),2/9,0.0605466040837572,0.2267703958815288,0,0,5.984005018033558,16.781195972272872,CD36;TLR4
GO_Biological_Process_2023,Cellular Response To Purine-Containing Compound (GO:0071415),2/9,0.0605466040837572,0.2267703958815288,0,0,5.984005018033558,16.781195972272872,CASQ2;RYR3
GO_Biological_Process_2023,Embryonic Eye Morphogenesis (GO:0048048),2/9,0.0605466040837572,0.2267703958815288,0,0,5.984005018033558,16.781195972272872,MFAP5;FBN1
GO_Biological_Process_2023,Endodermal Cell Fate Commitment (GO:0001711),2/9,0.0605466040837572,0.2267703958815288,0,0,5.984005018033558,16.781195972272872,SOX2;SOX17
GO_Biological_Process_2023,Hematopoietic Stem Cell Differentiation (GO:0060218),2/9,0.0605466040837572,0.2267703958815288,0,0,5.984005018033558,16.781195972272872,SFRP1;MEOX1
GO_Biological_Process_2023,Intestinal Cholesterol Absorption (GO:0030299),2/9,0.0605466040837572,0.2267703958815288,0,0,5.984005018033558,16.781195972272872,AKR1C1;CD36
GO_Biological_Process_2023,Muscle Cell Migration (GO:0014812),2/9,0.0605466040837572,0.2267703958815288,0,0,5.984005018033558,16.781195972272872,CCN3;THBS4
GO_Biological_Process_2023,Negative Regulation Of Humoral Immune Response Mediated By Circulating Immunoglobulin (GO:0002924),2/9,0.0605466040837572,0.2267703958815288,0,0,5.984005018033558,16.781195972272872,CR1;SVEP1
GO_Biological_Process_2023,Negative Regulation Of Leukocyte Migration (GO:0002686),2/9,0.0605466040837572,0.2267703958815288,0,0,5.984005018033558,16.781195972272872,SLIT2;HOXA7
GO_Biological_Process_2023,Negative Regulation Of Lipid Localization (GO:1905953),2/9,0.0605466040837572,0.2267703958815288,0,0,5.984005018033558,16.781195972272872,IL6;PPARG
GO_Biological_Process_2023,Negative Regulation Of Muscle Cell Apoptotic Process (GO:0010656),2/9,0.0605466040837572,0.2267703958815288,0,0,5.984005018033558,16.781195972272872,IGF1;GRIA4
GO_Biological_Process_2023,Neuron Projection Regeneration (GO:0031102),2/9,0.0605466040837572,0.2267703958815288,0,0,5.984005018033558,16.781195972272872,PTN;FOLR1
GO_Biological_Process_2023,Positive Regulation Of Cardiocyte Differentiation (GO:1905209),2/9,0.0605466040837572,0.2267703958815288,0,0,5.984005018033558,16.781195972272872,MYOCD;GPER1
GO_Biological_Process_2023,Positive Regulation Of Hippo Signaling (GO:0035332),2/9,0.0605466040837572,0.2267703958815288,0,0,5.984005018033558,16.781195972272872,SCHIP1;FRMD1
GO_Biological_Process_2023,Positive Regulation Of Keratinocyte Migration (GO:0051549),2/9,0.0605466040837572,0.2267703958815288,0,0,5.984005018033558,16.781195972272872,FGF7;FGF10
GO_Biological_Process_2023,Positive Regulation Of Platelet Activation (GO:0010572),2/9,0.0605466040837572,0.2267703958815288,0,0,5.984005018033558,16.781195972272872,SELP;TLR4
GO_Biological_Process_2023,Positive Regulation Of Protein Kinase A Signaling (GO:0010739),2/9,0.0605466040837572,0.2267703958815288,0,0,5.984005018033558,16.781195972272872,ADIPOQ;ADRB2
GO_Biological_Process_2023,Positive Regulation Of Vasculogenesis (GO:2001214),2/9,0.0605466040837572,0.2267703958815288,0,0,5.984005018033558,16.781195972272872,TMEM100;CD34
GO_Biological_Process_2023,Regulation Of Actin Filament-Based Movement (GO:1903115),2/9,0.0605466040837572,0.2267703958815288,0,0,5.984005018033558,16.781195972272872,PLN;PDPN
GO_Biological_Process_2023,Regulation Of Complement Activation (GO:0030449),2/9,0.0605466040837572,0.2267703958815288,0,0,5.984005018033558,16.781195972272872,CR1;CFH
GO_Biological_Process_2023,Regulation Of Complement-Dependent Cytotoxicity (GO:1903659),2/9,0.0605466040837572,0.2267703958815288,0,0,5.984005018033558,16.781195972272872,CR1;CFH
GO_Biological_Process_2023,Regulation Of Dendritic Cell Apoptotic Process (GO:2000668),2/9,0.0605466040837572,0.2267703958815288,0,0,5.984005018033558,16.781195972272872,CXCL12;CCL21
GO_Biological_Process_2023,Regulation Of Leukocyte Mediated Cytotoxicity (GO:0001910),2/9,0.0605466040837572,0.2267703958815288,0,0,5.984005018033558,16.781195972272872,LEP;DNASE1L3
GO_Biological_Process_2023,Regulation Of Receptor Binding (GO:1900120),2/9,0.0605466040837572,0.2267703958815288,0,0,5.984005018033558,16.781195972272872,GREM2;ADIPOQ
GO_Biological_Process_2023,Response To Platelet-Derived Growth Factor (GO:0036119),2/9,0.0605466040837572,0.2267703958815288,0,0,5.984005018033558,16.781195972272872,HAS1;HAS2
GO_Biological_Process_2023,Sequestering Of Extracellular Ligand From Receptor (GO:0035581),2/9,0.0605466040837572,0.2267703958815288,0,0,5.984005018033558,16.781195972272872,GREM2;FBN1
GO_Biological_Process_2023,Skeletal Muscle Tissue Regeneration (GO:0043403),2/9,0.0605466040837572,0.2267703958815288,0,0,5.984005018033558,16.781195972272872,ANXA1;MYMX
GO_Biological_Process_2023,Smooth Muscle Tissue Development (GO:0048745),2/9,0.0605466040837572,0.2267703958815288,0,0,5.984005018033558,16.781195972272872,PROX1;MYLK
GO_Biological_Process_2023,Toxin Transport (GO:1901998),2/9,0.0605466040837572,0.2267703958815288,0,0,5.984005018033558,16.781195972272872,SLC22A3;ANTXR2
GO_Biological_Process_2023,Ameboidal-Type Cell Migration (GO:0001667),3/20,0.0606043332044902,0.2267703958815288,0,0,3.698125404007757,10.367283647157375,FAT2;CCN3;TNS1
GO_Biological_Process_2023,Calcium-Mediated Signaling Using Intracellular Calcium Source (GO:0035584),3/20,0.0606043332044902,0.2267703958815288,0,0,3.698125404007757,10.367283647157375,SELP;PTGFR;DEFB1
GO_Biological_Process_2023,Cellular Response To Copper Ion (GO:0071280),3/20,0.0606043332044902,0.2267703958815288,0,0,3.698125404007757,10.367283647157375,MT1X;AQP1;SNCA
GO_Biological_Process_2023,Cellular Response To Estradiol Stimulus (GO:0071392),3/20,0.0606043332044902,0.2267703958815288,0,0,3.698125404007757,10.367283647157375,CRHBP;SFRP1;GPER1
GO_Biological_Process_2023,Hydrogen Peroxide Catabolic Process (GO:0042744),3/20,0.0606043332044902,0.2267703958815288,0,0,3.698125404007757,10.367283647157375,GPX3;HBB;PXDNL
GO_Biological_Process_2023,Myoblast Differentiation (GO:0045445),3/20,0.0606043332044902,0.2267703958815288,0,0,3.698125404007757,10.367283647157375,MYOCD;NRG1;IGF1
GO_Biological_Process_2023,Negative Regulation Of Small GTPase Mediated Signal Transduction (GO:0051058),3/20,0.0606043332044902,0.2267703958815288,0,0,3.698125404007757,10.367283647157375,SPRY2;SPRY1;SLIT2
GO_Biological_Process_2023,Peripheral Nervous System Development (GO:0007422),3/20,0.0606043332044902,0.2267703958815288,0,0,3.698125404007757,10.367283647157375,EGR2;ASIC2;SOX10
GO_Biological_Process_2023,Positive Regulation Of Leukocyte Activation (GO:0002696),3/20,0.0606043332044902,0.2267703958815288,0,0,3.698125404007757,10.367283647157375,IL33;TSLP;TLR4
GO_Biological_Process_2023,Positive Regulation Of Protein Processing (GO:0010954),3/20,0.0606043332044902,0.2267703958815288,0,0,3.698125404007757,10.367283647157375,CLEC3B;GSN;ANGPTL8
GO_Biological_Process_2023,Regulation Of Fibroblast Migration (GO:0010762),3/20,0.0606043332044902,0.2267703958815288,0,0,3.698125404007757,10.367283647157375,HAS1;FGF2;DDR2
GO_Biological_Process_2023,Regulation Of Membrane Depolarization (GO:0003254),3/20,0.0606043332044902,0.2267703958815288,0,0,3.698125404007757,10.367283647157375,FHL1;SCN3B;SCN2B
GO_Biological_Process_2023,Regulation Of Smooth Muscle Contraction (GO:0006940),3/20,0.0606043332044902,0.2267703958815288,0,0,3.698125404007757,10.367283647157375,CNN1;MYOCD;CAV1
GO_Biological_Process_2023,Response To ATP (GO:0033198),3/20,0.0606043332044902,0.2267703958815288,0,0,3.698125404007757,10.367283647157375,P2RY12;NT5E;RYR3
GO_Biological_Process_2023,Striated Muscle Cell Differentiation (GO:0051146),3/20,0.0606043332044902,0.2267703958815288,0,0,3.698125404007757,10.367283647157375,MYOCD;BMP2;NRG1
GO_Biological_Process_2023,Xenobiotic Transport (GO:0042908),3/20,0.0606043332044902,0.2267703958815288,0,0,3.698125404007757,10.367283647157375,SLC22A3;ABCB1;ABCA8
GO_Biological_Process_2023,Lung Development (GO:0030324),4/33,0.0618554777224871,0.2306133571610117,0,0,2.8918478054702024,8.04788120893132,FGF7;PDPN;PROX1;FGF10
GO_Biological_Process_2023,Positive Regulation Of Release Of Sequestered Calcium Ion Into Cytosol (GO:0051281),4/33,0.0618554777224871,0.2306133571610117,0,0,2.8918478054702024,8.04788120893132,JPH2;GPER1;CX3CL1;SNCA
GO_Biological_Process_2023,Regulation Of Potassium Ion Transmembrane Transport (GO:1901379),4/33,0.0618554777224871,0.2306133571610117,0,0,2.8918478054702024,8.04788120893132,DPP6;KCNIP2;CAV1;FHL1
GO_Biological_Process_2023,Insulin Receptor Signaling Pathway (GO:0008286),5/47,0.0620235538386818,0.2309610503015814,0,0,2.4969844766100278,6.942218781680139,CAV2;RARRES2;PDK4;SORBS1;FOXO1
GO_Biological_Process_2023,Regulation Of Peptidyl-Serine Phosphorylation (GO:0033135),8/93,0.0621259659866805,0.2310636831335938,0,0,1.9761585960350991,5.490936974869904,NTF4;MLXIPL;CSF3;IL6;CAV1;SPRY2;DMD;SNCA
GO_Biological_Process_2023,Phosphatidylinositol-Mediated Signaling (GO:0048015),6/62,0.0629564768827582,0.233589716510907,0,0,2.248109938573004,6.216724568688959,PDGFRA;EDN1;HTR2B;PIK3C2G;HTR2A;IGF1
GO_Biological_Process_2023,Positive Regulation Of Apoptotic Signaling Pathway (GO:2001235),6/62,0.0629564768827582,0.233589716510907,0,0,2.248109938573004,6.216724568688959,CTSK;GPER1;CAV1;G0S2;AGTR2;TLR4
GO_Biological_Process_2023,Negative Regulation Of Cytokine Production (GO:0001818),13/178,0.0645642259102949,0.2392674254322694,0,0,1.6564713804713804,4.538888616084336,ABCD2;ANXA1;CR1;CIDEA;MMP8;KLF4;CX3CL1;ZFP36;IL6;GPNMB;IL36RN;CD34;TLR4
GO_Biological_Process_2023,Cellular Response To Nutrient Levels (GO:0031669),7/78,0.065108259304662,0.2409942403758893,0,0,2.069334328265398,5.6528085861743,SFRP1;MAP1LC3C;KCNB1;FAM107A;PDK4;CARTPT;FOXO1
GO_Biological_Process_2023,Regulation Of Cell Adhesion (GO:0030155),11/144,0.0656979676957783,0.2428857799722966,0,0,1.7379424170181552,4.731873724463197,CXCL12;TNXB;LAMA2;ANGPT1;DUSP1;PDE3B;DACT2;SAA1;C2CD4B;NRG1;PLXNA4
GO_Biological_Process_2023,Protein Polymerization (GO:0051258),6/63,0.0670293915268168,0.2475116407216313,0,0,2.2085533569314686,5.96888947618795,GSN;MAP7D3;FAM107A;CASQ2;KRT5;GAS7
GO_Biological_Process_2023,Cellular Response To Glucose Stimulus (GO:0071333),4/34,0.0676804586109076,0.2487256853950856,0,0,2.7953061972863957,7.527641592544671,MLXIPL;KCNB1;GPER1;PCK1
GO_Biological_Process_2023,Positive Regulation Of Carbohydrate Metabolic Process (GO:0045913),4/34,0.0676804586109076,0.2487256853950856,0,0,2.7953061972863957,7.527641592544671,MLXIPL;PTH1R;IGF1;SNCA
GO_Biological_Process_2023,Response To Estrogen (GO:0043627),4/34,0.0676804586109076,0.2487256853950856,0,0,2.7953061972863957,7.527641592544671,CRHBP;SFRP1;CAV1;ZNF366
GO_Biological_Process_2023,Semaphorin-Plexin Signaling Pathway (GO:0071526),4/34,0.0676804586109076,0.2487256853950856,0,0,2.7953061972863957,7.527641592544671,SEMA3D;SEMA3A;SEMA3G;PLXNA4
GO_Biological_Process_2023,Endocardial Cushion Morphogenesis (GO:0003203),3/21,0.0683930114780189,0.2495617333719201,0,0,3.4924908424908425,9.368553008706485,ADAMTS5;BMP2;TGFBR2
GO_Biological_Process_2023,Lipid Catabolic Process (GO:0016042),3/21,0.0683930114780189,0.2495617333719201,0,0,3.4924908424908425,9.368553008706485,HSD11B1;LIPE;CES1
GO_Biological_Process_2023,Negative Regulation Of Osteoclast Differentiation (GO:0045671),3/21,0.0683930114780189,0.2495617333719201,0,0,3.4924908424908425,9.368553008706485,CARTPT;TLR4;FBN1
GO_Biological_Process_2023,Peptide Catabolic Process (GO:0043171),3/21,0.0683930114780189,0.2495617333719201,0,0,3.4924908424908425,9.368553008706485,MME;LVRN;TRHDE
GO_Biological_Process_2023,Positive Regulation Of Blood Coagulation (GO:0030194),3/21,0.0683930114780189,0.2495617333719201,0,0,3.4924908424908425,9.368553008706485,CNTN1;EMILIN2;NRG1
GO_Biological_Process_2023,Regulation Of Anoikis (GO:2000209),3/21,0.0683930114780189,0.2495617333719201,0,0,3.4924908424908425,9.368553008706485,CAV1;PDK4;SNAI2
GO_Biological_Process_2023,Positive Regulation Of Transmembrane Receptor Protein Serine/Threonine Kinase Signaling Pathway (GO:0090100),8/95,0.0686287958091725,0.2501264376185545,0,0,1.930526449482441,5.171963502741544,GDF10;ZEB2;BMP2;TNXB;PPARG;LEFTY2;BMP6;TGFBR2
GO_Biological_Process_2023,Negative Regulation Of Defense Response (GO:0031348),9/112,0.0704534967359055,0.2564739910657317,0,0,1.83495145631068,4.8677636410873495,LRFN5;FNDC4;PTGIS;GPER1;ADIPOQ;SAA1;CCN3;PPARG;KLF4
GO_Biological_Process_2023,Positive Regulation Of GTPase Activity (GO:0043547),16/234,0.0707023814330029,0.2570768568712367,0,0,1.5439027134280423,4.090224440547728,CCL14;CCL13;CCL24;CCL23;CCL21;CAV2;RASGRF2;SLC6A2;CX3CL1;PREX2;DOCK11;SFRP1;PRTN3;RGL1;FERMT2;CCL16
GO_Biological_Process_2023,Regulation Of Protein Localization To Plasma Membrane (GO:1903076),7/80,0.072548685472454,0.2579466055662904,0,0,2.0124285584686565,5.279601128530537,LRRC15;PID1;LRP1;STAC;GPER1;STAC2;SORBS1
GO_Biological_Process_2023,T-helper Cell Lineage Commitment (GO:0002295),2/10,0.0734483531884578,0.2579466055662904,0,0,5.235729967069155,13.671395664883796,SOCS3;IL6
GO_Biological_Process_2023,Basement Membrane Organization (GO:0071711),2/10,0.0734483531884578,0.2579466055662904,0,0,5.235729967069155,13.671395664883796,FLRT2;HMCN1
GO_Biological_Process_2023,Cardiac Muscle Cell Membrane Repolarization (GO:0099622),2/10,0.0734483531884578,0.2579466055662904,0,0,5.235729967069155,13.671395664883796,KCNIP2;KCNJ3
GO_Biological_Process_2023,Cellular Response To Increased Oxygen Levels (GO:0036295),2/10,0.0734483531884578,0.2579466055662904,0,0,5.235729967069155,13.671395664883796,CAV1;FOXO1
GO_Biological_Process_2023,Fatty Acid Homeostasis (GO:0055089),2/10,0.0734483531884578,0.2579466055662904,0,0,5.235729967069155,13.671395664883796,MLXIPL;DGAT2
GO_Biological_Process_2023,Induction Of Positive Chemotaxis (GO:0050930),2/10,0.0734483531884578,0.2579466055662904,0,0,5.235729967069155,13.671395664883796,CXCL12;VEGFD
GO_Biological_Process_2023,Monoamine Transport (GO:0015844),2/10,0.0734483531884578,0.2579466055662904,0,0,5.235729967069155,13.671395664883796,SLC22A3;SLC6A2
GO_Biological_Process_2023,Monocyte Differentiation (GO:0030224),2/10,0.0734483531884578,0.2579466055662904,0,0,5.235729967069155,13.671395664883796,PDE1B;PPARG
GO_Biological_Process_2023,Negative Regulation Of Activin Receptor Signaling Pathway (GO:0032926),2/10,0.0734483531884578,0.2579466055662904,0,0,5.235729967069155,13.671395664883796,FST;DACT2
GO_Biological_Process_2023,Negative Regulation Of Interleukin-17 Production (GO:0032700),2/10,0.0734483531884578,0.2579466055662904,0,0,5.235729967069155,13.671395664883796,IL36RN;TLR4
GO_Biological_Process_2023,Negative Regulation Of Pathway-Restricted SMAD Protein Phosphorylation (GO:0060394),2/10,0.0734483531884578,0.2579466055662904,0,0,5.235729967069155,13.671395664883796,LRP1;PPARG
GO_Biological_Process_2023,Negative Regulation Of Response To Cytokine Stimulus (GO:0060761),2/10,0.0734483531884578,0.2579466055662904,0,0,5.235729967069155,13.671395664883796,IL36RN;KLF4
GO_Biological_Process_2023,Negative Regulation Of Steroid Biosynthetic Process (GO:0010894),2/10,0.0734483531884578,0.2579466055662904,0,0,5.235729967069155,13.671395664883796,SNAI2;PROX1
GO_Biological_Process_2023,Positive Regulation Of Cholesterol Metabolic Process (GO:0090205),2/10,0.0734483531884578,0.2579466055662904,0,0,5.235729967069155,13.671395664883796,FGF1;CES1
GO_Biological_Process_2023,Positive Regulation Of Integrin Activation (GO:0033625),2/10,0.0734483531884578,0.2579466055662904,0,0,5.235729967069155,13.671395664883796,P2RY12;FERMT2
GO_Biological_Process_2023,Positive Regulation Of Lipid Localization (GO:1905954),2/10,0.0734483531884578,0.2579466055662904,0,0,5.235729967069155,13.671395664883796,LRP1;VSTM2A
GO_Biological_Process_2023,Positive Regulation Of Non-Canonical Wnt Signaling Pathway (GO:2000052),2/10,0.0734483531884578,0.2579466055662904,0,0,5.235729967069155,13.671395664883796,SFRP1;RSPO3
GO_Biological_Process_2023,Positive Regulation Of Transforming Growth Factor Beta Production (GO:0071636),2/10,0.0734483531884578,0.2579466055662904,0,0,5.235729967069155,13.671395664883796,TNXB;PTGS2
GO_Biological_Process_2023,Regulation Of Biosynthetic Process (GO:0009889),2/10,0.0734483531884578,0.2579466055662904,0,0,5.235729967069155,13.671395664883796,PCK1;SNCA
GO_Biological_Process_2023,Regulation Of Glycoprotein Biosynthetic Process (GO:0010559),2/10,0.0734483531884578,0.2579466055662904,0,0,5.235729967069155,13.671395664883796,CCL21;IGF1
GO_Biological_Process_2023,Regulation Of Lamellipodium Morphogenesis (GO:2000392),2/10,0.0734483531884578,0.2579466055662904,0,0,5.235729967069155,13.671395664883796,PDPN;ENPP2
GO_Biological_Process_2023,Regulation Of Long-Term Neuronal Synaptic Plasticity (GO:0048169),2/10,0.0734483531884578,0.2579466055662904,0,0,5.235729967069155,13.671395664883796,NEURL1;SYP
GO_Biological_Process_2023,Regulation Of Mitotic Sister Chromatid Separation (GO:0010965),2/10,0.0734483531884578,0.2579466055662904,0,0,5.235729967069155,13.671395664883796,DUSP1;USP44
GO_Biological_Process_2023,Regulation Of Peptidyl-Lysine Acetylation (GO:2000756),2/10,0.0734483531884578,0.2579466055662904,0,0,5.235729967069155,13.671395664883796,MYOCD;KLF15
GO_Biological_Process_2023,Regulation Of Peroxisome Proliferator Activated Receptor Signaling Pathway (GO:0035358),2/10,0.0734483531884578,0.2579466055662904,0,0,5.235729967069155,13.671395664883796,BMP2;PTGIS
GO_Biological_Process_2023,Regulation Of Smooth Muscle Cell Apoptotic Process (GO:0034391),2/10,0.0734483531884578,0.2579466055662904,0,0,5.235729967069155,13.671395664883796,IGF1;GRIA4
GO_Biological_Process_2023,Regulation Of Synapse Maturation (GO:0090128),2/10,0.0734483531884578,0.2579466055662904,0,0,5.235729967069155,13.671395664883796,RELN;NEURL1
GO_Biological_Process_2023,Response To Corticosteroid (GO:0031960),2/10,0.0734483531884578,0.2579466055662904,0,0,5.235729967069155,13.671395664883796,IL6;AKR1C3
GO_Biological_Process_2023,Signal Release (GO:0023061),2/10,0.0734483531884578,0.2579466055662904,0,0,5.235729967069155,13.671395664883796,LEP;PCSK5
GO_Biological_Process_2023,Macrophage Activation (GO:0042116),4/35,0.0737782879102458,0.2585171109862985,0,0,2.7049930799531565,7.0510805550729625,FCER2;TLR4;CX3CL1;SNCA
GO_Biological_Process_2023,Skeletal Muscle Organ Development (GO:0060538),4/35,0.0737782879102458,0.2585171109862985,0,0,2.7049930799531565,7.0510805550729625,MYMX;WT1;CAV1;DMD
GO_Biological_Process_2023,Monocarboxylic Acid Biosynthetic Process (GO:0072330),6/65,0.0756243848580522,0.2640865113764786,0,0,2.133462896866182,5.508551056444897,CYP39A1;ALDH1A3;ALDH1A2;ACSM5;SLC27A2;ACACB
GO_Biological_Process_2023,Regulation Of Cell-Matrix Adhesion (GO:0001952),6/65,0.0756243848580522,0.2640865113764786,0,0,2.133462896866182,5.508551056444897,SFRP1;CCL21;CD36;HOXA7;PLET1;CX3CL1
GO_Biological_Process_2023,Regulation Of Tyrosine Phosphorylation Of STAT Protein (GO:0042509),6/65,0.0756243848580522,0.2640865113764786,0,0,2.133462896866182,5.508551056444897,SOCS3;IL6;TSLP;KIT;IGF1;IL22RA2
GO_Biological_Process_2023,Activation Of Protein Kinase Activity (GO:0032147),7/81,0.0764498825070113,0.2648302107381746,0,0,1.9851291689040036,5.10400507742296,ANGPT1;LEP;NRG1;ADRB2;IGF1;FGF1;TGFBR2
GO_Biological_Process_2023,Mammary Gland Development (GO:0030879),3/22,0.0766094519563297,0.2648302107381746,0,0,3.308502024291498,8.499656889747971,OXTR;CAV1;NRG1
GO_Biological_Process_2023,Modulation By Host Of Viral Process (GO:0044788),3/22,0.0766094519563297,0.2648302107381746,0,0,3.308502024291498,8.499656889747971,KRT17;CAV2;PIK3C2G
GO_Biological_Process_2023,Negative Regulation Of G Protein-Coupled Receptor Signaling Pathway (GO:0045744),3/22,0.0766094519563297,0.2648302107381746,0,0,3.308502024291498,8.499656889747971,RGS2;GPRASP1;SNCA
GO_Biological_Process_2023,Negative Regulation Of Myeloid Cell Differentiation (GO:0045638),3/22,0.0766094519563297,0.2648302107381746,0,0,3.308502024291498,8.499656889747971,ZFP36;ZBTB16;HOXA5
GO_Biological_Process_2023,Positive Regulation Of Receptor Internalization (GO:0002092),3/22,0.0766094519563297,0.2648302107381746,0,0,3.308502024291498,8.499656889747971,CCL14;SFRP4;ANGPT1
GO_Biological_Process_2023,Regulation Of Dopamine Secretion (GO:0014059),3/22,0.0766094519563297,0.2648302107381746,0,0,3.308502024291498,8.499656889747971,KCNA2;SYT8;SNCA
GO_Biological_Process_2023,Regulation Of Mononuclear Cell Migration (GO:0071675),3/22,0.0766094519563297,0.2648302107381746,0,0,3.308502024291498,8.499656889747971,IL34;RARRES2;SLIT2
GO_Biological_Process_2023,Regulation Of Release Of Sequestered Calcium Ion Into Cytosol By Sarcoplasmic Reticulum (GO:0010880),3/22,0.0766094519563297,0.2648302107381746,0,0,3.308502024291498,8.499656889747971,CASQ2;ANK2;DMD
GO_Biological_Process_2023,Steroid Biosynthetic Process (GO:0006694),5/50,0.0768067469177947,0.265215243551714,0,0,2.3301517376407244,5.980247734823492,CYP39A1;CH25H;AKR1C3;SLC27A2;CYP19A1
GO_Biological_Process_2023,Organic Substance Transport (GO:0071702),14/201,0.0771700596756925,0.2661720382333662,0,0,1.5739413370768471,4.032034344107172,SLC22A3;ABCA6;CAV1;ABCA9;AQP7;NRG1;ABCA8;SLC6A2;RYR3;AQP1;SLC22A12;PDPN;NMUR1;RAMP1
GO_Biological_Process_2023,Negative Regulation Of Sequestering Of Calcium Ion (GO:0051283),4/36,0.0801441294134097,0.275036408575523,0,0,2.620324532453245,6.613512153486499,CCL21;HTR2B;HTR2A;FGF2
GO_Biological_Process_2023,Positive Regulation Of Myeloid Cell Differentiation (GO:0045639),4/36,0.0801441294134097,0.275036408575523,0,0,2.620324532453245,6.613512153486499,CSF3;TAL1;RAB7B;HOXA5
GO_Biological_Process_2023,Regulation Of Glucose Import (GO:0046324),4/36,0.0801441294134097,0.275036408575523,0,0,2.620324532453245,6.613512153486499,PID1;LEP;IGF1;SORBS1
GO_Biological_Process_2023,Regulation Of Trans-Synaptic Signaling (GO:0099177),4/36,0.0801441294134097,0.275036408575523,0,0,2.620324532453245,6.613512153486499,GRIA2;RELN;FABP5;GRIA4
GO_Biological_Process_2023,Circulatory System Development (GO:0072359),10/132,0.080185541858753,0.275036408575523,0,0,1.7214930196249296,4.3440362407932565,BMP2;PDLIM3;COL3A1;SOX17;WT1;SLC2A12;ZFPM2;PCSK5;FBN1;TGFBR2
GO_Biological_Process_2023,Regulation Of Cytokine Production (GO:0001817),12/167,0.0809348726606241,0.2772985037772993,0,0,1.6267516379649851,4.089833355926117,BTNL9;IL33;IL6;ANXA1;GPNMB;MOG;LEP;CIDEA;HTR2B;SAA1;SNAI2;ACKR1
GO_Biological_Process_2023,Positive Regulation Of Ras Protein Signal Transduction (GO:0046579),5/51,0.0821208013211574,0.2801181366612297,0,0,2.279376556215285,5.697447420409251,GPR17;COL3A1;IGF1;SLC6A2;FGF10
GO_Biological_Process_2023,Positive Regulation Of Protein Localization To Cell Periphery (GO:1904377),5/51,0.0821208013211574,0.2801181366612297,0,0,2.279376556215285,5.697447420409251,LRP1;STAC;GPER1;STAC2;SORBS1
GO_Biological_Process_2023,Positive Regulation Of Protein Localization To Plasma Membrane (GO:1903078),5/51,0.0821208013211574,0.2801181366612297,0,0,2.279376556215285,5.697447420409251,LRP1;STAC;GPER1;STAC2;SORBS1
GO_Biological_Process_2023,Sensory Perception (GO:0007600),5/51,0.0821208013211574,0.2801181366612297,0,0,2.279376556215285,5.697447420409251,MME;MRGPRX2;SCN9A;KCNA2;OR3A2
GO_Biological_Process_2023,Regulation Of Neurogenesis (GO:0050767),6/67,0.0848145483483062,0.2843248878782986,0,0,2.0632964013953403,5.090746844020074,IL6;MME;GPER1;SERPINF1;ASCL1;CX3CL1
GO_Biological_Process_2023,Axon Extension (GO:0048675),3/23,0.0852358522486945,0.2843248878782986,0,0,3.142912087912088,7.738896566970856,SEMA3A;SLIT1;SLIT2
GO_Biological_Process_2023,Cellular Response To Interleukin-6 (GO:0071354),3/23,0.0852358522486945,0.2843248878782986,0,0,3.142912087912088,7.738896566970856,IL6;PID1;PTGIS
GO_Biological_Process_2023,Positive Regulation Of Cell-Substrate Junction Organization (GO:0150117),3/23,0.0852358522486945,0.2843248878782986,0,0,3.142912087912088,7.738896566970856,SFRP1;NRG1;FERMT2
GO_Biological_Process_2023,Positive Regulation Of Neutrophil Migration (GO:1902624),3/23,0.0852358522486945,0.2843248878782986,0,0,3.142912087912088,7.738896566970856,CCL21;THBS4;XG
GO_Biological_Process_2023,Positive Regulation Of Oxidoreductase Activity (GO:0051353),3/23,0.0852358522486945,0.2843248878782986,0,0,3.142912087912088,7.738896566970856,EDN1;EDN3;AGTR1
GO_Biological_Process_2023,Regulation Of Axon Extension Involved In Axon Guidance (GO:0048841),3/23,0.0852358522486945,0.2843248878782986,0,0,3.142912087912088,7.738896566970856,SEMA3D;SEMA3A;SEMA3G
GO_Biological_Process_2023,Regulation Of Myotube Differentiation (GO:0010830),3/23,0.0852358522486945,0.2843248878782986,0,0,3.142912087912088,7.738896566970856,TMEM119;SMYD1;CCN3
GO_Biological_Process_2023,Muscle Cell Differentiation (GO:0042692),4/37,0.086772485498705,0.2843248878782986,0,0,2.5407874120745406,6.210867666872951,MYOCD;DMD;SGCZ;TBX18
GO_Biological_Process_2023,Positive Regulation Of Receptor Signaling Pathway Via STAT (GO:1904894),4/37,0.086772485498705,0.2843248878782986,0,0,2.5407874120745406,6.210867666872951,IL6;TSLP;LEP;KIT
GO_Biological_Process_2023,Positive Regulation Of Signaling (GO:0023056),4/37,0.086772485498705,0.2843248878782986,0,0,2.5407874120745406,6.210867666872951,EDN1;TNXB;EDN3;SNCA
GO_Biological_Process_2023,Regulation Of Cellular Component Biogenesis (GO:0044087),4/37,0.086772485498705,0.2843248878782986,0,0,2.5407874120745406,6.210867666872951,NRG1;CD36;INSM1;GFAP
GO_Biological_Process_2023,Regulation Of Sodium Ion Transmembrane Transporter Activity (GO:2000649),4/37,0.086772485498705,0.2843248878782986,0,0,2.5407874120745406,6.210867666872951,DMD;SCN3B;SCN4B;SCN2B
GO_Biological_Process_2023,Synaptic Vesicle Cycle (GO:0099504),4/37,0.086772485498705,0.2843248878782986,0,0,2.5407874120745406,6.210867666872951,SNAP25;SLC17A7;CPLX2;SNCA
GO_Biological_Process_2023,cGMP Metabolic Process (GO:0046068),2/11,0.0871303349312829,0.2843248878782986,0,0,4.653738260763507,11.356750996302557,NPR1;PDE2A
GO_Biological_Process_2023,Catecholamine Biosynthetic Process (GO:0042423),2/11,0.0871303349312829,0.2843248878782986,0,0,4.653738260763507,11.356750996302557,INSM1;SNCA
GO_Biological_Process_2023,Cellular Response To UV-B (GO:0071493),2/11,0.0871303349312829,0.2843248878782986,0,0,4.653738260763507,11.356750996302557,MFAP4;MME
GO_Biological_Process_2023,Cellular Response To Fluid Shear Stress (GO:0071498),2/11,0.0871303349312829,0.2843248878782986,0,0,4.653738260763507,11.356750996302557,HAS2;KLF4
GO_Biological_Process_2023,Desensitization Of G Protein-Coupled Receptor Signaling Pathway (GO:0002029),2/11,0.0871303349312829,0.2843248878782986,0,0,4.653738260763507,11.356750996302557,ADRB3;ADRB2
GO_Biological_Process_2023,Digestive System Development (GO:0055123),2/11,0.0871303349312829,0.2843248878782986,0,0,4.653738260763507,11.356750996302557,CLMP;KIT
GO_Biological_Process_2023,Ganglion Development (GO:0061548),2/11,0.0871303349312829,0.2843248878782986,0,0,4.653738260763507,11.356750996302557,SEMA3A;INSM1
GO_Biological_Process_2023,Intestinal Absorption (GO:0050892),2/11,0.0871303349312829,0.2843248878782986,0,0,4.653738260763507,11.356750996302557,LEP;CD36
GO_Biological_Process_2023,Intestinal Lipid Absorption (GO:0098856),2/11,0.0871303349312829,0.2843248878782986,0,0,4.653738260763507,11.356750996302557,AKR1C1;CD36
GO_Biological_Process_2023,Macrophage Chemotaxis (GO:0048246),2/11,0.0871303349312829,0.2843248878782986,0,0,4.653738260763507,11.356750996302557,EDNRB;SAA1
GO_Biological_Process_2023,Negative Regulation Of Glucose Transmembrane Transport (GO:0010829),2/11,0.0871303349312829,0.2843248878782986,0,0,4.653738260763507,11.356750996302557,PID1;LEP
GO_Biological_Process_2023,Negative Regulation Of Heart Contraction (GO:0045822),2/11,0.0871303349312829,0.2843248878782986,0,0,4.653738260763507,11.356750996302557,PLN;SPX
GO_Biological_Process_2023,Negative Regulation Of Leukocyte Apoptotic Process (GO:2000107),2/11,0.0871303349312829,0.2843248878782986,0,0,4.653738260763507,11.356750996302557,CXCL12;CCL21
GO_Biological_Process_2023,Negative Regulation Of Myotube Differentiation (GO:0010832),2/11,0.0871303349312829,0.2843248878782986,0,0,4.653738260763507,11.356750996302557,TMEM119;CCN3
GO_Biological_Process_2023,Negative Regulation Of Nitrogen Compound Metabolic Process (GO:0051172),2/11,0.0871303349312829,0.2843248878782986,0,0,4.653738260763507,11.356750996302557,EDN1;EDNRB
GO_Biological_Process_2023,Negative Regulation Of Platelet-Derived Growth Factor Receptor Signaling Pathway (GO:0010642),2/11,0.0871303349312829,0.2843248878782986,0,0,4.653738260763507,11.356750996302557,LRP1;SNCA
GO_Biological_Process_2023,Negative Regulation Of Potassium Ion Transmembrane Transport (GO:1901380),2/11,0.0871303349312829,0.2843248878782986,0,0,4.653738260763507,11.356750996302557,CAV1;CASQ2
GO_Biological_Process_2023,Podocyte Differentiation (GO:0072112),2/11,0.0871303349312829,0.2843248878782986,0,0,4.653738260763507,11.356750996302557,WT1;KLF15
GO_Biological_Process_2023,Positive Regulation Of Lipid Transport (GO:0032370),2/11,0.0871303349312829,0.2843248878782986,0,0,4.653738260763507,11.356750996302557,LRP1;ADIPOQ
GO_Biological_Process_2023,Positive Regulation Of Vascular Permeability (GO:0043117),2/11,0.0871303349312829,0.2843248878782986,0,0,4.653738260763507,11.356750996302557,PDE2A;BMP6
GO_Biological_Process_2023,Regulation Of Astrocyte Differentiation (GO:0048710),2/11,0.0871303349312829,0.2843248878782986,0,0,4.653738260763507,11.356750996302557,BMP2;IL6
GO_Biological_Process_2023,Regulation Of Cell Activation (GO:0050865),2/11,0.0871303349312829,0.2843248878782986,0,0,4.653738260763507,11.356750996302557,IL6;NRG1
GO_Biological_Process_2023,Regulation Of Fatty Acid Metabolic Process (GO:0019217),2/11,0.0871303349312829,0.2843248878782986,0,0,4.653738260763507,11.356750996302557,CAV1;PDK4
GO_Biological_Process_2023,Regulation Of Keratinocyte Migration (GO:0051547),2/11,0.0871303349312829,0.2843248878782986,0,0,4.653738260763507,11.356750996302557,FGF7;FGF10
GO_Biological_Process_2023,Regulation Of Leukocyte Tethering Or Rolling (GO:1903236),2/11,0.0871303349312829,0.2843248878782986,0,0,4.653738260763507,11.356750996302557,SELP;CXCL12
GO_Biological_Process_2023,Regulation Of Muscle System Process (GO:0090257),2/11,0.0871303349312829,0.2843248878782986,0,0,4.653738260763507,11.356750996302557,KCNA1;DMD
GO_Biological_Process_2023,Regulation Of Type II Interferon-Mediated Signaling Pathway (GO:0060334),2/11,0.0871303349312829,0.2843248878782986,0,0,4.653738260763507,11.356750996302557,PPARG;OTOP1
GO_Biological_Process_2023,Rho Protein Signal Transduction (GO:0007266),5/52,0.0876246563546165,0.2850340507552175,0,0,2.230762020807948,5.431220354177405,ROPN1B;NGFR;RHOJ;PDPN;AGTR1
GO_Biological_Process_2023,Cardiac Muscle Tissue Development (GO:0048738),5/52,0.0876246563546165,0.2850340507552175,0,0,2.230762020807948,5.431220354177405,MYOCD;BMP2;SGCD;NRG1;SGCZ
GO_Biological_Process_2023,Negative Regulation Of Response To Stimulus (GO:0048585),5/52,0.0876246563546165,0.2850340507552175,0,0,2.230762020807948,5.431220354177405,FCRLB;COL3A1;SPINK5;SLIT2;KLF4
GO_Biological_Process_2023,Cell-Cell Junction Organization (GO:0045216),6/68,0.089630586279556,0.2912522314157784,0,0,2.0299107301632464,4.896263740545114,CLDN5;KIRREL1;PKP1;PRTN3;LIMS2;CDH7
GO_Biological_Process_2023,Cellular Response To Metal Ion (GO:0071248),10/135,0.0899264359432432,0.2917609907744043,0,0,1.6799114064230345,4.046508978818845,CRHBP;KCNA1;AKR1C3;MT1X;FOS;SYT8;BMP6;RYR3;AQP1;SNCA
GO_Biological_Process_2023,Axonogenesis (GO:0007409),13/188,0.089976178560814,0.2917609907744043,0,0,1.5609904761904765,3.759193384086746,SEMA3D;SEMA3A;SEMA3G;NEXN;S100B;CXCL12;RELN;FEZ1;BOC;CNTN1;SLIT1;SLIT2;PAK3
GO_Biological_Process_2023,Hemopoiesis (GO:0030097),8/101,0.090552158125699,0.293320579364148,0,0,1.805406047644508,4.33627707396207,MFAP5;SFRP1;TAL1;FST;ZBTB16;KIT;CD34;TGFBR2
GO_Biological_Process_2023,Endocytosis (GO:0006897),13/189,0.09281678407723,0.3003411031933009,0,0,1.5520391414141417,3.689395378324589,ANXA1;SCARA5;LRP1;CAV1;STAB2;ADRB2;SYP;ADRB3;MRC1;RHOJ;CD36;TLR4;FOLR1
GO_Biological_Process_2023,Integrin-Mediated Signaling Pathway (GO:0007229),7/85,0.0932552177823572,0.3006949481677248,0,0,1.8829314541235072,4.467095328953565,COL3A1;DST;ADAMTS1;ITGA7;ITGBL1;PTN;FERMT2
GO_Biological_Process_2023,Negative Regulation Of Cell Cycle (GO:0045786),7/85,0.0932552177823572,0.3006949481677248,0,0,1.8829314541235072,4.467095328953565,NR4A1;MYOCD;BRINP2;BMP2;DUSP1;GPER1;GAS1
GO_Biological_Process_2023,Positive Regulation Of Endothelial Cell Migration (GO:0010595),7/85,0.0932552177823572,0.3006949481677248,0,0,1.8829314541235072,4.467095328953565,ANGPT4;EDN1;ANGPT1;ATOH8;PROX1;FGF1;FGF2
GO_Biological_Process_2023,Regulation Of Receptor Signaling Pathway Via JAK-STAT (GO:0046425),5/53,0.0933157629882346,0.3006949481677248,0,0,2.1841730910425845,5.180347990697087,SOCS3;IL6;CAV1;LEP;KIT
GO_Biological_Process_2023,ERK1 And ERK2 Cascade (GO:0070371),3/24,0.0942534386173075,0.3007275424659299,0,0,2.9930926216640503,7.06899028304304,HTR2B;IGF1;FGF10
GO_Biological_Process_2023,Amyloid Fibril Formation (GO:1990000),3/24,0.0942534386173075,0.3007275424659299,0,0,2.9930926216640503,7.06899028304304,GSN;CD36;SNCA
GO_Biological_Process_2023,Cell Morphogenesis Involved In Differentiation (GO:0000904),3/24,0.0942534386173075,0.3007275424659299,0,0,2.9930926216640503,7.06899028304304,RELN;DACT2;PROX1
GO_Biological_Process_2023,Mononuclear Cell Differentiation (GO:1903131),3/24,0.0942534386173075,0.3007275424659299,0,0,2.9930926216640503,7.06899028304304,PDE1B;LY6D;PPARG
GO_Biological_Process_2023,Regulation Of Muscle Cell Differentiation (GO:0051147),3/24,0.0942534386173075,0.3007275424659299,0,0,2.9930926216640503,7.06899028304304,MYOCD;LAMA2;TCF23
GO_Biological_Process_2023,Regulation Of Neuroblast Proliferation (GO:1902692),3/24,0.0942534386173075,0.3007275424659299,0,0,2.9930926216640503,7.06899028304304,DCT;PTN;CX3CL1
GO_Biological_Process_2023,Regulation Of Ryanodine-Sensitive Calcium-Release Channel Activity (GO:0060314),3/24,0.0942534386173075,0.3007275424659299,0,0,2.9930926216640503,7.06899028304304,JPH2;CASQ2;DMD
GO_Biological_Process_2023,Response To Copper Ion (GO:0046688),3/24,0.0942534386173075,0.3007275424659299,0,0,2.9930926216640503,7.06899028304304,MT1X;AQP1;SNCA
GO_Biological_Process_2023,Response To Purine-Containing Compound (GO:0014074),3/24,0.0942534386173075,0.3007275424659299,0,0,2.9930926216640503,7.06899028304304,NT5E;VGF;DUOX2
GO_Biological_Process_2023,Regulation Of Protein-Containing Complex Assembly (GO:0043254),9/119,0.0944078901415427,0.3007275424659299,0,0,1.717548270313757,4.053638276660423,SELP;GSN;TAL1;MMP3;NRG1;CD36;INSM1;CRYAB;GFAP
GO_Biological_Process_2023,Phagocytosis (GO:0006909),6/69,0.094592304416721,0.3007275424659299,0,0,1.997584921509949,4.710663122034809,SRPX;ANXA1;GSN;LRP1;CD36;TLR4
GO_Biological_Process_2023,Regulation Of Endopeptidase Activity (GO:0052548),6/69,0.094592304416721,0.3007275424659299,0,0,1.997584921509949,4.710663122034809,SERPINF1;TIMP2;FETUB;SERPING1;NRG1;TIMP4
GO_Biological_Process_2023,Regulation Of Heart Contraction (GO:0008016),6/69,0.094592304416721,0.3007275424659299,0,0,1.997584921509949,4.710663122034809,PLN;KCNIP2;CELF2;HSPB7;ANK2;SLC8A2
GO_Biological_Process_2023,Protein Localization To Plasma Membrane (GO:0072659),10/137,0.0967978977340004,0.3074229529885383,0,0,1.6532817118790384,3.860627728091508,TRARG1;DPP6;KCNB1;ADIPOQ;ANK2;ZDHHC22;SCN3B;ANK1;NECTIN3;RAMP1
GO_Biological_Process_2023,Sensory Organ Development (GO:0007423),6/70,0.0996982242551847,0.3102117278251106,0,0,1.9662692943770672,4.533445061175741,SOX2;NTF4;MAB21L1;BHLHE22;ASCL1;CHRDL1
GO_Biological_Process_2023,Negative Regulation Of Cell-Substrate Adhesion (GO:0010812),4/39,0.1007917562210687,0.3102117278251106,0,0,2.3953481062391955,5.496602209892166,HOXA7;PLET1;CORO2B;CX3CL1
GO_Biological_Process_2023,Negative Regulation Of Transport (GO:0051051),4/39,0.1007917562210687,0.3102117278251106,0,0,2.3953481062391955,5.496602209892166,SFRP4;NRG1;CRYAB;SNCA
GO_Biological_Process_2023,Neuron Projection Extension (GO:1990138),4/39,0.1007917562210687,0.3102117278251106,0,0,2.3953481062391955,5.496602209892166,NRN1;SEMA3A;SLC39A12;S100B
GO_Biological_Process_2023,Positive Regulation Of Lipid Biosynthetic Process (GO:0046889),4/39,0.1007917562210687,0.3102117278251106,0,0,2.3953481062391955,5.496602209892166,MLXIPL;HSD17B13;SORBS1;PCK1
GO_Biological_Process_2023,Release Of Sequestered Calcium Ion Into Cytosol (GO:0051209),4/39,0.1007917562210687,0.3102117278251106,0,0,2.3953481062391955,5.496602209892166,CCL21;HTR2B;HTR2A;FGF2
GO_Biological_Process_2023,NADPH Regeneration (GO:0006740),2/12,0.1014946048277815,0.3102117278251106,0,0,4.18814489571899,9.581426962032952,ALDH1L2;DDR2
GO_Biological_Process_2023,Atrial Cardiac Muscle Cell Action Potential (GO:0086014),2/12,0.1014946048277815,0.3102117278251106,0,0,4.18814489571899,9.581426962032952,SCN3B;KCNJ3
GO_Biological_Process_2023,Axonal Transport Of Mitochondrion (GO:0019896),2/12,0.1014946048277815,0.3102117278251106,0,0,4.18814489571899,9.581426962032952,NEFL;MGARP
GO_Biological_Process_2023,Defense Response To Tumor Cell (GO:0002357),2/12,0.1014946048277815,0.3102117278251106,0,0,4.18814489571899,9.581426962032952,KLF4;RBMS3
GO_Biological_Process_2023,Endothelium Development (GO:0003158),2/12,0.1014946048277815,0.3102117278251106,0,0,4.18814489571899,9.581426962032952,CD34;FSTL1
GO_Biological_Process_2023,Fatty Acid Transmembrane Transport (GO:1902001),2/12,0.1014946048277815,0.3102117278251106,0,0,4.18814489571899,9.581426962032952,ABCD2;CD36
GO_Biological_Process_2023,Glucose Import (GO:0046323),2/12,0.1014946048277815,0.3102117278251106,0,0,4.18814489571899,9.581426962032952,TRARG1;SLC2A4
GO_Biological_Process_2023,Granulocyte Activation (GO:0036230),2/12,0.1014946048277815,0.3102117278251106,0,0,4.18814489571899,9.581426962032952,CXCR2;CTSG
GO_Biological_Process_2023,Granulocyte Differentiation (GO:0030851),2/12,0.1014946048277815,0.3102117278251106,0,0,4.18814489571899,9.581426962032952,CSF3;TAL1
GO_Biological_Process_2023,Icosanoid Secretion (GO:0032309),2/12,0.1014946048277815,0.3102117278251106,0,0,4.18814489571899,9.581426962032952,ANXA1;LEP
GO_Biological_Process_2023,Low-Density Lipoprotein Particle Remodeling (GO:0034374),2/12,0.1014946048277815,0.3102117278251106,0,0,4.18814489571899,9.581426962032952,AGTR1;APOB
GO_Biological_Process_2023,Macrophage Migration (GO:1905517),2/12,0.1014946048277815,0.3102117278251106,0,0,4.18814489571899,9.581426962032952,EDNRB;SAA1
GO_Biological_Process_2023,Negative Regulation Of Macrophage Derived Foam Cell Differentiation (GO:0010745),2/12,0.1014946048277815,0.3102117278251106,0,0,4.18814489571899,9.581426962032952,ADIPOQ;PPARG
GO_Biological_Process_2023,Negative Regulation Of Potassium Ion Transport (GO:0043267),2/12,0.1014946048277815,0.3102117278251106,0,0,4.18814489571899,9.581426962032952,CAV1;CASQ2
GO_Biological_Process_2023,Positive Regulation Of Cellular Extravasation (GO:0002693),2/12,0.1014946048277815,0.3102117278251106,0,0,4.18814489571899,9.581426962032952,LYVE1;XG
GO_Biological_Process_2023,Positive Regulation Of Fatty Acid Oxidation (GO:0046321),2/12,0.1014946048277815,0.3102117278251106,0,0,4.18814489571899,9.581426962032952,ABCD2;NR4A3
GO_Biological_Process_2023,Positive Regulation Of Integrin-Mediated Signaling Pathway (GO:2001046),2/12,0.1014946048277815,0.3102117278251106,0,0,4.18814489571899,9.581426962032952,LAMA2;LIMS2
GO_Biological_Process_2023,Positive Regulation Of Sodium Ion Transport (GO:0010765),2/12,0.1014946048277815,0.3102117278251106,0,0,4.18814489571899,9.581426962032952,SCN3B;SCN4B
GO_Biological_Process_2023,Positive Regulation Of Voltage-Gated Calcium Channel Activity (GO:1901387),2/12,0.1014946048277815,0.3102117278251106,0,0,4.18814489571899,9.581426962032952,STAC;STAC2
GO_Biological_Process_2023,Regulation Of Actin Filament Organization (GO:0110053),2/12,0.1014946048277815,0.3102117278251106,0,0,4.18814489571899,9.581426962032952,CSF3;CXCL12
GO_Biological_Process_2023,Regulation Of Cell Communication By Electrical Coupling (GO:0010649),2/12,0.1014946048277815,0.3102117278251106,0,0,4.18814489571899,9.581426962032952,CAV1;CASQ2
GO_Biological_Process_2023,Regulation Of Chemokine (C-X-C Motif) Ligand 2 Production (GO:2000341),2/12,0.1014946048277815,0.3102117278251106,0,0,4.18814489571899,9.581426962032952,KLF4;TLR4
GO_Biological_Process_2023,Regulation Of Monooxygenase Activity (GO:0032768),2/12,0.1014946048277815,0.3102117278251106,0,0,4.18814489571899,9.581426962032952,LEP;SNCA
GO_Biological_Process_2023,Regulation Of Platelet-Derived Growth Factor Receptor Signaling Pathway (GO:0010640),2/12,0.1014946048277815,0.3102117278251106,0,0,4.18814489571899,9.581426962032952,CNTN1;SNCA
GO_Biological_Process_2023,Regulation Of Tube Diameter (GO:0035296),2/12,0.1014946048277815,0.3102117278251106,0,0,4.18814489571899,9.581426962032952,NPR1;AGTR1
GO_Biological_Process_2023,Regulation Of Vascular Associated Smooth Muscle Cell Migration (GO:1904752),2/12,0.1014946048277815,0.3102117278251106,0,0,4.18814489571899,9.581426962032952,NR4A3;ADIPOQ
GO_Biological_Process_2023,Response To Interleukin-6 (GO:0070741),2/12,0.1014946048277815,0.3102117278251106,0,0,4.18814489571899,9.581426962032952,PID1;PTGIS
GO_Biological_Process_2023,Response To Iron Ion (GO:0010039),2/12,0.1014946048277815,0.3102117278251106,0,0,4.18814489571899,9.581426962032952,BMP6;SNCA
GO_Biological_Process_2023,Semaphorin-Plexin Signaling Pathway Involved In Neuron Projection Guidance (GO:1902285),2/12,0.1014946048277815,0.3102117278251106,0,0,4.18814489571899,9.581426962032952,SEMA3A;PLXNA4
GO_Biological_Process_2023,Spinal Cord Development (GO:0021510),2/12,0.1014946048277815,0.3102117278251106,0,0,4.18814489571899,9.581426962032952,VIT;RELN
GO_Biological_Process_2023,Triglyceride Catabolic Process (GO:0019433),2/12,0.1014946048277815,0.3102117278251106,0,0,4.18814489571899,9.581426962032952,LIPE;GPIHBP1
GO_Biological_Process_2023,Vascular Process In Circulatory System (GO:0003018),2/12,0.1014946048277815,0.3102117278251106,0,0,4.18814489571899,9.581426962032952,NPR1;AGTR1
GO_Biological_Process_2023,Protein Localization To Membrane (GO:0072657),13/192,0.1016672877441945,0.3104321634681786,0,0,1.5257852265673495,3.488020832150529,TRARG1;KCNB1;CAV1;ADIPOQ;ANK2;PTN;ZDHHC22;ANK1;SYNE3;DPP6;SCN3B;RAMP1;FERMT2
GO_Biological_Process_2023,Activation Of Protein Kinase B Activity (GO:0032148),3/25,0.1036426688859717,0.3145967736981265,0,0,2.8568931068931067,6.476022927777677,NRG1;IGF1;FGF1
GO_Biological_Process_2023,Cellular Response To Hexose Stimulus (GO:0071331),3/25,0.1036426688859717,0.3145967736981265,0,0,2.8568931068931067,6.476022927777677,KCNB1;GPER1;PCK1
GO_Biological_Process_2023,Lamellipodium Assembly (GO:0030032),3/25,0.1036426688859717,0.3145967736981265,0,0,2.8568931068931067,6.476022927777677,P2RY12;KIT;S1PR1
GO_Biological_Process_2023,Metanephros Development (GO:0001656),3/25,0.1036426688859717,0.3145967736981265,0,0,2.8568931068931067,6.476022927777677,SOX17;WT1;FGF10
GO_Biological_Process_2023,Negative Regulation Of Signaling Receptor Activity (GO:2000272),3/25,0.1036426688859717,0.3145967736981265,0,0,2.8568931068931067,6.476022927777677,CRHBP;CNRIP1;PPARG
GO_Biological_Process_2023,Sterol Transport (GO:0015918),3/25,0.1036426688859717,0.3145967736981265,0,0,2.8568931068931067,6.476022927777677,CAV1;CD36;APOB
GO_Biological_Process_2023,L-alpha-amino Acid Transmembrane Transport (GO:1902475),4/40,0.1081688345365436,0.3273697962885393,0,0,2.3286884243979955,5.17914741071312,SLC17A7;SLC1A7;SLC6A2;SLC7A3
GO_Biological_Process_2023,Notch Signaling Pathway (GO:0007219),4/40,0.1081688345365436,0.3273697962885393,0,0,2.3286884243979955,5.17914741071312,BMP2;DTX1;SNAI2;ASCL1
GO_Biological_Process_2023,Negative Regulation Of Cell-Cell Adhesion (GO:0022408),4/40,0.1081688345365436,0.3273697962885393,0,0,2.3286884243979955,5.17914741071312,BMP2;ADTRP;KLF4;BMP6
GO_Biological_Process_2023,Plasma Membrane Organization (GO:0007009),6/72,0.1103357577985715,0.333600866135348,0,0,1.906484915305202,4.202325941993369,ABCD2;CR1;MYMX;CAVIN2;PLSCR4;ANK2
GO_Biological_Process_2023,Response To Calcium Ion (GO:0051592),8/106,0.1115680335270181,0.3369965944206508,0,0,1.7128424850603226,3.7564703235212087,CRHBP;KCNIP2;KCNMB1;CAV1;CASQ2;AKR1C3;SYT8;RYR3
GO_Biological_Process_2023,Acute Inflammatory Response (GO:0002526),3/26,0.1133834152723902,0.3397757545837994,0,0,2.7325370281892023,5.948678864552662,IL6;CNTN1;C2CD4B
GO_Biological_Process_2023,cAMP-mediated Signaling (GO:0019933),3/26,0.1133834152723902,0.3397757545837994,0,0,2.7325370281892023,5.948678864552662,PDE2A;AKAP6;DEFB1
GO_Biological_Process_2023,Cardiac Muscle Cell Development (GO:0055013),3/26,0.1133834152723902,0.3397757545837994,0,0,2.7325370281892023,5.948678864552662,PDGFRA;MYH11;ALPK2
GO_Biological_Process_2023,Positive Regulation Of Monooxygenase Activity (GO:0032770),3/26,0.1133834152723902,0.3397757545837994,0,0,2.7325370281892023,5.948678864552662,FCER2;NPR3;HTR2B
GO_Biological_Process_2023,Positive Regulation Of Nuclear Division (GO:0051785),3/26,0.1133834152723902,0.3397757545837994,0,0,2.7325370281892023,5.948678864552662,EDN1;EDN3;IGF1
GO_Biological_Process_2023,Regulation Of Cardiac Muscle Cell Contraction (GO:0086004),3/26,0.1133834152723902,0.3397757545837994,0,0,2.7325370281892023,5.948678864552662,PLN;CAV1;ANK2
GO_Biological_Process_2023,Regulation Of Myeloid Cell Differentiation (GO:0045637),3/26,0.1133834152723902,0.3397757545837994,0,0,2.7325370281892023,5.948678864552662,CSF3;ZBTB16;HOXA5
GO_Biological_Process_2023,Positive Regulation Of Defense Response (GO:0031349),9/124,0.1140926650224577,0.3397757545837994,0,0,1.642439399769142,3.565315981072615,IL33;TSLP;PDE2A;AGTR1;S100A12;EMILIN2;TLR4;CX3CL1;SNCA
GO_Biological_Process_2023,Negative Regulation Of Apoptotic Process (GO:0043066),28/482,0.1146312110830859,0.3397757545837994,0,0,1.2984992160083626,2.8125949619909054,HTR2B;ASCL1;FSTL1;FOXO1;CX3CL1;AQP1;NTF4;SOCS3;PDPN;PDK4;SNCA;ANGPT4;ANXA1;EGR3;TSLP;ANGPT1;CAV1;CIDEA;IGF1;KLF4;TNFRSF10D;SFRP1;IL6;WT1;SNAI2;SPRY2;ANGPTL4;CRYAB
GO_Biological_Process_2023,Protein Localization To Cell Periphery (GO:1990778),10/142,0.1152879217620688,0.3397757545837994,0,0,1.5902379274472298,3.4354269532461044,TRARG1;DPP6;KCNB1;CAV1;ADIPOQ;ANK2;ZDHHC22;SCN3B;ANK1;RAMP1
GO_Biological_Process_2023,Positive Regulation Of Actin Filament Polymerization (GO:0030838),4/41,0.115780854918109,0.3397757545837994,0,0,2.265631968602265,4.8848295274120455,CCL24;CSF3;CCL21;LMOD1
GO_Biological_Process_2023,Regulation Of Dendrite Development (GO:0050773),4/41,0.115780854918109,0.3397757545837994,0,0,2.265631968602265,4.8848295274120455,ALK;SEZ6;PTN;MGARP
GO_Biological_Process_2023,Stem Cell Differentiation (GO:0048863),4/41,0.115780854918109,0.3397757545837994,0,0,2.265631968602265,4.8848295274120455,SFRP1;KIT;HTR2B;MEOX1
GO_Biological_Process_2023,Monocarboxylic Acid Transport (GO:0015718),6/73,0.115863437851632,0.3397757545837994,0,0,1.877931182017147,4.047585905182694,SLC10A6;FABP4;FABP5;ACSL1;AKR1C1;SLC16A7
GO_Biological_Process_2023,Body Fluid Secretion (GO:0007589),2/13,0.1164505177679493,0.3397757545837994,0,0,3.807204869773476,8.186590129336194,OXTR;NPR1
GO_Biological_Process_2023,Clathrin Coat Assembly (GO:0048268),2/13,0.1164505177679493,0.3397757545837994,0,0,3.807204869773476,8.186590129336194,NSG2;NSG1
GO_Biological_Process_2023,Endothelial Cell Differentiation (GO:0045446),2/13,0.1164505177679493,0.3397757545837994,0,0,3.807204869773476,8.186590129336194,PROX1;FSTL1
GO_Biological_Process_2023,Glomerular Filtration (GO:0003094),2/13,0.1164505177679493,0.3397757545837994,0,0,3.807204869773476,8.186590129336194,KIRREL1;JCHAIN
GO_Biological_Process_2023,Mature B Cell Differentiation Involved In Immune Response (GO:0002313),2/13,0.1164505177679493,0.3397757545837994,0,0,3.807204869773476,8.186590129336194,DOCK11;IL6
GO_Biological_Process_2023,Membrane Depolarization (GO:0051899),2/13,0.1164505177679493,0.3397757545837994,0,0,3.807204869773476,8.186590129336194,CAV1;SCN3B
GO_Biological_Process_2023,Negative Regulation Of Cell Activation (GO:0050866),2/13,0.1164505177679493,0.3397757545837994,0,0,3.807204869773476,8.186590129336194,PDGFRA;GPER1
GO_Biological_Process_2023,Negative Regulation Of Cell Migration Involved In Sprouting Angiogenesis (GO:0090051),2/13,0.1164505177679493,0.3397757545837994,0,0,3.807204869773476,8.186590129336194,KLF4;MEOX2
GO_Biological_Process_2023,Negative Regulation Of Neuroinflammatory Response (GO:0150079),2/13,0.1164505177679493,0.3397757545837994,0,0,3.807204869773476,8.186590129336194,IGF1;CX3CL1
GO_Biological_Process_2023,Negative Regulation Of Secretion (GO:0051048),2/13,0.1164505177679493,0.3397757545837994,0,0,3.807204869773476,8.186590129336194,NRG1;SPX
GO_Biological_Process_2023,Positive Regulation Of Brown Fat Cell Differentiation (GO:0090336),2/13,0.1164505177679493,0.3397757545837994,0,0,3.807204869773476,8.186590129336194,PTGS2;VSTM2A
GO_Biological_Process_2023,Positive Regulation Of Cardiac Muscle Cell Proliferation (GO:0060045),2/13,0.1164505177679493,0.3397757545837994,0,0,3.807204869773476,8.186590129336194,ZFPM2;FGF2
GO_Biological_Process_2023,Positive Regulation Of Fatty Acid Biosynthetic Process (GO:0045723),2/13,0.1164505177679493,0.3397757545837994,0,0,3.807204869773476,8.186590129336194,MLXIPL;ABCD2
GO_Biological_Process_2023,Positive Regulation Of Glycogen Biosynthetic Process (GO:0045725),2/13,0.1164505177679493,0.3397757545837994,0,0,3.807204869773476,8.186590129336194,IGF1;SORBS1
GO_Biological_Process_2023,Positive Regulation Of Macrophage Chemotaxis (GO:0010759),2/13,0.1164505177679493,0.3397757545837994,0,0,3.807204869773476,8.186590129336194,IL34;RARRES2
GO_Biological_Process_2023,Positive Regulation Of Potassium Ion Transmembrane Transporter Activity (GO:1901018),2/13,0.1164505177679493,0.3397757545837994,0,0,3.807204869773476,8.186590129336194,KCNIP2;ANK2
GO_Biological_Process_2023,Regulation Of Cellular Ketone Metabolic Process (GO:0010565),2/13,0.1164505177679493,0.3397757545837994,0,0,3.807204869773476,8.186590129336194,PDK4;CES1
GO_Biological_Process_2023,Regulation Of Leukocyte Migration (GO:0002685),2/13,0.1164505177679493,0.3397757545837994,0,0,3.807204869773476,8.186590129336194,ANXA1;HOXA7
GO_Biological_Process_2023,Regulation Of Response To Stress (GO:0080134),2/13,0.1164505177679493,0.3397757545837994,0,0,3.807204869773476,8.186590129336194,CRHBP;CORO2B
GO_Biological_Process_2023,Regulation Of Short-Term Neuronal Synaptic Plasticity (GO:0048172),2/13,0.1164505177679493,0.3397757545837994,0,0,3.807204869773476,8.186590129336194,SYP;SLC8A2
GO_Biological_Process_2023,Regulation Of Vasculogenesis (GO:2001212),2/13,0.1164505177679493,0.3397757545837994,0,0,3.807204869773476,8.186590129336194,TMEM100;CD34
GO_Biological_Process_2023,Response To Chemokine (GO:1990868),2/13,0.1164505177679493,0.3397757545837994,0,0,3.807204869773476,8.186590129336194,CXCL12;DUSP1
GO_Biological_Process_2023,Regulation Of Actin Cytoskeleton Organization (GO:0032956),7/91,0.1219859006949767,0.355590628371476,0,0,1.7478844738778514,3.677286416524336,PDGFRA;CSF3;LRP1;FAM107A;NRG1;PAK3;CORO2B
GO_Biological_Process_2023,Ras Protein Signal Transduction (GO:0007265),10/144,0.123201468259985,0.3569824667320749,0,0,1.5663377464835293,3.279808348815703,ROPN1B;CNKSR2;NGFR;DOK5;RASGRF2;PDPN;AGTR1;IGF1;RGL1;FGF2
GO_Biological_Process_2023,Amino Acid Import Across Plasma Membrane (GO:0089718),3/27,0.1234551289959387,0.3569824667320749,0,0,2.618543956043956,5.477673228667475,SLC6A2;SLC7A3;SLC38A4
GO_Biological_Process_2023,Positive Regulation Of Filopodium Assembly (GO:0051491),3/27,0.1234551289959387,0.3569824667320749,0,0,2.618543956043956,5.477673228667475,DOCK11;CCL21;NEURL1
GO_Biological_Process_2023,Positive Regulation Of Immune System Process (GO:0002684),3/27,0.1234551289959387,0.3569824667320749,0,0,2.618543956043956,5.477673228667475,HCAR2;C6;C7
GO_Biological_Process_2023,Regulation Of Actin Polymerization Or Depolymerization (GO:0008064),3/27,0.1234551289959387,0.3569824667320749,0,0,2.618543956043956,5.477673228667475,CXCL12;ARHGAP28;PAK3
GO_Biological_Process_2023,Lysosome Localization (GO:0032418),4/42,0.1236197787290534,0.3569824667320749,0,0,2.20589427363789,4.611520636957702,NR4A3;MRGPRX2;KIT;FCER1A
GO_Biological_Process_2023,Organic Hydroxy Compound Biosynthetic Process (GO:1901617),4/42,0.1236197787290534,0.3569824667320749,0,0,2.20589427363789,4.611520636957702,CYP39A1;CH25H;AKR1C3;SLC27A2
GO_Biological_Process_2023,Positive Regulation Of Neuron Differentiation (GO:0045666),4/42,0.1236197787290534,0.3569824667320749,0,0,2.20589427363789,4.611520636957702,BRINP2;BMP2;PROX1;ASCL1
GO_Biological_Process_2023,Regulation Of Axonogenesis (GO:0050770),4/42,0.1236197787290534,0.3569824667320749,0,0,2.20589427363789,4.611520636957702,CHODL;SLIT2;PAK3;PLXNA4
GO_Biological_Process_2023,Skeletal Muscle Tissue Development (GO:0007519),4/42,0.1236197787290534,0.3569824667320749,0,0,2.20589427363789,4.611520636957702,EGR2;CAV2;CAV1;DMD
GO_Biological_Process_2023,Eye Development (GO:0001654),5/58,0.1244685134322894,0.3587621857754225,0,0,1.9775995345357824,4.120729092571173,SOX2;WT1;MAB21L1;CHRDL1;FBN1
GO_Biological_Process_2023,Glycosaminoglycan Biosynthetic Process (GO:0006024),5/58,0.1244685134322894,0.3587621857754225,0,0,1.9775995345357824,4.120729092571173,ANGPT1;HAS1;HAS3;HAS2;CHST3
GO_Biological_Process_2023,Positive Regulation Of Wnt Signaling Pathway (GO:0030177),8/109,0.1253443934256167,0.3606133667333447,0,0,1.6617034079098518,3.4508431538263333,SFRP4;SCEL;SFRP1;BMP2;ZEB2;CAV1;RSPO3;FGF10
GO_Biological_Process_2023,Positive Regulation Of Cysteine-Type Endopeptidase Activity Involved In Apoptotic Process (GO:0043280),8/109,0.1253443934256167,0.3606133667333447,0,0,1.6617034079098518,3.4508431538263333,NGFR;ACVR1C;GSN;GPER1;CNTN1;PPARG;SOX7;SNCA
GO_Biological_Process_2023,Regulation Of Anatomical Structure Morphogenesis (GO:0022603),9/127,0.1269099652048305,0.3647775256865102,0,0,1.6004293535323233,3.3037301117158857,SFRP1;IL6;PID1;GPNMB;ADGRA2;LEP;PAK3;FGF2;FERMT2
GO_Biological_Process_2023,Positive Regulation Of Protein Kinase Activity (GO:0045860),10/145,0.1272672761570735,0.3652914609127569,0,0,1.5546532135679425,3.204864535241187,EGR1;RELN;CCL21;IL34;CARTPT;ADRB2;SLC8A2;TGFBR2;DDR2;SNCA
GO_Biological_Process_2023,Regulation Of BMP Signaling Pathway (GO:0030510),6/75,0.1273254330878284,0.3652914609127569,0,0,1.8233066487704328,3.757851421593539,SFRP4;FST;SOSTDC1;PPARG;CHRDL1;FSTL1
GO_Biological_Process_2023,Anterior/Posterior Pattern Specification (GO:0009952),5/59,0.1312121570174601,0.3691925129496421,0,0,1.9408753467123512,3.941800884777464,BMP2;WT1;HOXA7;PCSK5;HOXA5
GO_Biological_Process_2023,Positive Regulation Of Protein Binding (GO:0032092),5/59,0.1312121570174601,0.3691925129496421,0,0,1.9408753467123512,3.941800884777464,CLDN5;CSF3;BMP2;LRP1;CAV1
GO_Biological_Process_2023,Positive Regulation Of Cell Division (GO:0051781),4/43,0.1316772047424271,0.3691925129496421,0,0,2.149220050210149,4.357332533772412,MRGPRX2;TAL1;HTR2B;FGF1
GO_Biological_Process_2023,Positive Regulation Of Receptor-Mediated Endocytosis (GO:0048260),4/43,0.1316772047424271,0.3691925129496421,0,0,2.149220050210149,4.357332533772412,CCL14;SFRP4;ANGPT1;CCL21
GO_Biological_Process_2023,L-glutamate Transmembrane Transport (GO:0015813),2/14,0.1319142668556706,0.3691925129496421,0,0,3.489754848152214,7.068858102297425,SLC17A7;SLC1A7
GO_Biological_Process_2023,Bone Morphogenesis (GO:0060349),2/14,0.1319142668556706,0.3691925129496421,0,0,3.489754848152214,7.068858102297425,SFRP4;CYP26B1
GO_Biological_Process_2023,Calcium Ion-Regulated Exocytosis Of Neurotransmitter (GO:0048791),2/14,0.1319142668556706,0.3691925129496421,0,0,3.489754848152214,7.068858102297425,UNC13A;SYT8
GO_Biological_Process_2023,Cellular Response To ATP (GO:0071318),2/14,0.1319142668556706,0.3691925129496421,0,0,3.489754848152214,7.068858102297425,P2RY12;RYR3
GO_Biological_Process_2023,Embryonic Cranial Skeleton Morphogenesis (GO:0048701),2/14,0.1319142668556706,0.3691925129496421,0,0,3.489754848152214,7.068858102297425,PDGFRA;TGFBR2
GO_Biological_Process_2023,Genitalia Development (GO:0048806),2/14,0.1319142668556706,0.3691925129496421,0,0,3.489754848152214,7.068858102297425,LHCGR;WT1
GO_Biological_Process_2023,Membrane Repolarization During Cardiac Muscle Cell Action Potential (GO:0086013),2/14,0.1319142668556706,0.3691925129496421,0,0,3.489754848152214,7.068858102297425,KCNIP2;KCNJ3
GO_Biological_Process_2023,Mitochondrion Transport Along Microtubule (GO:0047497),2/14,0.1319142668556706,0.3691925129496421,0,0,3.489754848152214,7.068858102297425,NEFL;MGARP
GO_Biological_Process_2023,Myotube Cell Development (GO:0014904),2/14,0.1319142668556706,0.3691925129496421,0,0,3.489754848152214,7.068858102297425,CAV2;IGF1
GO_Biological_Process_2023,Negative Regulation Of Smooth Muscle Cell Migration (GO:0014912),2/14,0.1319142668556706,0.3691925129496421,0,0,3.489754848152214,7.068858102297425,LRP1;SLIT2
GO_Biological_Process_2023,Pathway-Restricted SMAD Protein Phosphorylation (GO:0060389),2/14,0.1319142668556706,0.3691925129496421,0,0,3.489754848152214,7.068858102297425,BMP2;TGFBR2
GO_Biological_Process_2023,Phagolysosome Assembly (GO:0001845),2/14,0.1319142668556706,0.3691925129496421,0,0,3.489754848152214,7.068858102297425,SRPX;RAB7B
GO_Biological_Process_2023,Positive Regulation Of Glycogen Metabolic Process (GO:0070875),2/14,0.1319142668556706,0.3691925129496421,0,0,3.489754848152214,7.068858102297425,IGF1;SORBS1
GO_Biological_Process_2023,Positive Regulation Of Response To Cytokine Stimulus (GO:0060760),2/14,0.1319142668556706,0.3691925129496421,0,0,3.489754848152214,7.068858102297425,TSLP;LRRC70
GO_Biological_Process_2023,Primary Alcohol Metabolic Process (GO:0034308),2/14,0.1319142668556706,0.3691925129496421,0,0,3.489754848152214,7.068858102297425,CYP11A1;IGF1
GO_Biological_Process_2023,Regulation Of Endothelial Cell Chemotaxis (GO:2001026),2/14,0.1319142668556706,0.3691925129496421,0,0,3.489754848152214,7.068858102297425,NRG1;FGF2
GO_Biological_Process_2023,Regulation Of Feeding Behavior (GO:0060259),2/14,0.1319142668556706,0.3691925129496421,0,0,3.489754848152214,7.068858102297425,NR4A3;LEPR
GO_Biological_Process_2023,Regulation Of Integrin Activation (GO:0033623),2/14,0.1319142668556706,0.3691925129496421,0,0,3.489754848152214,7.068858102297425,SELP;FERMT2
GO_Biological_Process_2023,Regulation Of Sequestering Of Triglyceride (GO:0010889),2/14,0.1319142668556706,0.3691925129496421,0,0,3.489754848152214,7.068858102297425,CIDEA;PPARG
GO_Biological_Process_2023,Response To Muscle Stretch (GO:0035994),2/14,0.1319142668556706,0.3691925129496421,0,0,3.489754848152214,7.068858102297425,GSN;DMD
GO_Biological_Process_2023,Serine Family Amino Acid Metabolic Process (GO:0009069),2/14,0.1319142668556706,0.3691925129496421,0,0,3.489754848152214,7.068858102297425,GLYAT;CDO1
GO_Biological_Process_2023,Striated Muscle Cell Development (GO:0055002),2/14,0.1319142668556706,0.3691925129496421,0,0,3.489754848152214,7.068858102297425,LMOD1;PGM5
GO_Biological_Process_2023,Synaptic Vesicle Membrane Organization (GO:0048499),2/14,0.1319142668556706,0.3691925129496421,0,0,3.489754848152214,7.068858102297425,SNAP25;SYP
GO_Biological_Process_2023,Apoptotic Cell Clearance (GO:0043277),3/28,0.1338369877743714,0.3732202179399139,0,0,2.5136703296703296,5.05532466922649,XKR7;ANXA1;LRP1
GO_Biological_Process_2023,Negative Regulation Of Type II Interferon Production (GO:0032689),3/28,0.1338369877743714,0.3732202179399139,0,0,2.5136703296703296,5.05532466922649,CR1;IL36RN;TLR4
GO_Biological_Process_2023,Regulation Of Cardiac Muscle Cell Action Potential (GO:0098901),3/28,0.1338369877743714,0.3732202179399139,0,0,2.5136703296703296,5.05532466922649,CAV1;ANK2;TBX18
GO_Biological_Process_2023,Regulation Of Sodium Ion Transmembrane Transport (GO:1902305),3/28,0.1338369877743714,0.3732202179399139,0,0,2.5136703296703296,5.05532466922649,SCN3B;SCN4B;SCN2B
GO_Biological_Process_2023,Negative Regulation Of Gene Expression (GO:0010629),20/336,0.1373675663053543,0.3827199252568852,0,0,1.3303896692984818,2.6409498541670158,LRP1;CIDEA;IGF1;MMP8;KLF4;FGF2;CLDN5;SFRP1;ZFP36;BMP2;GPNMB;KRT17;CILP;GPER1;ATOH8;CLDN19;PPARG;CCDC3;CD34;RBMS3
GO_Biological_Process_2023,Response To Retinoic Acid (GO:0032526),5/60,0.1381168484364829,0.3844605149895606,0,0,1.9054865839006807,3.772206470645094,ALDH1A2;HSD17B2;RORB;ASCL1;AQP1
GO_Biological_Process_2023,Embryonic Organ Development (GO:0048568),6/77,0.1393127177448271,0.3870912328337365,0,0,1.7717595540164914,3.4921985065455403,SOX17;TAL1;RARRES2;KIT;PCSK5;TGFBR2
GO_Biological_Process_2023,Regulation Of T Cell Proliferation (GO:0042129),6/77,0.1393127177448271,0.3870912328337365,0,0,1.7717595540164914,3.4921985065455403,IL6;ANXA1;CR1;GPNMB;CD209;LEP
GO_Biological_Process_2023,Defense Response To Bacterium (GO:0042742),13/204,0.1419474487259801,0.3940573509146588,0,0,1.4290168702734147,2.789867305496481,GSDMC;RARRES2;STAB2;DEFB1;DEFB132;AQP1;JCHAIN;SELP;IL6;RNASE7;S100A12;CTSG;TLR4
GO_Biological_Process_2023,Positive Regulation Of Transcription By RNA Polymerase II (GO:0045944),50/938,0.142722921775447,0.3958541415281268,0,0,1.1873910410990365,2.311672412554502,CSF3;PID1;CSRNP3;RORB;LDB2;FGF1;MEOX2;FGF2;CX3CL1;SOX2;SOX17;GPER1;HOXA7;TP63;HOXA5;MYOCD;EDN1;PAX3;FOS;PROX1;KLF15;DCN;ZEB2;TAL1;PPARG;ERG;ZFPM2;TLR4;ATF3;BEX1;TMPRSS6;BHLHE22;ASCL1;FOXO1;PLAGL1;ATOH8;CYTL1;EGR1;IL33;EGR2;PRRX1;IGF1;KLF4;BMP6;MLXIPL;NR4A1;BMP2;IL6;NR4A3;WT1
GO_Biological_Process_2023,Negative Regulation Of Nucleic Acid-Templated Transcription (GO:1903507),26/456,0.1444031245047641,0.3986561944362656,0,0,1.271812485252091,2.4611433712770228,MAGEL2;TMPRSS6;TWIST2;RORB;ASCL1;FOXO1;TCEAL7;ATOH8;HOXA7;SOX7;TP63;RUNX1T1;ZBTB16;ADIPOQ;NRG1;PROX1;KLF4;FOXP2;MLXIPL;SFRP1;BMP2;WT1;ID4;PPARG;ZFPM2;CRYAB
GO_Biological_Process_2023,Morphogenesis Of An Epithelium (GO:0002009),3/29,0.1445080277208232,0.3986561944362656,0,0,2.416863905325444,4.675230402160095,KRT16;SOX10;TBX18
GO_Biological_Process_2023,Negative Regulation Of Plasma Membrane Bounded Cell Projection Assembly (GO:0120033),3/29,0.1445080277208232,0.3986561944362656,0,0,2.416863905325444,4.675230402160095,CCL21;NRG1;SLIT2
GO_Biological_Process_2023,Regulation Of Muscle Contraction (GO:0006937),3/29,0.1445080277208232,0.3986561944362656,0,0,2.416863905325444,4.675230402160095,CNN1;KCNA1;CAV1
GO_Biological_Process_2023,Regulation Of Voltage-Gated Calcium Channel Activity (GO:1901385),3/29,0.1445080277208232,0.3986561944362656,0,0,2.416863905325444,4.675230402160095,STAC;STAC2;DMD
GO_Biological_Process_2023,Response To Steroid Hormone (GO:0048545),3/29,0.1445080277208232,0.3986561944362656,0,0,2.416863905325444,4.675230402160095,CAV1;ADTRP;MGARP
GO_Biological_Process_2023,Synapse Organization (GO:0050808),9/131,0.145133804038637,0.3988502470274589,0,0,1.5476298418685623,2.987079081915021,LRFN5;UNC13A;HMCN2;PAK3;KY;CX3CL1;SLC8A2;SNCA;ADGRL3
GO_Biological_Process_2023,Fatty Acid Catabolic Process (GO:0009062),5/61,0.1451778580119845,0.3988502470274589,0,0,1.8713617054751417,3.6113457372827407,ABCD2;ACADL;ADIPOQ;ADTRP;SLC27A2
GO_Biological_Process_2023,Long-Chain Fatty Acid Metabolic Process (GO:0001676),6/78,0.14549642437223,0.3988502470274589,0,0,1.7470599044468946,3.3676392537444726,CYP2C8;ACADL;ACSL1;ADTRP;SLC27A2;RAPSN
GO_Biological_Process_2023,L-glutamate Import (GO:0051938),2/15,0.1478084491737651,0.3988502470274589,0,0,3.2211432913957614,6.158304488855916,SLC17A7;SLC1A7
GO_Biological_Process_2023,Adenylate Cyclase-Activating Adrenergic Receptor Signaling Pathway (GO:0071880),2/15,0.1478084491737651,0.3988502470274589,0,0,3.2211432913957614,6.158304488855916,ADRB3;ADRB2
GO_Biological_Process_2023,Cardiac Myofibril Assembly (GO:0055003),2/15,0.1478084491737651,0.3988502470274589,0,0,3.2211432913957614,6.158304488855916,PDGFRA;PROX1
GO_Biological_Process_2023,Cellular Response To Estrogen Stimulus (GO:0071391),2/15,0.1478084491737651,0.3988502470274589,0,0,3.2211432913957614,6.158304488855916,CRHBP;SFRP1
GO_Biological_Process_2023,Dendritic Cell Chemotaxis (GO:0002407),2/15,0.1478084491737651,0.3988502470274589,0,0,3.2211432913957614,6.158304488855916,CCL21;CXCR2
GO_Biological_Process_2023,Digestive Tract Morphogenesis (GO:0048546),2/15,0.1478084491737651,0.3988502470274589,0,0,3.2211432913957614,6.158304488855916,PDGFRA;SOX17
GO_Biological_Process_2023,Negative Regulation Of Epithelial Cell Differentiation (GO:0030857),2/15,0.1478084491737651,0.3988502470274589,0,0,3.2211432913957614,6.158304488855916,SPRY2;SPRY1
GO_Biological_Process_2023,Negative Regulation Of Macrophage Activation (GO:0043031),2/15,0.1478084491737651,0.3988502470274589,0,0,3.2211432913957614,6.158304488855916,LRFN5;CX3CL1
GO_Biological_Process_2023,Oogenesis (GO:0048477),2/15,0.1478084491737651,0.3988502470274589,0,0,3.2211432913957614,6.158304488855916,IHO1;PTN
GO_Biological_Process_2023,Platelet-Derived Growth Factor Receptor Signaling Pathway (GO:0048008),2/15,0.1478084491737651,0.3988502470274589,0,0,3.2211432913957614,6.158304488855916,PDGFRA;NR4A3
GO_Biological_Process_2023,Positive Regulation Of Cell Activation (GO:0050867),2/15,0.1478084491737651,0.3988502470274589,0,0,3.2211432913957614,6.158304488855916,SELP;TLR4
GO_Biological_Process_2023,Positive Regulation Of Secretion (GO:0051047),2/15,0.1478084491737651,0.3988502470274589,0,0,3.2211432913957614,6.158304488855916,NPR1;AQP1
GO_Biological_Process_2023,Regulation Of Amyloid-Beta Clearance (GO:1900221),2/15,0.1478084491737651,0.3988502470274589,0,0,3.2211432913957614,6.158304488855916,MYOCD;LRP1
GO_Biological_Process_2023,Regulation Of Bicellular Tight Junction Assembly (GO:2000810),2/15,0.1478084491737651,0.3988502470274589,0,0,3.2211432913957614,6.158304488855916,CLDN5;SNAI2
GO_Biological_Process_2023,Regulation Of Hormone Secretion (GO:0046883),2/15,0.1478084491737651,0.3988502470274589,0,0,3.2211432913957614,6.158304488855916,EDN1;EDN3
GO_Biological_Process_2023,Regulation Of Intrinsic Apoptotic Signaling Pathway In Response To DNA Damage (GO:1902229),2/15,0.1478084491737651,0.3988502470274589,0,0,3.2211432913957614,6.158304488855916,CXCL12;SNAI2
GO_Biological_Process_2023,Regulation Of miRNA-mediated Gene Silencing (GO:0060964),2/15,0.1478084491737651,0.3988502470274589,0,0,3.2211432913957614,6.158304488855916,ZFP36;PPARG
GO_Biological_Process_2023,Regulation Of Monocyte Differentiation (GO:0045655),2/15,0.1478084491737651,0.3988502470274589,0,0,3.2211432913957614,6.158304488855916,IL34;HOXA7
GO_Biological_Process_2023,Regulation Of Systemic Arterial Blood Pressure (GO:0003073),2/15,0.1478084491737651,0.3988502470274589,0,0,3.2211432913957614,6.158304488855916,KLK1;SPX
GO_Biological_Process_2023,Renal Filtration (GO:0097205),2/15,0.1478084491737651,0.3988502470274589,0,0,3.2211432913957614,6.158304488855916,KIRREL1;JCHAIN
GO_Biological_Process_2023,Stem Cell Development (GO:0048864),2/15,0.1478084491737651,0.3988502470274589,0,0,3.2211432913957614,6.158304488855916,SNAI2;NRG1
GO_Biological_Process_2023,Sympathetic Nervous System Development (GO:0048485),2/15,0.1478084491737651,0.3988502470274589,0,0,3.2211432913957614,6.158304488855916,SEMA3A;INSM1
GO_Biological_Process_2023,Regulation Of Interleukin-6 Production (GO:0032675),8/114,0.1501629870718965,0.4048499048829211,0,0,1.5829042009798813,3.001240174790579,IL33;IL6;TSLP;LEP;MMP8;RAB7B;TLR4;CX3CL1
GO_Biological_Process_2023,Positive Regulation Of Protein Localization To Membrane (GO:1905477),6/79,0.1518028610639172,0.408913989619819,0,0,1.7230369576052318,3.2482220037322533,LRP1;KCNB1;STAC;GPER1;STAC2;SORBS1
GO_Biological_Process_2023,Cell Junction Organization (GO:0034330),5/62,0.152390261975281,0.4101383946972036,0,0,1.8384341912048845,3.458665612867949,HMCN2;PAK3;LIMS2;SLC8A2;SNCA
GO_Biological_Process_2023,Negative Regulation Of Programmed Cell Death (GO:0043069),22/381,0.1541902608039019,0.4146213720397606,0,0,1.2880773066474087,2.408148087442243,ANGPT4;EGR3;ANXA1;TSLP;ANGPT1;HTR2B;IGF1;ASCL1;FSTL1;CX3CL1;FOXO1;AQP1;TNFRSF10D;SOCS3;SFRP1;IL6;WT1;PDPN;SPRY2;ANGPTL4;CRYAB;SNCA
GO_Biological_Process_2023,Artery Morphogenesis (GO:0048844),3/30,0.1554472609669644,0.4154681338571594,0,0,2.3272283272283274,4.332016290143142,LRP1;FOLR1;TGFBR2
GO_Biological_Process_2023,Lamellipodium Organization (GO:0097581),3/30,0.1554472609669644,0.4154681338571594,0,0,2.3272283272283274,4.332016290143142,P2RY12;KIT;S1PR1
GO_Biological_Process_2023,Negative Regulation Of Axon Extension (GO:0030517),3/30,0.1554472609669644,0.4154681338571594,0,0,2.3272283272283274,4.332016290143142,SEMA3D;SEMA3A;SEMA3G
GO_Biological_Process_2023,Negative Regulation Of Epithelial To Mesenchymal Transition (GO:0010719),3/30,0.1554472609669644,0.4154681338571594,0,0,2.3272283272283274,4.332016290143142,SFRP1;SPRY2;SPRY1
GO_Biological_Process_2023,Negative Regulation Of Peptidyl-Tyrosine Phosphorylation (GO:0050732),3/30,0.1554472609669644,0.4154681338571594,0,0,2.3272283272283274,4.332016290143142,SOCS3;SFRP1;CAV1
GO_Biological_Process_2023,"Phagocytosis, Engulfment (GO:0006911)",3/30,0.1554472609669644,0.4154681338571594,0,0,2.3272283272283274,4.332016290143142,XKR7;GSN;CD36
GO_Biological_Process_2023,Positive Regulation Of Interleukin-10 Production (GO:0032733),3/30,0.1554472609669644,0.4154681338571594,0,0,2.3272283272283274,4.332016290143142,IL6;TSLP;TLR4
GO_Biological_Process_2023,Development Of Primary Male Sexual Characteristics (GO:0046546),4/46,0.1570719822410911,0.417281591375429,0,0,1.9953900151919957,3.693568868770389,LHCGR;WT1;KIT;AKR1C3
GO_Biological_Process_2023,Homotypic Cell-Cell Adhesion (GO:0034109),4/46,0.1570719822410911,0.417281591375429,0,0,1.9953900151919957,3.693568868770389,P2RY12;PDGFRA;HBB;XG
GO_Biological_Process_2023,Male Gonad Development (GO:0008584),4/46,0.1570719822410911,0.417281591375429,0,0,1.9953900151919957,3.693568868770389,LHCGR;WT1;KIT;AKR1C3
GO_Biological_Process_2023,Regulation Of Cytokine Production Involved In Inflammatory Response (GO:1900015),4/46,0.1570719822410911,0.417281591375429,0,0,1.9953900151919957,3.693568868770389,ABCD2;IL6;LEP;TLR4
GO_Biological_Process_2023,Regulation Of Interleukin-10 Production (GO:0032653),4/46,0.1570719822410911,0.417281591375429,0,0,1.9953900151919957,3.693568868770389,IL6;TSLP;MMP8;TLR4
GO_Biological_Process_2023,Regulation Of Nervous System Development (GO:0051960),4/46,0.1570719822410911,0.417281591375429,0,0,1.9953900151919957,3.693568868770389,LGI4;PTN;ASCL1;CX3CL1
GO_Biological_Process_2023,Response To Glucose (GO:0009749),4/46,0.1570719822410911,0.417281591375429,0,0,1.9953900151919957,3.693568868770389,KCNB1;GPER1;ADIPOQ;PCK1
GO_Biological_Process_2023,Positive Regulation Of Protein-Containing Complex Assembly (GO:0031334),7/98,0.160511534259546,0.4260525419253815,0,0,1.6128374936321956,2.950507934847027,TAL1;MMP3;NRG1;CD36;TLR4;FERMT2;SNCA
GO_Biological_Process_2023,Cell Surface Receptor Signaling Pathway Involved In Heart Development (GO:0061311),2/16,0.1640616566692272,0.4295660170804958,0,0,2.990904814175945,5.406099233223966,BMP2;SNAI2
GO_Biological_Process_2023,Heart Process (GO:0003015),2/16,0.1640616566692272,0.4295660170804958,0,0,2.990904814175945,5.406099233223966,SGCD;SGCZ
GO_Biological_Process_2023,Mesonephric Tubule Development (GO:0072164),2/16,0.1640616566692272,0.4295660170804958,0,0,2.990904814175945,5.406099233223966,WT1;SLIT2
GO_Biological_Process_2023,Negative Regulation Of Chemokine Production (GO:0032682),2/16,0.1640616566692272,0.4295660170804958,0,0,2.990904814175945,5.406099233223966,IL6;KLF4
GO_Biological_Process_2023,Negative Regulation Of Receptor Signaling Pathway Via JAK-STAT (GO:0046426),2/16,0.1640616566692272,0.4295660170804958,0,0,2.990904814175945,5.406099233223966,SOCS3;CAV1
GO_Biological_Process_2023,Oligodendrocyte Development (GO:0014003),2/16,0.1640616566692272,0.4295660170804958,0,0,2.990904814175945,5.406099233223966,PRDM8;SOX10
GO_Biological_Process_2023,Positive Regulation Of Myeloid Leukocyte Cytokine Production Involved In Immune Response (GO:0061081),2/16,0.1640616566692272,0.4295660170804958,0,0,2.990904814175945,5.406099233223966,NR4A3;KIT
GO_Biological_Process_2023,Positive Regulation Of Smooth Muscle Cell Migration (GO:0014911),2/16,0.1640616566692272,0.4295660170804958,0,0,2.990904814175945,5.406099233223966,NR4A3;IGF1
GO_Biological_Process_2023,Regulation Of NMDA Receptor Activity (GO:2000310),2/16,0.1640616566692272,0.4295660170804958,0,0,2.990904814175945,5.406099233223966,CRHBP;RELN
GO_Biological_Process_2023,Regulation Of Blood Vessel Endothelial Cell Proliferation Involved In Sprouting Angiogenesis (GO:1903587),2/16,0.1640616566692272,0.4295660170804958,0,0,2.990904814175945,5.406099233223966,NGFR;FGF2
GO_Biological_Process_2023,Regulation Of Cardiac Muscle Contraction By Regulation Of The Release Of Sequestered Calcium Ion (GO:0010881),2/16,0.1640616566692272,0.4295660170804958,0,0,2.990904814175945,5.406099233223966,CASQ2;DMD
GO_Biological_Process_2023,Regulation Of Interleukin-1 Production (GO:0032652),2/16,0.1640616566692272,0.4295660170804958,0,0,2.990904814175945,5.406099233223966,SAA1;TLR4
GO_Biological_Process_2023,Regulation Of Presynapse Assembly (GO:1905606),2/16,0.1640616566692272,0.4295660170804958,0,0,2.990904814175945,5.406099233223966,LRFN5;SNCA
GO_Biological_Process_2023,Regulation Of Presynapse Organization (GO:0099174),2/16,0.1640616566692272,0.4295660170804958,0,0,2.990904814175945,5.406099233223966,LRFN5;SNCA
GO_Biological_Process_2023,Regulation Of Protein Kinase C Signaling (GO:0090036),2/16,0.1640616566692272,0.4295660170804958,0,0,2.990904814175945,5.406099233223966,SEZ6;SEZ6L
GO_Biological_Process_2023,Regulation Of Response To Cytokine Stimulus (GO:0060759),2/16,0.1640616566692272,0.4295660170804958,0,0,2.990904814175945,5.406099233223966,LRRC70;KLF4
GO_Biological_Process_2023,Regulation Of Interleukin-8 Production (GO:0032677),6/81,0.1647711978315985,0.4304589782870318,0,0,1.6769128996692393,3.0238050598942423,IL6;ANXA1;LEP;CNTN1;KLF4;TLR4
GO_Biological_Process_2023,Bicellular Tight Junction Assembly (GO:0070830),4/47,0.1659136989830309,0.4304589782870318,0,0,1.948883260419065,3.500754661979116,CLDN11;CLDN5;CLDN8;CLDN19
GO_Biological_Process_2023,Negative Regulation Of Tumor Necrosis Factor Production (GO:0032720),4/47,0.1659136989830309,0.4304589782870318,0,0,1.948883260419065,3.500754661979116,CIDEA;IGF1;TLR4;CX3CL1
GO_Biological_Process_2023,Secondary Alcohol Metabolic Process (GO:1902652),4/47,0.1659136989830309,0.4304589782870318,0,0,1.948883260419065,3.500754661979116,CH25H;CYP11A1;APOB;CES1
GO_Biological_Process_2023,Protein Maturation (GO:0051604),8/117,0.1661102532033848,0.4304589782870318,0,0,1.5390947336408334,2.762834397318348,MME;CPXM2;NNAT;CNTN1;CPXM1;CTSG;TLL1;PCSK5
GO_Biological_Process_2023,Actin Filament Polymerization (GO:0030041),3/31,0.1666337800625212,0.4304589782870318,0,0,2.243995290423862,4.021142638519801,GSN;FAM107A;GAS7
GO_Biological_Process_2023,acyl-CoA Metabolic Process (GO:0006637),3/31,0.1666337800625212,0.4304589782870318,0,0,2.243995290423862,4.021142638519801,ACSM5;GLYAT;ACACB
GO_Biological_Process_2023,Bile Acid Metabolic Process (GO:0008206),3/31,0.1666337800625212,0.4304589782870318,0,0,2.243995290423862,4.021142638519801,CYP39A1;AKR1C1;SLC27A2
GO_Biological_Process_2023,Cardiac Muscle Tissue Morphogenesis (GO:0055008),3/31,0.1666337800625212,0.4304589782870318,0,0,2.243995290423862,4.021142638519801,BMP2;S1PR1;PROX1
GO_Biological_Process_2023,Negative Regulation Of Cell-Matrix Adhesion (GO:0001953),3/31,0.1666337800625212,0.4304589782870318,0,0,2.243995290423862,4.021142638519801,FAM107A;HOXA7;PLET1
GO_Biological_Process_2023,Organic Cation Transport (GO:0015695),3/31,0.1666337800625212,0.4304589782870318,0,0,2.243995290423862,4.021142638519801,SLC22A3;SLC19A3;SLC6A2
GO_Biological_Process_2023,Positive Regulation Of G1/S Transition Of Mitotic Cell Cycle (GO:1900087),3/31,0.1666337800625212,0.4304589782870318,0,0,2.243995290423862,4.021142638519801,ANXA1;ADAMTS1;FGF10
GO_Biological_Process_2023,Positive Regulation Of Rho Protein Signal Transduction (GO:0035025),3/31,0.1666337800625212,0.4304589782870318,0,0,2.243995290423862,4.021142638519801,GPR17;COL3A1;SLC6A2
GO_Biological_Process_2023,Positive Regulation Of Glucose Transmembrane Transport (GO:0010828),3/31,0.1666337800625212,0.4304589782870318,0,0,2.243995290423862,4.021142638519801,NR4A3;IGF1;SORBS1
GO_Biological_Process_2023,Presynaptic Endocytosis (GO:0140238),3/31,0.1666337800625212,0.4304589782870318,0,0,2.243995290423862,4.021142638519801,STON1;SYT8;SNCA
GO_Biological_Process_2023,Response To Estradiol (GO:0032355),3/31,0.1666337800625212,0.4304589782870318,0,0,2.243995290423862,4.021142638519801,CRHBP;SFRP1;GPER1
GO_Biological_Process_2023,Negative Regulation Of Cell Death (GO:0060548),5/64,0.167248690524559,0.4313255703001786,0,0,1.7759277234376167,3.175844324935706,GPNMB;CCN5;CCN3;CCN2;SNCA
GO_Biological_Process_2023,Positive Regulation Of Interleukin-1 Production (GO:0032732),5/64,0.167248690524559,0.4313255703001786,0,0,1.7759277234376167,3.175844324935706,EGR1;IL6;SAA1;CD36;TLR4
GO_Biological_Process_2023,Positive Regulation Of Cell Projection Organization (GO:0031346),8/118,0.1715926721683533,0.44215908095468,0,0,1.5250226017076849,2.6880533271166933,CHODL;RELN;ROR1;PTN;SLIT2;PLXNA4;CX3CL1;DDR2
GO_Biological_Process_2023,Canonical Wnt Signaling Pathway (GO:0060070),5/65,0.1748840509388363,0.449627575224896,0,0,1.7462371512481645,3.044795134917333,CCL14;SFRP4;SFRP1;FRZB;CAV1
GO_Biological_Process_2023,Positive Regulation Of T Cell Proliferation (GO:0042102),5/65,0.1748840509388363,0.449627575224896,0,0,1.7462371512481645,3.044795134917333,IL6;ANXA1;CD209;LEP;IGF1
GO_Biological_Process_2023,Negative Regulation Of ERK1 And ERK2 Cascade (GO:0070373),4/48,0.174927994118918,0.449627575224896,0,0,1.9044904490449044,3.3202521815104085,GPER1;SPRY2;SPRY1;TLR4
GO_Biological_Process_2023,Amide Transport (GO:0042886),3/32,0.1780468501615321,0.4555042299326591,0,0,2.166502463054188,3.738751846116044,PDPN;FOLR2;FOLR1
GO_Biological_Process_2023,Regulation Of Transmembrane Transport (GO:0034762),3/32,0.1780468501615321,0.4555042299326591,0,0,2.166502463054188,3.738751846116044,KCNJ16;KCNJ3;SNCA
GO_Biological_Process_2023,Regulation Of Cell Division (GO:0051302),6/83,0.1781910951547549,0.4555042299326591,0,0,1.6331848966909606,2.8170785643929617,TAL1;NLRP5;HTR2B;KLHL13;FGF1;TP63
GO_Biological_Process_2023,T Cell Migration (GO:0072678),2/17,0.1806080911686345,0.4555042299326591,0,0,2.791364800585437,4.7772138413437,S1PR1;XG
GO_Biological_Process_2023,Amyloid Precursor Protein Metabolic Process (GO:0042982),2/17,0.1806080911686345,0.4555042299326591,0,0,2.791364800585437,4.7772138413437,NSG1;KLK6
GO_Biological_Process_2023,Carboxylic Acid Biosynthetic Process (GO:0046394),2/17,0.1806080911686345,0.4555042299326591,0,0,2.791364800585437,4.7772138413437,CYP2C8;CDO1
GO_Biological_Process_2023,Leukocyte Tethering Or Rolling (GO:0050901),2/17,0.1806080911686345,0.4555042299326591,0,0,2.791364800585437,4.7772138413437,SELP;JAM2
GO_Biological_Process_2023,Megakaryocyte Differentiation (GO:0030219),2/17,0.1806080911686345,0.4555042299326591,0,0,2.791364800585437,4.7772138413437,TAL1;KIT
GO_Biological_Process_2023,Negative Regulation Of Leukocyte Activation (GO:0002695),2/17,0.1806080911686345,0.4555042299326591,0,0,2.791364800585437,4.7772138413437,LRFN5;GPER1
GO_Biological_Process_2023,Neural Tube Development (GO:0021915),2/17,0.1806080911686345,0.4555042299326591,0,0,2.791364800585437,4.7772138413437,PROX1;SLC39A12
GO_Biological_Process_2023,Neuron Maturation (GO:0042551),2/17,0.1806080911686345,0.4555042299326591,0,0,2.791364800585437,4.7772138413437,LGI4;CX3CL1
GO_Biological_Process_2023,Nicotinamide Nucleotide Metabolic Process (GO:0046496),2/17,0.1806080911686345,0.4555042299326591,0,0,2.791364800585437,4.7772138413437,KRT17;FMO2
GO_Biological_Process_2023,Positive Regulation By Host Of Viral Process (GO:0044794),2/17,0.1806080911686345,0.4555042299326591,0,0,2.791364800585437,4.7772138413437,KRT17;CAV2
GO_Biological_Process_2023,Positive Regulation Of SMAD Protein Signal Transduction (GO:0060391),2/17,0.1806080911686345,0.4555042299326591,0,0,2.791364800585437,4.7772138413437,PPARG;BMP6
GO_Biological_Process_2023,Positive Regulation Of Cartilage Development (GO:0061036),2/17,0.1806080911686345,0.4555042299326591,0,0,2.791364800585437,4.7772138413437,BMP2;ZBTB16
GO_Biological_Process_2023,Positive Regulation Of Cell Adhesion Mediated By Integrin (GO:0033630),2/17,0.1806080911686345,0.4555042299326591,0,0,2.791364800585437,4.7772138413437,P2RY12;CCL21
GO_Biological_Process_2023,Positive Regulation Of Fatty Acid Metabolic Process (GO:0045923),2/17,0.1806080911686345,0.4555042299326591,0,0,2.791364800585437,4.7772138413437,MLXIPL;NR4A3
GO_Biological_Process_2023,Positive Regulation Of Leukocyte Adhesion To Vascular Endothelial Cell (GO:1904996),2/17,0.1806080911686345,0.4555042299326591,0,0,2.791364800585437,4.7772138413437,SELP;IL6
GO_Biological_Process_2023,Regulation Of Cartilage Development (GO:0061035),2/17,0.1806080911686345,0.4555042299326591,0,0,2.791364800585437,4.7772138413437,BMP2;ZBTB16
GO_Biological_Process_2023,Regulation Of Delayed Rectifier Potassium Channel Activity (GO:1902259),2/17,0.1806080911686345,0.4555042299326591,0,0,2.791364800585437,4.7772138413437,KCNG1;KCNS2
GO_Biological_Process_2023,Regulation Of Mitotic Cell Cycle Spindle Assembly Checkpoint (GO:0090266),2/17,0.1806080911686345,0.4555042299326591,0,0,2.791364800585437,4.7772138413437,DUSP1;USP44
GO_Biological_Process_2023,Sensory Perception Of Taste (GO:0050909),2/17,0.1806080911686345,0.4555042299326591,0,0,2.791364800585437,4.7772138413437,CD36;ASIC2
GO_Biological_Process_2023,Sulfur Amino Acid Metabolic Process (GO:0000096),2/17,0.1806080911686345,0.4555042299326591,0,0,2.791364800585437,4.7772138413437,FMO1;CDO1
GO_Biological_Process_2023,Antibacterial Humoral Response (GO:0019731),4/49,0.1841051783757923,0.4631888228574335,0,0,1.8620706515095955,3.1510854533333323,RNASE7;DEFB1;CTSG;JCHAIN
GO_Biological_Process_2023,Fatty Acid Beta-Oxidation (GO:0006635),4/49,0.1841051783757923,0.4631888228574335,0,0,1.8620706515095955,3.1510854533333323,ABCD2;ACADL;ADIPOQ;SLC27A2
GO_Biological_Process_2023,Negative Regulation Of Tumor Necrosis Factor Superfamily Cytokine Production (GO:1903556),4/49,0.1841051783757923,0.4631888228574335,0,0,1.8620706515095955,3.1510854533333323,CIDEA;IGF1;TLR4;CX3CL1
GO_Biological_Process_2023,Regulation Of Cysteine-Type Endopeptidase Activity Involved In Apoptotic Process (GO:0043281),6/84,0.1850615842040394,0.4644076029487686,0,0,1.612161818336019,2.719824392508692,SOX2;GPER1;KLF4;SOX7;AQP1;SNCA
GO_Biological_Process_2023,Regulation Of Interleukin-1 Beta Production (GO:0032651),6/84,0.1850615842040394,0.4644076029487686,0,0,1.612161818336019,2.719824392508692,EGR1;IL6;CD36;IGF1;TLR4;CX3CL1
GO_Biological_Process_2023,Carboxylic Acid Metabolic Process (GO:0019752),3/33,0.1896659902273331,0.4644076029487686,0,0,2.0941758241758244,3.481547831845099,PTGIS;GLYAT;PCK1
GO_Biological_Process_2023,Epithelial Tube Morphogenesis (GO:0060562),3/33,0.1896659902273331,0.4644076029487686,0,0,2.0941758241758244,3.481547831845099,SOX17;SLIT2;FGF10
GO_Biological_Process_2023,Negative Regulation Of Endocytosis (GO:0045806),3/33,0.1896659902273331,0.4644076029487686,0,0,2.0941758241758244,3.481547831845099,CAV1;ADIPOQ;PRTN3
GO_Biological_Process_2023,Positive Regulation Of DNA Binding (GO:0043388),3/33,0.1896659902273331,0.4644076029487686,0,0,2.0941758241758244,3.481547831845099,PPARG;IGF1;MMP8
GO_Biological_Process_2023,Positive Regulation Of Small Molecule Metabolic Process (GO:0062013),3/33,0.1896659902273331,0.4644076029487686,0,0,2.0941758241758244,3.481547831845099,MLXIPL;IGF1;CES1
GO_Biological_Process_2023,Ventricular Cardiac Muscle Tissue Morphogenesis (GO:0055010),3/33,0.1896659902273331,0.4644076029487686,0,0,2.0941758241758244,3.481547831845099,NRG1;PROX1;ZFPM2
GO_Biological_Process_2023,Peptidyl-Tyrosine Phosphorylation (GO:0018108),5/67,0.1905394280749753,0.4644076029487686,0,0,1.6897292880488846,2.801395654684694,ALK;PDGFRA;RELN;LEP;DDR2
GO_Biological_Process_2023,Defense Response To Gram-positive Bacterium (GO:0050830),6/85,0.1920342205956488,0.4644076029487686,0,0,1.591670969812848,2.6263871246949377,IL6;RARRES2;RNASE7;STAB2;DEFB1;CTSG
GO_Biological_Process_2023,Positive Regulation Of Canonical Wnt Signaling Pathway (GO:0090263),6/85,0.1920342205956488,0.4644076029487686,0,0,1.591670969812848,2.6263871246949377,SFRP4;SCEL;SFRP1;ZEB2;CAV1;FGF10
GO_Biological_Process_2023,Positive Regulation Of Cell Death (GO:0010942),4/50,0.1934354784661819,0.4644076029487686,0,0,1.821495192997561,2.992372825362829,MMP3;HBB;GRIN2B;SNCA
GO_Biological_Process_2023,Positive Regulation Of Transport (GO:0051050),4/50,0.1934354784661819,0.4644076029487686,0,0,1.821495192997561,2.992372825362829,ANXA1;LRP1;SGK2;SNCA
GO_Biological_Process_2023,Regulation Of Epithelial Cell Migration (GO:0010632),4/50,0.1934354784661819,0.4644076029487686,0,0,1.821495192997561,2.992372825362829,RHOJ;ENPP2;PTN;FGF10
GO_Biological_Process_2023,Positive Regulation Of Kinase Activity (GO:0033674),7/104,0.1973428831074404,0.4644076029487686,0,0,1.5125964361302655,2.454660464226616,ALK;PDGFRA;RELN;CCL21;ROR1;CARTPT;DDR2
GO_Biological_Process_2023,Actin Filament Capping (GO:0051693),2/18,0.1973872019574395,0.4644076029487686,0,0,2.616767288693743,4.245935167740995,GSN;CAPZA3
GO_Biological_Process_2023,Adrenergic Receptor Signaling Pathway (GO:0071875),2/18,0.1973872019574395,0.4644076029487686,0,0,2.616767288693743,4.245935167740995,ADRB3;ADRB2
GO_Biological_Process_2023,Barbed-End Actin Filament Capping (GO:0051016),2/18,0.1973872019574395,0.4644076029487686,0,0,2.616767288693743,4.245935167740995,GSN;CAPZA3
GO_Biological_Process_2023,Cardiac Atrium Morphogenesis (GO:0003209),2/18,0.1973872019574395,0.4644076029487686,0,0,2.616767288693743,4.245935167740995,BMP2;PROX1
GO_Biological_Process_2023,Cell Junction Maintenance (GO:0034331),2/18,0.1973872019574395,0.4644076029487686,0,0,2.616767288693743,4.245935167740995,KIRREL1;PRTN3
GO_Biological_Process_2023,Dendritic Cell Migration (GO:0036336),2/18,0.1973872019574395,0.4644076029487686,0,0,2.616767288693743,4.245935167740995,CCL21;CXCR2
GO_Biological_Process_2023,Endothelial Cell Proliferation (GO:0001935),2/18,0.1973872019574395,0.4644076029487686,0,0,2.616767288693743,4.245935167740995,ANGPT4;CD34
GO_Biological_Process_2023,fatty-acyl-CoA Metabolic Process (GO:0035337),2/18,0.1973872019574395,0.4644076029487686,0,0,2.616767288693743,4.245935167740995,DGAT2;SLC27A2
GO_Biological_Process_2023,Heart Trabecula Morphogenesis (GO:0061384),2/18,0.1973872019574395,0.4644076029487686,0,0,2.616767288693743,4.245935167740995,S1PR1;NRG1
GO_Biological_Process_2023,Mesenchyme Morphogenesis (GO:0072132),2/18,0.1973872019574395,0.4644076029487686,0,0,2.616767288693743,4.245935167740995,ADAMTS5;BMP2
GO_Biological_Process_2023,Negative Regulation Of Monoatomic Ion Transport (GO:0043271),2/18,0.1973872019574395,0.4644076029487686,0,0,2.616767288693743,4.245935167740995,PLN;CASQ2
GO_Biological_Process_2023,Negative Regulation Of Nervous System Development (GO:0051961),2/18,0.1973872019574395,0.4644076029487686,0,0,2.616767288693743,4.245935167740995,IL6;SLIT1
GO_Biological_Process_2023,Positive Regulation Of NLRP3 Inflammasome Complex Assembly (GO:1900227),2/18,0.1973872019574395,0.4644076029487686,0,0,2.616767288693743,4.245935167740995,CD36;TLR4
GO_Biological_Process_2023,Positive Regulation Of Cytokine Production Involved In Inflammatory Response (GO:1900017),2/18,0.1973872019574395,0.4644076029487686,0,0,2.616767288693743,4.245935167740995,IL6;TLR4
GO_Biological_Process_2023,Positive Regulation Of Glycolytic Process (GO:0045821),2/18,0.1973872019574395,0.4644076029487686,0,0,2.616767288693743,4.245935167740995,MLXIPL;IGF1
GO_Biological_Process_2023,Positive Regulation Of Nervous System Process (GO:0031646),2/18,0.1973872019574395,0.4644076029487686,0,0,2.616767288693743,4.245935167740995,EGR2;CARTPT
GO_Biological_Process_2023,Positive Regulation Of Neuroblast Proliferation (GO:0002052),2/18,0.1973872019574395,0.4644076029487686,0,0,2.616767288693743,4.245935167740995,DCT;CX3CL1
GO_Biological_Process_2023,Positive Regulation Of Neutrophil Chemotaxis (GO:0090023),2/18,0.1973872019574395,0.4644076029487686,0,0,2.616767288693743,4.245935167740995,CCL21;THBS4
GO_Biological_Process_2023,Regulation Of Dendrite Extension (GO:1903859),2/18,0.1973872019574395,0.4644076029487686,0,0,2.616767288693743,4.245935167740995,UNC13A;OSTN
GO_Biological_Process_2023,Regulation Of Epidermal Cell Differentiation (GO:0045604),2/18,0.1973872019574395,0.4644076029487686,0,0,2.616767288693743,4.245935167740995,SFRP4;ZFP36
GO_Biological_Process_2023,Regulation Of Oligodendrocyte Differentiation (GO:0048713),2/18,0.1973872019574395,0.4644076029487686,0,0,2.616767288693743,4.245935167740995,IL34;PTN
GO_Biological_Process_2023,Regulation Of Vascular Endothelial Cell Proliferation (GO:1905562),2/18,0.1973872019574395,0.4644076029487686,0,0,2.616767288693743,4.245935167740995,PPARG;FGF2
GO_Biological_Process_2023,Regulation Of Ventricular Cardiac Muscle Cell Membrane Repolarization (GO:0060307),2/18,0.1973872019574395,0.4644076029487686,0,0,2.616767288693743,4.245935167740995,ANK2;SCN4B
GO_Biological_Process_2023,Response To Axon Injury (GO:0048678),2/18,0.1973872019574395,0.4644076029487686,0,0,2.616767288693743,4.245935167740995,P2RY12;FOLR1
GO_Biological_Process_2023,Response To Cholesterol (GO:0070723),2/18,0.1973872019574395,0.4644076029487686,0,0,2.616767288693743,4.245935167740995,TGFBR2;CES1
GO_Biological_Process_2023,Ureteric Bud Development (GO:0001657),2/18,0.1973872019574395,0.4644076029487686,0,0,2.616767288693743,4.245935167740995,WT1;SLIT2
GO_Biological_Process_2023,Ureteric Bud Morphogenesis (GO:0060675),2/18,0.1973872019574395,0.4644076029487686,0,0,2.616767288693743,4.245935167740995,WT1;FGF2
GO_Biological_Process_2023,Modulation Of Chemical Synaptic Transmission (GO:0050804),8/123,0.2001741968920508,0.4644076029487686,0,0,1.4583329329810233,2.3458266788032285,GRIA2;UNC13A;RELN;ADIPOQ;CPLX2;DGKI;SLC8A2;GRIA4
GO_Biological_Process_2023,Regulation Of Interleukin-17 Production (GO:0032660),3/34,0.2014710440349836,0.4644076029487686,0,0,2.026515420063807,3.2466998292592417,IL6;IL36RN;TLR4
GO_Biological_Process_2023,Positive Regulation Of Actin Filament Bundle Assembly (GO:0032233),4/51,0.2029090694387048,0.4644076029487686,0,0,1.7826463497413572,2.843316175466561,SFRP1;CCN2;CX3CL1;FERMT2
GO_Biological_Process_2023,Regulated Exocytosis (GO:0045055),4/51,0.2029090694387048,0.4644076029487686,0,0,1.7826463497413572,2.843316175466561,SNAP25;CRHBP;CPLX2;SNCA
GO_Biological_Process_2023,Positive Regulation Of Stress-Activated MAPK Cascade (GO:0032874),7/105,0.2037839290660335,0.4644076029487686,0,0,1.4970829391359193,2.3814023723688367,BMP2;CCL21;SEMA3A;LEP;CCN2;IGFBP6;MMP8
GO_Biological_Process_2023,Response To Molecule Of Bacterial Origin (GO:0002237),5/69,0.2066696123761975,0.4644076029487686,0,0,1.6367531662995596,2.580560423625452,SELP;IL6;CXCL2;TLR4;SNCA
GO_Biological_Process_2023,Regulation Of Macromolecule Metabolic Process (GO:0060255),10/162,0.2067190087734202,0.4644076029487686,0,0,1.3795389636882904,2.174698122450051,SOX2;EDN3;NRG1;ALPK2;IGF1;PROX1;INSM1;ASCL1;NKAPL;SLC8A2
GO_Biological_Process_2023,L-ornithine Transmembrane Transport (GO:1903352),1/5,0.2083590962371378,0.4644076029487686,0,0,5.231085526315789,8.204917178366577,SLC7A3
GO_Biological_Process_2023,L-phenylalanine Catabolic Process (GO:0006559),1/5,0.2083590962371378,0.4644076029487686,0,0,5.231085526315789,8.204917178366577,TAT
GO_Biological_Process_2023,L-phenylalanine Metabolic Process (GO:0006558),1/5,0.2083590962371378,0.4644076029487686,0,0,5.231085526315789,8.204917178366577,TAT
GO_Biological_Process_2023,Adenylate Cyclase-Activating Dopamine Receptor Signaling Pathway (GO:0007191),1/5,0.2083590962371378,0.4644076029487686,0,0,5.231085526315789,8.204917178366577,GNG2
GO_Biological_Process_2023,Amylin Receptor Signaling Pathway (GO:0097647),1/5,0.2083590962371378,0.4644076029487686,0,0,5.231085526315789,8.204917178366577,RAMP1
GO_Biological_Process_2023,Bradykinin Catabolic Process (GO:0010815),1/5,0.2083590962371378,0.4644076029487686,0,0,5.231085526315789,8.204917178366577,MME
GO_Biological_Process_2023,Cell Junction Disassembly (GO:0150146),1/5,0.2083590962371378,0.4644076029487686,0,0,5.231085526315789,8.204917178366577,CX3CL1
GO_Biological_Process_2023,Cell-Cell Signaling Involved In Cardiac Conduction (GO:0086019),1/5,0.2083590962371378,0.4644076029487686,0,0,5.231085526315789,8.204917178366577,CASQ2
GO_Biological_Process_2023,Cellular Response To Cold (GO:0070417),1/5,0.2083590962371378,0.4644076029487686,0,0,5.231085526315789,8.204917178366577,FOXO1
GO_Biological_Process_2023,Cellular Response To Iron Ion (GO:0071281),1/5,0.2083590962371378,0.4644076029487686,0,0,5.231085526315789,8.204917178366577,BMP6
GO_Biological_Process_2023,Cerebral Cortex Cell Migration (GO:0021795),1/5,0.2083590962371378,0.4644076029487686,0,0,5.231085526315789,8.204917178366577,RELN
GO_Biological_Process_2023,Cholesterol Import (GO:0070508),1/5,0.2083590962371378,0.4644076029487686,0,0,5.231085526315789,8.204917178366577,CD36
GO_Biological_Process_2023,Choline Metabolic Process (GO:0019695),1/5,0.2083590962371378,0.4644076029487686,0,0,5.231085526315789,8.204917178366577,DMGDH
GO_Biological_Process_2023,Cilium Disassembly (GO:0061523),1/5,0.2083590962371378,0.4644076029487686,0,0,5.231085526315789,8.204917178366577,KIF19
GO_Biological_Process_2023,Coumarin Metabolic Process (GO:0009804),1/5,0.2083590962371378,0.4644076029487686,0,0,5.231085526315789,8.204917178366577,CYP2A7
GO_Biological_Process_2023,Detection Of Molecule Of Bacterial Origin (GO:0032490),1/5,0.2083590962371378,0.4644076029487686,0,0,5.231085526315789,8.204917178366577,TLR4
GO_Biological_Process_2023,Epithelial Tube Branching Involved In Lung Morphogenesis (GO:0060441),1/5,0.2083590962371378,0.4644076029487686,0,0,5.231085526315789,8.204917178366577,FGF10
GO_Biological_Process_2023,Erythrose 4-Phosphate/Phosphoenolpyruvate Family Amino Acid Catabolic Process (GO:1902222),1/5,0.2083590962371378,0.4644076029487686,0,0,5.231085526315789,8.204917178366577,TAT
GO_Biological_Process_2023,Establishment Of Lymphocyte Polarity (GO:0001767),1/5,0.2083590962371378,0.4644076029487686,0,0,5.231085526315789,8.204917178366577,CCL21
GO_Biological_Process_2023,Gamma-Aminobutyric Acid Metabolic Process (GO:0009448),1/5,0.2083590962371378,0.4644076029487686,0,0,5.231085526315789,8.204917178366577,ALDH1A1
GO_Biological_Process_2023,Glomerulus Vasculature Development (GO:0072012),1/5,0.2083590962371378,0.4644076029487686,0,0,5.231085526315789,8.204917178366577,CD34
GO_Biological_Process_2023,Glucocorticoid Biosynthetic Process (GO:0006704),1/5,0.2083590962371378,0.4644076029487686,0,0,5.231085526315789,8.204917178366577,CYP11A1
GO_Biological_Process_2023,Heme Transport (GO:0015886),1/5,0.2083590962371378,0.4644076029487686,0,0,5.231085526315789,8.204917178366577,NRG1
GO_Biological_Process_2023,Histamine Metabolic Process (GO:0001692),1/5,0.2083590962371378,0.4644076029487686,0,0,5.231085526315789,8.204917178366577,SLC22A3
GO_Biological_Process_2023,Hydrogen Peroxide Biosynthetic Process (GO:0050665),1/5,0.2083590962371378,0.4644076029487686,0,0,5.231085526315789,8.204917178366577,DUOX2
GO_Biological_Process_2023,Inflammatory Response To Wounding (GO:0090594),1/5,0.2083590962371378,0.4644076029487686,0,0,5.231085526315789,8.204917178366577,IL6
GO_Biological_Process_2023,Intracellular Water Homeostasis (GO:0009992),1/5,0.2083590962371378,0.4644076029487686,0,0,5.231085526315789,8.204917178366577,SCTR
GO_Biological_Process_2023,Iron Coordination Entity Transport (GO:1901678),1/5,0.2083590962371378,0.4644076029487686,0,0,5.231085526315789,8.204917178366577,NRG1
GO_Biological_Process_2023,Leukocyte Chemotaxis Involved In Inflammatory Response (GO:0002232),1/5,0.2083590962371378,0.4644076029487686,0,0,5.231085526315789,8.204917178366577,PTN
GO_Biological_Process_2023,Mesodermal Cell Fate Commitment (GO:0001710),1/5,0.2083590962371378,0.4644076029487686,0,0,5.231085526315789,8.204917178366577,KLF4
GO_Biological_Process_2023,Negative Regulation Of Amyloid Precursor Protein Biosynthetic Process (GO:0042985),1/5,0.2083590962371378,0.4644076029487686,0,0,5.231085526315789,8.204917178366577,ITM2A
GO_Biological_Process_2023,Negative Regulation Of Calcium Ion Import (GO:0090281),1/5,0.2083590962371378,0.4644076029487686,0,0,5.231085526315789,8.204917178366577,PLN
GO_Biological_Process_2023,Negative Regulation Of Cellular Extravasation (GO:0002692),1/5,0.2083590962371378,0.4644076029487686,0,0,5.231085526315789,8.204917178366577,CXCL12
GO_Biological_Process_2023,Negative Regulation Of Erythrocyte Differentiation (GO:0045647),1/5,0.2083590962371378,0.4644076029487686,0,0,5.231085526315789,8.204917178366577,ZFP36
GO_Biological_Process_2023,Negative Regulation Of Fibroblast Migration (GO:0010764),1/5,0.2083590962371378,0.4644076029487686,0,0,5.231085526315789,8.204917178366577,HAS1
GO_Biological_Process_2023,Negative Regulation Of Insulin-Like Growth Factor Receptor Signaling Pathway (GO:0043569),1/5,0.2083590962371378,0.4644076029487686,0,0,5.231085526315789,8.204917178366577,CILP
GO_Biological_Process_2023,Negative Regulation Of Lipoprotein Lipase Activity (GO:0051005),1/5,0.2083590962371378,0.4644076029487686,0,0,5.231085526315789,8.204917178366577,ANGPTL4
GO_Biological_Process_2023,Negative Regulation Of Meiotic Cell Cycle (GO:0051447),1/5,0.2083590962371378,0.4644076029487686,0,0,5.231085526315789,8.204917178366577,DUSP1
GO_Biological_Process_2023,Negative Regulation Of Nervous System Process (GO:0031645),1/5,0.2083590962371378,0.4644076029487686,0,0,5.231085526315789,8.204917178366577,JAM2
GO_Biological_Process_2023,Negative Regulation Of Sequestering Of Triglyceride (GO:0010891),1/5,0.2083590962371378,0.4644076029487686,0,0,5.231085526315789,8.204917178366577,PPARG
GO_Biological_Process_2023,Negative Regulation Of Vitamin Metabolic Process (GO:0046137),1/5,0.2083590962371378,0.4644076029487686,0,0,5.231085526315789,8.204917178366577,SNAI2
GO_Biological_Process_2023,Neurotransmitter Loading Into Synaptic Vesicle (GO:0098700),1/5,0.2083590962371378,0.4644076029487686,0,0,5.231085526315789,8.204917178366577,SLC17A7
GO_Biological_Process_2023,Neutrophil Extravasation (GO:0072672),1/5,0.2083590962371378,0.4644076029487686,0,0,5.231085526315789,8.204917178366577,PRTN3
GO_Biological_Process_2023,Ornithine Transport (GO:0015822),1/5,0.2083590962371378,0.4644076029487686,0,0,5.231085526315789,8.204917178366577,SLC7A3
GO_Biological_Process_2023,Plasma Membrane Raft Assembly (GO:0044854),1/5,0.2083590962371378,0.4644076029487686,0,0,5.231085526315789,8.204917178366577,CAV2
GO_Biological_Process_2023,Polyamine Transport (GO:0015846),1/5,0.2083590962371378,0.4644076029487686,0,0,5.231085526315789,8.204917178366577,SLC22A3
GO_Biological_Process_2023,Positive Regulation Of I-kappaB Phosphorylation (GO:1903721),1/5,0.2083590962371378,0.4644076029487686,0,0,5.231085526315789,8.204917178366577,CX3CL1
GO_Biological_Process_2023,"Positive Regulation Of Wnt Signaling Pathway, Planar Cell Polarity Pathway (GO:2000096)",1/5,0.2083590962371378,0.4644076029487686,0,0,5.231085526315789,8.204917178366577,RSPO3
GO_Biological_Process_2023,Positive Regulation Of Animal Organ Morphogenesis (GO:0110110),1/5,0.2083590962371378,0.4644076029487686,0,0,5.231085526315789,8.204917178366577,CD34
GO_Biological_Process_2023,Positive Regulation Of Antigen Processing And Presentation (GO:0002579),1/5,0.2083590962371378,0.4644076029487686,0,0,5.231085526315789,8.204917178366577,CCL21
GO_Biological_Process_2023,Positive Regulation Of Cardiac Muscle Cell Differentiation (GO:2000727),1/5,0.2083590962371378,0.4644076029487686,0,0,5.231085526315789,8.204917178366577,MYOCD
GO_Biological_Process_2023,Positive Regulation Of Cholesterol Biosynthetic Process (GO:0045542),1/5,0.2083590962371378,0.4644076029487686,0,0,5.231085526315789,8.204917178366577,FGF1
GO_Biological_Process_2023,Positive Regulation Of Dendritic Cell Antigen Processing And Presentation (GO:0002606),1/5,0.2083590962371378,0.4644076029487686,0,0,5.231085526315789,8.204917178366577,CCL21
GO_Biological_Process_2023,Positive Regulation Of Endothelial Cell Development (GO:1901552),1/5,0.2083590962371378,0.4644076029487686,0,0,5.231085526315789,8.204917178366577,CLDN5
GO_Biological_Process_2023,Positive Regulation Of Establishment Of Endothelial Barrier (GO:1903142),1/5,0.2083590962371378,0.4644076029487686,0,0,5.231085526315789,8.204917178366577,CLDN5
GO_Biological_Process_2023,Positive Regulation Of Extrinsic Apoptotic Signaling Pathway Via Death Domain Receptors (GO:1902043),1/5,0.2083590962371378,0.4644076029487686,0,0,5.231085526315789,8.204917178366577,SFRP1
GO_Biological_Process_2023,Positive Regulation Of Fever Generation (GO:0031622),1/5,0.2083590962371378,0.4644076029487686,0,0,5.231085526315789,8.204917178366577,PTGS2
GO_Biological_Process_2023,Positive Regulation Of Gap Junction Assembly (GO:1903598),1/5,0.2083590962371378,0.4644076029487686,0,0,5.231085526315789,8.204917178366577,CAV1
GO_Biological_Process_2023,Positive Regulation Of Gonad Development (GO:1905941),1/5,0.2083590962371378,0.4644076029487686,0,0,5.231085526315789,8.204917178366577,WT1
GO_Biological_Process_2023,Positive Regulation Of Hemoglobin Biosynthetic Process (GO:0046985),1/5,0.2083590962371378,0.4644076029487686,0,0,5.231085526315789,8.204917178366577,KLF4
GO_Biological_Process_2023,Positive Regulation Of Killing Of Cells Of Another Organism (GO:0051712),1/5,0.2083590962371378,0.4644076029487686,0,0,5.231085526315789,8.204917178366577,FCER2
GO_Biological_Process_2023,Positive Regulation Of Lipoprotein Particle Clearance (GO:0010986),1/5,0.2083590962371378,0.4644076029487686,0,0,5.231085526315789,8.204917178366577,GPIHBP1
GO_Biological_Process_2023,Positive Regulation Of Male Gonad Development (GO:2000020),1/5,0.2083590962371378,0.4644076029487686,0,0,5.231085526315789,8.204917178366577,WT1
GO_Biological_Process_2023,Positive Regulation Of Microglial Cell Activation (GO:1903980),1/5,0.2083590962371378,0.4644076029487686,0,0,5.231085526315789,8.204917178366577,MMP8
GO_Biological_Process_2023,Positive Regulation Of Osteoblast Proliferation (GO:0033690),1/5,0.2083590962371378,0.4644076029487686,0,0,5.231085526315789,8.204917178366577,TMEM119
GO_Biological_Process_2023,Positive Regulation Of Protein Catabolic Process In The Vacuole (GO:1904352),1/5,0.2083590962371378,0.4644076029487686,0,0,5.231085526315789,8.204917178366577,LRP1
GO_Biological_Process_2023,Positive Regulation Of Sterol Biosynthetic Process (GO:0106120),1/5,0.2083590962371378,0.4644076029487686,0,0,5.231085526315789,8.204917178366577,FGF1
GO_Biological_Process_2023,Positive Regulation Of Tau-Protein Kinase Activity (GO:1902949),1/5,0.2083590962371378,0.4644076029487686,0,0,5.231085526315789,8.204917178366577,EGR1
GO_Biological_Process_2023,Protein Import (GO:0017038),1/5,0.2083590962371378,0.4644076029487686,0,0,5.231085526315789,8.204917178366577,GPIHBP1
GO_Biological_Process_2023,Protein Localization To Non-Motile Cilium (GO:0097499),1/5,0.2083590962371378,0.4644076029487686,0,0,5.231085526315789,8.204917178366577,PCARE
GO_Biological_Process_2023,Protein Repair (GO:0030091),1/5,0.2083590962371378,0.4644076029487686,0,0,5.231085526315789,8.204917178366577,MSRB3
GO_Biological_Process_2023,Purine-Containing Compound Catabolic Process (GO:0072523),1/5,0.2083590962371378,0.4644076029487686,0,0,5.231085526315789,8.204917178366577,URAD
GO_Biological_Process_2023,Regulation Of Basement Membrane Organization (GO:0110011),1/5,0.2083590962371378,0.4644076029487686,0,0,5.231085526315789,8.204917178366577,LAMA2
GO_Biological_Process_2023,Regulation Of Blood Vessel Remodeling (GO:0060312),1/5,0.2083590962371378,0.4644076029487686,0,0,5.231085526315789,8.204917178366577,NRG1
GO_Biological_Process_2023,Regulation Of Circadian Sleep/Wake Cycle (GO:0042749),1/5,0.2083590962371378,0.4644076029487686,0,0,5.231085526315789,8.204917178366577,PTGDS
GO_Biological_Process_2023,"Regulation Of Circadian Sleep/Wake Cycle, Sleep (GO:0045187)",1/5,0.2083590962371378,0.4644076029487686,0,0,5.231085526315789,8.204917178366577,PTGDS
GO_Biological_Process_2023,Regulation Of Epinephrine Secretion (GO:0014060),1/5,0.2083590962371378,0.4644076029487686,0,0,5.231085526315789,8.204917178366577,CARTPT
GO_Biological_Process_2023,Regulation Of Establishment Of T Cell Polarity (GO:1903903),1/5,0.2083590962371378,0.4644076029487686,0,0,5.231085526315789,8.204917178366577,GSN
GO_Biological_Process_2023,Regulation Of Fat Cell Proliferation (GO:0070344),1/5,0.2083590962371378,0.4644076029487686,0,0,5.231085526315789,8.204917178366577,PID1
GO_Biological_Process_2023,Regulation Of Glucagon Secretion (GO:0070092),1/5,0.2083590962371378,0.4644076029487686,0,0,5.231085526315789,8.204917178366577,IL6
GO_Biological_Process_2023,Regulation Of Hepatocyte Proliferation (GO:2000345),1/5,0.2083590962371378,0.4644076029487686,0,0,5.231085526315789,8.204917178366577,PTN
GO_Biological_Process_2023,Regulation Of Hormone Biosynthetic Process (GO:0046885),1/5,0.2083590962371378,0.4644076029487686,0,0,5.231085526315789,8.204917178366577,EGR1
GO_Biological_Process_2023,Regulation Of Hydrogen Peroxide Metabolic Process (GO:0010310),1/5,0.2083590962371378,0.4644076029487686,0,0,5.231085526315789,8.204917178366577,MMP3
GO_Biological_Process_2023,Regulation Of Interleukin-1-Mediated Signaling Pathway (GO:2000659),1/5,0.2083590962371378,0.4644076029487686,0,0,5.231085526315789,8.204917178366577,IL6
GO_Biological_Process_2023,Regulation Of Mast Cell Chemotaxis (GO:0060753),1/5,0.2083590962371378,0.4644076029487686,0,0,5.231085526315789,8.204917178366577,VEGFD
GO_Biological_Process_2023,Regulation Of Natural Killer Cell Mediated Immunity (GO:0002715),1/5,0.2083590962371378,0.4644076029487686,0,0,5.231085526315789,8.204917178366577,LEP
GO_Biological_Process_2023,Regulation Of Neutrophil Extravasation (GO:2000389),1/5,0.2083590962371378,0.4644076029487686,0,0,5.231085526315789,8.204917178366577,XG
GO_Biological_Process_2023,Regulation Of Peptidyl-Cysteine S-nitrosylation (GO:2000169),1/5,0.2083590962371378,0.4644076029487686,0,0,5.231085526315789,8.204917178366577,DMD
GO_Biological_Process_2023,Regulation Of Relaxation Of Cardiac Muscle (GO:1901897),1/5,0.2083590962371378,0.4644076029487686,0,0,5.231085526315789,8.204917178366577,PLN
GO_Biological_Process_2023,Regulation Of Resting Membrane Potential (GO:0060075),1/5,0.2083590962371378,0.4644076029487686,0,0,5.231085526315789,8.204917178366577,NALCN
GO_Biological_Process_2023,Regulation Of Retinal Ganglion Cell Axon Guidance (GO:0090259),1/5,0.2083590962371378,0.4644076029487686,0,0,5.231085526315789,8.204917178366577,SLIT2
GO_Biological_Process_2023,Regulation Of Serine-Type Endopeptidase Activity (GO:1900003),1/5,0.2083590962371378,0.4644076029487686,0,0,5.231085526315789,8.204917178366577,CR1
GO_Biological_Process_2023,Regulation Of Tooth Mineralization (GO:0070170),1/5,0.2083590962371378,0.4644076029487686,0,0,5.231085526315789,8.204917178366577,ASPN
GO_Biological_Process_2023,Regulation Of Ventricular Cardiac Muscle Cell Membrane Depolarization (GO:0060373),1/5,0.2083590962371378,0.4644076029487686,0,0,5.231085526315789,8.204917178366577,SCN3B
GO_Biological_Process_2023,Regulation Of Vitamin D Biosynthetic Process (GO:0060556),1/5,0.2083590962371378,0.4644076029487686,0,0,5.231085526315789,8.204917178366577,SNAI2
GO_Biological_Process_2023,Response To Bile Acid (GO:1903412),1/5,0.2083590962371378,0.4644076029487686,0,0,5.231085526315789,8.204917178366577,GPBAR1
GO_Biological_Process_2023,Response To cGMP (GO:0070305),1/5,0.2083590962371378,0.4644076029487686,0,0,5.231085526315789,8.204917178366577,PDE2A
GO_Biological_Process_2023,Response To Gonadotropin (GO:0034698),1/5,0.2083590962371378,0.4644076029487686,0,0,5.231085526315789,8.204917178366577,WT1
GO_Biological_Process_2023,Response To Peptidoglycan (GO:0032494),1/5,0.2083590962371378,0.4644076029487686,0,0,5.231085526315789,8.204917178366577,IL6
GO_Biological_Process_2023,Retinal Ganglion Cell Axon Guidance (GO:0031290),1/5,0.2083590962371378,0.4644076029487686,0,0,5.231085526315789,8.204917178366577,SLIT2
GO_Biological_Process_2023,Short-Chain Fatty Acid Catabolic Process (GO:0019626),1/5,0.2083590962371378,0.4644076029487686,0,0,5.231085526315789,8.204917178366577,PCK1
GO_Biological_Process_2023,Striated Muscle Hypertrophy (GO:0014897),1/5,0.2083590962371378,0.4644076029487686,0,0,5.231085526315789,8.204917178366577,HTR2B
GO_Biological_Process_2023,Thiamine Transmembrane Transport (GO:0071934),1/5,0.2083590962371378,0.4644076029487686,0,0,5.231085526315789,8.204917178366577,SLC19A3
GO_Biological_Process_2023,Thiamine-Containing Compound Metabolic Process (GO:0042723),1/5,0.2083590962371378,0.4644076029487686,0,0,5.231085526315789,8.204917178366577,SLC19A3
GO_Biological_Process_2023,Transmembrane Receptor Protein Tyrosine Phosphatase Signaling Pathway (GO:0007185),1/5,0.2083590962371378,0.4644076029487686,0,0,5.231085526315789,8.204917178366577,PTN
GO_Biological_Process_2023,Type B Pancreatic Cell Proliferation (GO:0044342),1/5,0.2083590962371378,0.4644076029487686,0,0,5.231085526315789,8.204917178366577,CCN3
GO_Biological_Process_2023,Urea Cycle (GO:0000050),1/5,0.2083590962371378,0.4644076029487686,0,0,5.231085526315789,8.204917178366577,OTC
GO_Biological_Process_2023,Venous Blood Vessel Morphogenesis (GO:0048845),1/5,0.2083590962371378,0.4644076029487686,0,0,5.231085526315789,8.204917178366577,PROX1
GO_Biological_Process_2023,Ventricular Cardiac Muscle Cell Development (GO:0055015),1/5,0.2083590962371378,0.4644076029487686,0,0,5.231085526315789,8.204917178366577,PROX1
GO_Biological_Process_2023,Regulation Of G1/S Transition Of Mitotic Cell Cycle (GO:2000045),7/106,0.2103042454289625,0.4684049102735984,0,0,1.4818828461212568,2.310551746991611,ANXA1;GPNMB;ADAMTS1;FHL1;FAM107A;KLF4;FGF10
GO_Biological_Process_2023,Adenylate Cyclase-Inhibiting G Protein-Coupled Receptor Signaling Pathway (GO:0007193),4/52,0.2125161050529502,0.4689425262351238,0,0,1.745416208287495,2.7031915436184555,AKAP12;P2RY12;HTR1E;PDE2A
GO_Biological_Process_2023,Fatty Acid Oxidation (GO:0019395),4/52,0.2125161050529502,0.4689425262351238,0,0,1.745416208287495,2.7031915436184555,ADH4;ABCD2;ADIPOQ;SLC27A2
GO_Biological_Process_2023,Liver Development (GO:0001889),3/35,0.2134422418301988,0.4689425262351238,0,0,1.9630837912087915,3.0317650387071726,IL6;PROX1;PCK1
GO_Biological_Process_2023,Platelet Aggregation (GO:0070527),3/35,0.2134422418301988,0.4689425262351238,0,0,1.9630837912087915,3.0317650387071726,P2RY12;PDGFRA;HBB
GO_Biological_Process_2023,Positive Regulation Of Cell Development (GO:0010720),3/35,0.2134422418301988,0.4689425262351238,0,0,1.9630837912087915,3.0317650387071726,MME;GPER1;SERPINF1
GO_Biological_Process_2023,Positive Regulation Of Mitotic Nuclear Division (GO:0045840),3/35,0.2134422418301988,0.4689425262351238,0,0,1.9630837912087915,3.0317650387071726,EDN1;EDN3;IGF1
GO_Biological_Process_2023,Regulation Of Cardiac Muscle Contraction (GO:0055117),3/35,0.2134422418301988,0.4689425262351238,0,0,1.9630837912087915,3.0317650387071726,RGS2;PLN;ANK2
GO_Biological_Process_2023,Regulation Of Sodium Ion Transport (GO:0002028),3/35,0.2134422418301988,0.4689425262351238,0,0,1.9630837912087915,3.0317650387071726,NKAIN2;SCN3B;SCN4B
GO_Biological_Process_2023,Response To Nutrient Levels (GO:0031667),3/35,0.2134422418301988,0.4689425262351238,0,0,1.9630837912087915,3.0317650387071726,KCNB1;FAM107A;SCTR
GO_Biological_Process_2023,Establishment Of Skin Barrier (GO:0061436),2/19,0.2143433445149853,0.4689425262351238,0,0,2.462710660554013,3.793008189345228,KRT16;TP63
GO_Biological_Process_2023,Fluid Transport (GO:0042044),2/19,0.2143433445149853,0.4689425262351238,0,0,2.462710660554013,3.793008189345228,PDPN;AQP7
GO_Biological_Process_2023,Leukocyte Adhesion To Vascular Endothelial Cell (GO:0061756),2/19,0.2143433445149853,0.4689425262351238,0,0,2.462710660554013,3.793008189345228,SELP;JAM2
GO_Biological_Process_2023,Negative Regulation Of Axon Extension Involved In Axon Guidance (GO:0048843),2/19,0.2143433445149853,0.4689425262351238,0,0,2.462710660554013,3.793008189345228,SEMA3D;SEMA3G
GO_Biological_Process_2023,Negative Regulation Of Leukocyte Cell-Cell Adhesion (GO:1903038),2/19,0.2143433445149853,0.4689425262351238,0,0,2.462710660554013,3.793008189345228,GPNMB;CTSG
GO_Biological_Process_2023,Negative Regulation Of Peptidyl-Serine Phosphorylation (GO:0033137),2/19,0.2143433445149853,0.4689425262351238,0,0,2.462710660554013,3.793008189345228,MLXIPL;DMD
GO_Biological_Process_2023,Neuron Apoptotic Process (GO:0051402),2/19,0.2143433445149853,0.4689425262351238,0,0,2.462710660554013,3.793008189345228,NGFR;SCN2A
GO_Biological_Process_2023,Oligodendrocyte Differentiation (GO:0048709),2/19,0.2143433445149853,0.4689425262351238,0,0,2.462710660554013,3.793008189345228,PRDM8;SOX10
GO_Biological_Process_2023,Positive Regulation Of calcineurin-NFAT Signaling Cascade (GO:0070886),2/19,0.2143433445149853,0.4689425262351238,0,0,2.462710660554013,3.793008189345228,AKAP6;IGF1
GO_Biological_Process_2023,Positive Regulation Of Calcineurin-Mediated Signaling (GO:0106058),2/19,0.2143433445149853,0.4689425262351238,0,0,2.462710660554013,3.793008189345228,AKAP6;IGF1
GO_Biological_Process_2023,Protein Heterooligomerization (GO:0051291),2/19,0.2143433445149853,0.4689425262351238,0,0,2.462710660554013,3.793008189345228,KCNC2;GRIN2B
GO_Biological_Process_2023,Regulation Of Granulocyte Chemotaxis (GO:0071622),2/19,0.2143433445149853,0.4689425262351238,0,0,2.462710660554013,3.793008189345228,IL34;RARRES2
GO_Biological_Process_2023,Regulation Of Integrin-Mediated Signaling Pathway (GO:2001044),2/19,0.2143433445149853,0.4689425262351238,0,0,2.462710660554013,3.793008189345228,LAMA2;LIMS2
GO_Biological_Process_2023,Regulation Of Nuclear Division (GO:0051783),2/19,0.2143433445149853,0.4689425262351238,0,0,2.462710660554013,3.793008189345228,CAV2;CCDC8
GO_Biological_Process_2023,Skeletal Muscle Contraction (GO:0003009),2/19,0.2143433445149853,0.4689425262351238,0,0,2.462710660554013,3.793008189345228,STAC;STAC2
GO_Biological_Process_2023,Water Transport (GO:0006833),2/19,0.2143433445149853,0.4689425262351238,0,0,2.462710660554013,3.793008189345228,PDPN;AQP7
GO_Biological_Process_2023,Positive Regulation Of Protein Polymerization (GO:0032273),5/70,0.214898181464835,0.4691589011187737,0,0,1.61148763131142,2.477808777972619,CCL24;CSF3;CCL21;LMOD1;ANKRD53
GO_Biological_Process_2023,Regulation Of Actin Filament-Based Process (GO:0032970),5/70,0.214898181464835,0.4691589011187737,0,0,1.61148763131142,2.477808777972619,LRP1;FAM107A;NRG1;PAK3;CORO2B
GO_Biological_Process_2023,Sulfur Compound Biosynthetic Process (GO:0044272),5/70,0.214898181464835,0.4691589011187737,0,0,1.61148763131142,2.477808777972619,EXTL1;ANGPT1;CDO1;GGTA1;CHST3
GO_Biological_Process_2023,Positive Regulation Of Peptidyl-Serine Phosphorylation (GO:0033138),6/89,0.220869922590507,0.4818554424289011,0,0,1.5146451295811691,2.2873888058296283,NTF4;CSF3;IL6;CAV1;SPRY2;SNCA
GO_Biological_Process_2023,Gonad Development (GO:0008406),4/53,0.2222467461766288,0.4838333606821249,0,0,1.7097056644439954,2.571340976093991,LHCGR;WT1;KIT;AKR1C3
GO_Biological_Process_2023,Protein Homotetramerization (GO:0051289),4/53,0.2222467461766288,0.4838333606821249,0,0,1.7097056644439954,2.571340976093991,ALDH1A3;ALDH1A2;ACACB;RYR3
GO_Biological_Process_2023,Tight Junction Assembly (GO:0120192),4/53,0.2222467461766288,0.4838333606821249,0,0,1.7097056644439954,2.571340976093991,CLDN11;CLDN5;CLDN8;CLDN19
GO_Biological_Process_2023,Lipid Biosynthetic Process (GO:0008610),5/71,0.2232278422961089,0.4850845351595164,0,0,1.586987718595648,2.379786976831909,MLXIPL;ACSL1;ACSM5;ACACB;CYP19A1
GO_Biological_Process_2023,Regulation Of Tumor Necrosis Factor Production (GO:0032680),8/127,0.2243245020051716,0.4850845351595164,0,0,1.4090162031663491,2.1060024207816053,IL33;ZFP36;IL6;CIDEA;IGF1;MMP8;TLR4;CX3CL1
GO_Biological_Process_2023,Positive Regulation Of Signaling Receptor Activity (GO:2000273),3/36,0.2255602535491733,0.4850845351595164,0,0,1.9034965034965037,2.8346259972818557,EDN1;RELN;ADRB2
GO_Biological_Process_2023,Protein Destabilization (GO:0031648),3/36,0.2255602535491733,0.4850845351595164,0,0,1.9034965034965037,2.8346259972818557,GSN;SOX17;SNCA
GO_Biological_Process_2023,Regulation Of Erythrocyte Differentiation (GO:0045646),3/36,0.2255602535491733,0.4850845351595164,0,0,1.9034965034965037,2.8346259972818557,ZFP36;TAL1;HOXA5
GO_Biological_Process_2023,Regulation Of Receptor Internalization (GO:0002090),3/36,0.2255602535491733,0.4850845351595164,0,0,1.9034965034965037,2.8346259972818557,CCL14;SFRP4;ANGPT1
GO_Biological_Process_2023,Cell Projection Organization (GO:0030030),2/20,0.2314254597650591,0.4850845351595164,0,0,2.32577143554092,3.403760554407798,P2RY12;GSN
GO_Biological_Process_2023,Limb Morphogenesis (GO:0035108),2/20,0.2314254597650591,0.4850845351595164,0,0,2.32577143554092,3.403760554407798,CYP26B1;PCSK5
GO_Biological_Process_2023,Long-Term Memory (GO:0007616),2/20,0.2314254597650591,0.4850845351595164,0,0,2.32577143554092,3.403760554407798,NTF4;SLC2A4
GO_Biological_Process_2023,Microglial Cell Activation (GO:0001774),2/20,0.2314254597650591,0.4850845351595164,0,0,2.32577143554092,3.403760554407798,CX3CL1;SNCA
GO_Biological_Process_2023,Negative Regulation Of Protein Localization To Cell Periphery (GO:1904376),2/20,0.2314254597650591,0.4850845351595164,0,0,2.32577143554092,3.403760554407798,LRRC15;PID1
GO_Biological_Process_2023,Negative Regulation Of Protein Localization To Plasma Membrane (GO:1903077),2/20,0.2314254597650591,0.4850845351595164,0,0,2.32577143554092,3.403760554407798,LRRC15;PID1
GO_Biological_Process_2023,Negative Regulation Of Reproductive Process (GO:2000242),2/20,0.2314254597650591,0.4850845351595164,0,0,2.32577143554092,3.403760554407798,DUSP1;IGF1
GO_Biological_Process_2023,Negative Regulation Of Viral Life Cycle (GO:1903901),2/20,0.2314254597650591,0.4850845351595164,0,0,2.32577143554092,3.403760554407798,LRRC15;GSN
GO_Biological_Process_2023,Nuclear-Transcribed mRNA poly(A) Tail Shortening (GO:0000289),2/20,0.2314254597650591,0.4850845351595164,0,0,2.32577143554092,3.403760554407798,ZFP36;SAMD4A
GO_Biological_Process_2023,Positive Regulation Of Lipid Storage (GO:0010884),2/20,0.2314254597650591,0.4850845351595164,0,0,2.32577143554092,3.403760554407798,CIDEA;VSTM2A
GO_Biological_Process_2023,Regulation Of Calcium Ion Import (GO:0090279),2/20,0.2314254597650591,0.4850845351595164,0,0,2.32577143554092,3.403760554407798,CXCL12;PLN
GO_Biological_Process_2023,Regulation Of Cardiac Muscle Cell Proliferation (GO:0060043),2/20,0.2314254597650591,0.4850845351595164,0,0,2.32577143554092,3.403760554407798,ZFPM2;FGF2
GO_Biological_Process_2023,Regulation Of Cardiac Muscle Contraction By Calcium Ion Signaling (GO:0010882),2/20,0.2314254597650591,0.4850845351595164,0,0,2.32577143554092,3.403760554407798,CASQ2;DMD
GO_Biological_Process_2023,Regulation Of Macrophage Chemotaxis (GO:0010758),2/20,0.2314254597650591,0.4850845351595164,0,0,2.32577143554092,3.403760554407798,IL34;RARRES2
GO_Biological_Process_2023,Negative Regulation Of Catabolic Process (GO:0009895),5/72,0.2316526251580496,0.4850845351595164,0,0,1.563219146557959,2.28623353663642,ALK;HCAR2;PDE3B;CIDEA;CIDEC
GO_Biological_Process_2023,Apical Junction Assembly (GO:0043297),4/54,0.2320911873853345,0.4850845351595164,0,0,1.6754235423542354,2.447165403427131,CLDN11;CLDN5;CLDN8;CLDN19
GO_Biological_Process_2023,Mesenchymal Cell Differentiation (GO:0048762),4/54,0.2320911873853345,0.4850845351595164,0,0,1.6754235423542354,2.447165403427131,BMP2;HTR2B;SNAI2;IGF1
GO_Biological_Process_2023,Regulation Of Focal Adhesion Assembly (GO:0051893),4/54,0.2320911873853345,0.4850845351595164,0,0,1.6754235423542354,2.447165403427131,SFRP1;FAM107A;NRG1;FERMT2
GO_Biological_Process_2023,Muscle Tissue Development (GO:0060537),3/37,0.2378062341163024,0.4850845351595164,0,0,1.847414350355527,2.65343953045142,CAV1;DMD;PGM5
GO_Biological_Process_2023,Negative Regulation Of Stress-Activated MAPK Cascade (GO:0032873),3/37,0.2378062341163024,0.4850845351595164,0,0,1.847414350355527,2.65343953045142,DUSP1;FOXO1;KLHL31
GO_Biological_Process_2023,Positive Regulation Of Receptor Signaling Pathway Via JAK-STAT (GO:0046427),3/37,0.2378062341163024,0.4850845351595164,0,0,1.847414350355527,2.65343953045142,IL6;LEP;KIT
GO_Biological_Process_2023,Regulation Of p38MAPK Cascade (GO:1900744),3/37,0.2378062341163024,0.4850845351595164,0,0,1.847414350355527,2.65343953045142,BMP2;DUSP1;LEP
GO_Biological_Process_2023,Positive Regulation Of Tyrosine Phosphorylation Of STAT Protein (GO:0042531),4/55,0.2420396818331275,0.4850845351595164,0,0,1.642485817209172,2.3301184039834517,IL6;TSLP;KIT;IGF1
GO_Biological_Process_2023,Positive Regulation Of Neuron Projection Development (GO:0010976),6/92,0.2433784599846147,0.4850845351595164,0,0,1.4615779082587623,2.0654106956048657,ALK;RELN;ROR1;PTN;CX3CL1;DDR2
GO_Biological_Process_2023,Adenylate Cyclase-Inhibiting Serotonin Receptor Signaling Pathway (GO:0007198),1/6,0.2445064906732126,0.4850845351595164,0,0,4.184649122807017,5.894134462943352,HTR1E
GO_Biological_Process_2023,Adherens Junction Maintenance (GO:0034334),1/6,0.2445064906732126,0.4850845351595164,0,0,4.184649122807017,5.894134462943352,FERMT2
GO_Biological_Process_2023,Aggrephagy (GO:0035973),1/6,0.2445064906732126,0.4850845351595164,0,0,4.184649122807017,5.894134462943352,MAP1LC3C
GO_Biological_Process_2023,Aldehyde Biosynthetic Process (GO:0046184),1/6,0.2445064906732126,0.4850845351595164,0,0,4.184649122807017,5.894134462943352,DDR2
GO_Biological_Process_2023,Amino-Acid Betaine Metabolic Process (GO:0006577),1/6,0.2445064906732126,0.4850845351595164,0,0,4.184649122807017,5.894134462943352,BHMT2
GO_Biological_Process_2023,Calcitonin Family Receptor Signaling Pathway (GO:0097646),1/6,0.2445064906732126,0.4850845351595164,0,0,4.184649122807017,5.894134462943352,RAMP1
GO_Biological_Process_2023,Cardiac Muscle Cell Myoblast Differentiation (GO:0060379),1/6,0.2445064906732126,0.4850845351595164,0,0,4.184649122807017,5.894134462943352,NRG1
GO_Biological_Process_2023,Cardiac Pacemaker Cell Development (GO:0060926),1/6,0.2445064906732126,0.4850845351595164,0,0,4.184649122807017,5.894134462943352,TBX18
GO_Biological_Process_2023,Cellular Hyperosmotic Response (GO:0071474),1/6,0.2445064906732126,0.4850845351595164,0,0,4.184649122807017,5.894134462943352,AQP1
GO_Biological_Process_2023,Cellular Hypotonic Response (GO:0071476),1/6,0.2445064906732126,0.4850845351595164,0,0,4.184649122807017,5.894134462943352,MYLK
GO_Biological_Process_2023,Cellular Response To Bacterial Lipopeptide (GO:0071221),1/6,0.2445064906732126,0.4850845351595164,0,0,4.184649122807017,5.894134462943352,CD36
GO_Biological_Process_2023,Cellular Response To Laminar Fluid Shear Stress (GO:0071499),1/6,0.2445064906732126,0.4850845351595164,0,0,4.184649122807017,5.894134462943352,KLF4
GO_Biological_Process_2023,Citrulline Metabolic Process (GO:0000052),1/6,0.2445064906732126,0.4850845351595164,0,0,4.184649122807017,5.894134462943352,OTC
GO_Biological_Process_2023,Cytolysis By Host Of Symbiont Cells (GO:0051838),1/6,0.2445064906732126,0.4850845351595164,0,0,4.184649122807017,5.894134462943352,NRG1
GO_Biological_Process_2023,Definitive Hemopoiesis (GO:0060216),1/6,0.2445064906732126,0.4850845351595164,0,0,4.184649122807017,5.894134462943352,MFAP5
GO_Biological_Process_2023,Desmosome Organization (GO:0002934),1/6,0.2445064906732126,0.4850845351595164,0,0,4.184649122807017,5.894134462943352,SNAI2
GO_Biological_Process_2023,Detection Of Stimulus Involved In Sensory Perception Of Pain (GO:0062149),1/6,0.2445064906732126,0.4850845351595164,0,0,4.184649122807017,5.894134462943352,KCNA1
GO_Biological_Process_2023,Enteric Nervous System Development (GO:0048484),1/6,0.2445064906732126,0.4850845351595164,0,0,4.184649122807017,5.894134462943352,SOX10
GO_Biological_Process_2023,Forebrain Neuron Development (GO:0021884),1/6,0.2445064906732126,0.4850845351595164,0,0,4.184649122807017,5.894134462943352,CCL14
GO_Biological_Process_2023,Glandular Epithelial Cell Development (GO:0002068),1/6,0.2445064906732126,0.4850845351595164,0,0,4.184649122807017,5.894134462943352,BMP6
GO_Biological_Process_2023,Hypotonic Response (GO:0006971),1/6,0.2445064906732126,0.4850845351595164,0,0,4.184649122807017,5.894134462943352,MYLK
GO_Biological_Process_2023,Intracellular Triglyceride Homeostasis (GO:0035356),1/6,0.2445064906732126,0.4850845351595164,0,0,4.184649122807017,5.894134462943352,DGAT2
GO_Biological_Process_2023,Keratinocyte Proliferation (GO:0043616),1/6,0.2445064906732126,0.4850845351595164,0,0,4.184649122807017,5.894134462943352,KLK8
GO_Biological_Process_2023,Lipid Hydroxylation (GO:0002933),1/6,0.2445064906732126,0.4850845351595164,0,0,4.184649122807017,5.894134462943352,CYP2C8
GO_Biological_Process_2023,Locomotor Rhythm (GO:0045475),1/6,0.2445064906732126,0.4850845351595164,0,0,4.184649122807017,5.894134462943352,EGR1
GO_Biological_Process_2023,Macrophage Derived Foam Cell Differentiation (GO:0010742),1/6,0.2445064906732126,0.4850845351595164,0,0,4.184649122807017,5.894134462943352,PPARG
GO_Biological_Process_2023,Maintenance Of Protein Location In Extracellular Region (GO:0071694),1/6,0.2445064906732126,0.4850845351595164,0,0,4.184649122807017,5.894134462943352,FBN1
GO_Biological_Process_2023,Marginal Zone B Cell Differentiation (GO:0002315),1/6,0.2445064906732126,0.4850845351595164,0,0,4.184649122807017,5.894134462943352,DOCK11
GO_Biological_Process_2023,Meiotic DNA Double-Strand Break Formation (GO:0042138),1/6,0.2445064906732126,0.4850845351595164,0,0,4.184649122807017,5.894134462943352,IHO1
GO_Biological_Process_2023,Monoacylglycerol Biosynthetic Process (GO:0006640),1/6,0.2445064906732126,0.4850845351595164,0,0,4.184649122807017,5.894134462943352,DGAT2
GO_Biological_Process_2023,Negative Regulation Of Blood Vessel Endothelial Cell Proliferation Involved In Sprouting Angiogenesis (GO:1903588),1/6,0.2445064906732126,0.4850845351595164,0,0,4.184649122807017,5.894134462943352,NGFR
GO_Biological_Process_2023,Negative Regulation Of Epidermal Cell Differentiation (GO:0045605),1/6,0.2445064906732126,0.4850845351595164,0,0,4.184649122807017,5.894134462943352,HOXA7
GO_Biological_Process_2023,Negative Regulation Of Low-Density Lipoprotein Receptor Activity (GO:1905598),1/6,0.2445064906732126,0.4850845351595164,0,0,4.184649122807017,5.894134462943352,ADIPOQ
GO_Biological_Process_2023,Negative Regulation Of Lymphocyte Differentiation (GO:0045620),1/6,0.2445064906732126,0.4850845351595164,0,0,4.184649122807017,5.894134462943352,SFRP1
GO_Biological_Process_2023,Negative Regulation Of miRNA Processing (GO:1903799),1/6,0.2445064906732126,0.4850845351595164,0,0,4.184649122807017,5.894134462943352,IL6
GO_Biological_Process_2023,Negative Regulation Of p38MAPK Cascade (GO:1903753),1/6,0.2445064906732126,0.4850845351595164,0,0,4.184649122807017,5.894134462943352,DUSP1
GO_Biological_Process_2023,Negative Regulation Of Retinoic Acid Receptor Signaling Pathway (GO:0048387),1/6,0.2445064906732126,0.4850845351595164,0,0,4.184649122807017,5.894134462943352,CYP26B1
GO_Biological_Process_2023,Negative Regulation Of Steroid Metabolic Process (GO:0045939),1/6,0.2445064906732126,0.4850845351595164,0,0,4.184649122807017,5.894134462943352,BMP2
GO_Biological_Process_2023,Negative Regulation Of Stress-Activated Protein Kinase Signaling Cascade (GO:0070303),1/6,0.2445064906732126,0.4850845351595164,0,0,4.184649122807017,5.894134462943352,FOXO1
GO_Biological_Process_2023,Noradrenergic Neuron Differentiation (GO:0003357),1/6,0.2445064906732126,0.4850845351595164,0,0,4.184649122807017,5.894134462943352,INSM1
GO_Biological_Process_2023,Norepinephrine Biosynthetic Process (GO:0042421),1/6,0.2445064906732126,0.4850845351595164,0,0,4.184649122807017,5.894134462943352,INSM1
GO_Biological_Process_2023,Nose Development (GO:0043584),1/6,0.2445064906732126,0.4850845351595164,0,0,4.184649122807017,5.894134462943352,PROX1
GO_Biological_Process_2023,"Nuclear-Transcribed mRNA Catabolic Process, Deadenylation-Independent Decay (GO:0031086)",1/6,0.2445064906732126,0.4850845351595164,0,0,4.184649122807017,5.894134462943352,ZFP36
GO_Biological_Process_2023,Nucleobase Catabolic Process (GO:0046113),1/6,0.2445064906732126,0.4850845351595164,0,0,4.184649122807017,5.894134462943352,DPYS
GO_Biological_Process_2023,Peptide Transport (GO:0015833),1/6,0.2445064906732126,0.4850845351595164,0,0,4.184649122807017,5.894134462943352,CD209
GO_Biological_Process_2023,Peptidyl-Arginine Modification (GO:0018195),1/6,0.2445064906732126,0.4850845351595164,0,0,4.184649122807017,5.894134462943352,PRMT8
GO_Biological_Process_2023,Pharyngeal Arch Artery Morphogenesis (GO:0061626),1/6,0.2445064906732126,0.4850845351595164,0,0,4.184649122807017,5.894134462943352,FOLR1
GO_Biological_Process_2023,Pituitary Gland Development (GO:0021983),1/6,0.2445064906732126,0.4850845351595164,0,0,4.184649122807017,5.894134462943352,SOX2
GO_Biological_Process_2023,Positive Regulation Of ER-associated Ubiquitin-Dependent Protein Catabolic Process (GO:1903071),1/6,0.2445064906732126,0.4850845351595164,0,0,4.184649122807017,5.894134462943352,CAV1
GO_Biological_Process_2023,Positive Regulation Of Amyloid-Beta Clearance (GO:1900223),1/6,0.2445064906732126,0.4850845351595164,0,0,4.184649122807017,5.894134462943352,LRP1
GO_Biological_Process_2023,Positive Regulation Of cAMP-mediated Signaling (GO:0043950),1/6,0.2445064906732126,0.4850845351595164,0,0,4.184649122807017,5.894134462943352,SCTR
GO_Biological_Process_2023,Positive Regulation Of Catecholamine Secretion (GO:0033605),1/6,0.2445064906732126,0.4850845351595164,0,0,4.184649122807017,5.894134462943352,KCNB1
GO_Biological_Process_2023,Positive Regulation Of Cell Killing (GO:0031343),1/6,0.2445064906732126,0.4850845351595164,0,0,4.184649122807017,5.894134462943352,FCER2
GO_Biological_Process_2023,Positive Regulation Of Chemokine (C-X-C Motif) Ligand 2 Production (GO:2000343),1/6,0.2445064906732126,0.4850845351595164,0,0,4.184649122807017,5.894134462943352,TLR4
GO_Biological_Process_2023,Positive Regulation Of Cilium Movement (GO:0003353),1/6,0.2445064906732126,0.4850845351595164,0,0,4.184649122807017,5.894134462943352,TACR1
GO_Biological_Process_2023,Positive Regulation Of Cilium-Dependent Cell Motility (GO:2000155),1/6,0.2445064906732126,0.4850845351595164,0,0,4.184649122807017,5.894134462943352,TACR1
GO_Biological_Process_2023,Positive Regulation Of Cysteine-Type Endopeptidase Activity Involved In Apoptotic Signaling Pathway (GO:2001269),1/6,0.2445064906732126,0.4850845351595164,0,0,4.184649122807017,5.894134462943352,GSN
GO_Biological_Process_2023,Positive Regulation Of Flagellated Sperm Motility (GO:1902093),1/6,0.2445064906732126,0.4850845351595164,0,0,4.184649122807017,5.894134462943352,TACR1
GO_Biological_Process_2023,Positive Regulation Of Gliogenesis (GO:0014015),1/6,0.2445064906732126,0.4850845351595164,0,0,4.184649122807017,5.894134462943352,IL6
GO_Biological_Process_2023,Positive Regulation Of Hormone Metabolic Process (GO:0032352),1/6,0.2445064906732126,0.4850845351595164,0,0,4.184649122807017,5.894134462943352,EGR1
GO_Biological_Process_2023,Positive Regulation Of Immune Response To Tumor Cell (GO:0002839),1/6,0.2445064906732126,0.4850845351595164,0,0,4.184649122807017,5.894134462943352,NRG1
GO_Biological_Process_2023,Positive Regulation Of Interleukin-5 Production (GO:0032754),1/6,0.2445064906732126,0.4850845351595164,0,0,4.184649122807017,5.894134462943352,TSLP
GO_Biological_Process_2023,Positive Regulation Of Lamellipodium Morphogenesis (GO:2000394),1/6,0.2445064906732126,0.4850845351595164,0,0,4.184649122807017,5.894134462943352,ENPP2
GO_Biological_Process_2023,Positive Regulation Of Leukocyte Tethering Or Rolling (GO:1903238),1/6,0.2445064906732126,0.4850845351595164,0,0,4.184649122807017,5.894134462943352,SELP
GO_Biological_Process_2023,Positive Regulation Of Lipoprotein Lipase Activity (GO:0051006),1/6,0.2445064906732126,0.4850845351595164,0,0,4.184649122807017,5.894134462943352,GPIHBP1
GO_Biological_Process_2023,Positive Regulation Of Membrane Depolarization (GO:1904181),1/6,0.2445064906732126,0.4850845351595164,0,0,4.184649122807017,5.894134462943352,DCN
GO_Biological_Process_2023,Positive Regulation Of Neurotransmitter Secretion (GO:0001956),1/6,0.2445064906732126,0.4850845351595164,0,0,4.184649122807017,5.894134462943352,GPER1
GO_Biological_Process_2023,Positive Regulation Of Steroid Metabolic Process (GO:0045940),1/6,0.2445064906732126,0.4850845351595164,0,0,4.184649122807017,5.894134462943352,CES1
GO_Biological_Process_2023,Positive Regulation Of Striated Muscle Contraction (GO:0045989),1/6,0.2445064906732126,0.4850845351595164,0,0,4.184649122807017,5.894134462943352,RGS2
GO_Biological_Process_2023,Positive Regulation Of Synaptic Plasticity (GO:0031915),1/6,0.2445064906732126,0.4850845351595164,0,0,4.184649122807017,5.894134462943352,CPLX2
GO_Biological_Process_2023,Protein Catabolic Process In The Vacuole (GO:0007039),1/6,0.2445064906732126,0.4850845351595164,0,0,4.184649122807017,5.894134462943352,CPA2
GO_Biological_Process_2023,Protein Localization To Basolateral Plasma Membrane (GO:1903361),1/6,0.2445064906732126,0.4850845351595164,0,0,4.184649122807017,5.894134462943352,CAV1
GO_Biological_Process_2023,Regulation Of I-kappaB Phosphorylation (GO:1903719),1/6,0.2445064906732126,0.4850845351595164,0,0,4.184649122807017,5.894134462943352,CX3CL1
GO_Biological_Process_2023,Regulation Of NAD(P)H Oxidase Activity (GO:0033860),1/6,0.2445064906732126,0.4850845351595164,0,0,4.184649122807017,5.894134462943352,AGTR1
GO_Biological_Process_2023,Regulation Of SA Node Cell Action Potential (GO:0098907),1/6,0.2445064906732126,0.4850845351595164,0,0,4.184649122807017,5.894134462943352,TBX18
GO_Biological_Process_2023,Regulation Of T Cell Tolerance Induction (GO:0002664),1/6,0.2445064906732126,0.4850845351595164,0,0,4.184649122807017,5.894134462943352,TGFBR2
GO_Biological_Process_2023,Regulation Of Aldosterone Biosynthetic Process (GO:0032347),1/6,0.2445064906732126,0.4850845351595164,0,0,4.184649122807017,5.894134462943352,BMP6
GO_Biological_Process_2023,Regulation Of Bile Acid Metabolic Process (GO:1904251),1/6,0.2445064906732126,0.4850845351595164,0,0,4.184649122807017,5.894134462943352,CES1
GO_Biological_Process_2023,Regulation Of Cardiac Muscle Cell Membrane Potential (GO:0086036),1/6,0.2445064906732126,0.4850845351595164,0,0,4.184649122807017,5.894134462943352,PLN
GO_Biological_Process_2023,Regulation Of Cell Adhesion Molecule Production (GO:0060353),1/6,0.2445064906732126,0.4850845351595164,0,0,4.184649122807017,5.894134462943352,CAV1
GO_Biological_Process_2023,Regulation Of Cellular Response To Insulin Stimulus (GO:1900076),1/6,0.2445064906732126,0.4850845351595164,0,0,4.184649122807017,5.894134462943352,PPARG
GO_Biological_Process_2023,Regulation Of Collagen Fibril Organization (GO:1904026),1/6,0.2445064906732126,0.4850845351595164,0,0,4.184649122807017,5.894134462943352,TNXB
GO_Biological_Process_2023,Regulation Of Digestive System Process (GO:0044058),1/6,0.2445064906732126,0.4850845351595164,0,0,4.184649122807017,5.894134462943352,FGF10
GO_Biological_Process_2023,Regulation Of Hemoglobin Biosynthetic Process (GO:0046984),1/6,0.2445064906732126,0.4850845351595164,0,0,4.184649122807017,5.894134462943352,KLF4
GO_Biological_Process_2023,Regulation Of Ketone Biosynthetic Process (GO:0010566),1/6,0.2445064906732126,0.4850845351595164,0,0,4.184649122807017,5.894134462943352,EGR1
GO_Biological_Process_2023,Regulation Of Male Gonad Development (GO:2000018),1/6,0.2445064906732126,0.4850845351595164,0,0,4.184649122807017,5.894134462943352,WT1
GO_Biological_Process_2023,Regulation Of Norepinephrine Secretion (GO:0014061),1/6,0.2445064906732126,0.4850845351595164,0,0,4.184649122807017,5.894134462943352,KCNB1
GO_Biological_Process_2023,Regulation Of Potassium Ion Export Across Plasma Membrane (GO:1903764),1/6,0.2445064906732126,0.4850845351595164,0,0,4.184649122807017,5.894134462943352,KCNIP2
GO_Biological_Process_2023,Regulation Of Prostaglandin Biosynthetic Process (GO:0031392),1/6,0.2445064906732126,0.4850845351595164,0,0,4.184649122807017,5.894134462943352,PTGS2
GO_Biological_Process_2023,Regulation Of Relaxation Of Muscle (GO:1901077),1/6,0.2445064906732126,0.4850845351595164,0,0,4.184649122807017,5.894134462943352,PLN
GO_Biological_Process_2023,Regulation Of Saliva Secretion (GO:0046877),1/6,0.2445064906732126,0.4850845351595164,0,0,4.184649122807017,5.894134462943352,FGF10
GO_Biological_Process_2023,Regulation Of Smooth Muscle Cell Differentiation (GO:0051150),1/6,0.2445064906732126,0.4850845351595164,0,0,4.184649122807017,5.894134462943352,MYOCD
GO_Biological_Process_2023,Regulation Of Striated Muscle Cell Differentiation (GO:0051153),1/6,0.2445064906732126,0.4850845351595164,0,0,4.184649122807017,5.894134462943352,NRG1
GO_Biological_Process_2023,Regulation Of Vascular Associated Smooth Muscle Cell Differentiation (GO:1905063),1/6,0.2445064906732126,0.4850845351595164,0,0,4.184649122807017,5.894134462943352,KIT
GO_Biological_Process_2023,Regulation Of Vitamin D Receptor Signaling Pathway (GO:0070562),1/6,0.2445064906732126,0.4850845351595164,0,0,4.184649122807017,5.894134462943352,SNAI2
GO_Biological_Process_2023,Release Of Sequestered Calcium Ion Into Cytosol By Sarcoplasmic Reticulum (GO:0014808),1/6,0.2445064906732126,0.4850845351595164,0,0,4.184649122807017,5.894134462943352,RYR3
GO_Biological_Process_2023,Response To Cocaine (GO:0042220),1/6,0.2445064906732126,0.4850845351595164,0,0,4.184649122807017,5.894134462943352,CRHBP
GO_Biological_Process_2023,Retinal Rod Cell Differentiation (GO:0060221),1/6,0.2445064906732126,0.4850845351595164,0,0,4.184649122807017,5.894134462943352,RORB
GO_Biological_Process_2023,Serine Transport (GO:0032329),1/6,0.2445064906732126,0.4850845351595164,0,0,4.184649122807017,5.894134462943352,SLC7A10
GO_Biological_Process_2023,Skeletal Muscle Thin Filament Assembly (GO:0030240),1/6,0.2445064906732126,0.4850845351595164,0,0,4.184649122807017,5.894134462943352,PROX1
GO_Biological_Process_2023,Smooth Muscle Cell Migration (GO:0014909),1/6,0.2445064906732126,0.4850845351595164,0,0,4.184649122807017,5.894134462943352,CCN3
GO_Biological_Process_2023,Spontaneous Synaptic Transmission (GO:0098814),1/6,0.2445064906732126,0.4850845351595164,0,0,4.184649122807017,5.894134462943352,NSG1
GO_Biological_Process_2023,"Substrate-Dependent Cell Migration, Cell Extension (GO:0006930)",1/6,0.2445064906732126,0.4850845351595164,0,0,4.184649122807017,5.894134462943352,P2RY12
GO_Biological_Process_2023,Sulfur Amino Acid Catabolic Process (GO:0000098),1/6,0.2445064906732126,0.4850845351595164,0,0,4.184649122807017,5.894134462943352,FMO1
GO_Biological_Process_2023,Type B Pancreatic Cell Development (GO:0003323),1/6,0.2445064906732126,0.4850845351595164,0,0,4.184649122807017,5.894134462943352,BMP6
GO_Biological_Process_2023,Vascular Wound Healing (GO:0061042),1/6,0.2445064906732126,0.4850845351595164,0,0,4.184649122807017,5.894134462943352,CD34
GO_Biological_Process_2023,White Fat Cell Differentiation (GO:0050872),1/6,0.2445064906732126,0.4850845351595164,0,0,4.184649122807017,5.894134462943352,PPARG
GO_Biological_Process_2023,Xenobiotic Glucuronidation (GO:0052697),1/6,0.2445064906732126,0.4850845351595164,0,0,4.184649122807017,5.894134462943352,UGT2B4
GO_Biological_Process_2023,Focal Adhesion Assembly (GO:0048041),2/21,0.2485867720315944,0.4894052074372016,0,0,2.2032468657923623,3.066838802633252,SORBS1;FERMT2
GO_Biological_Process_2023,Macrophage Differentiation (GO:0030225),2/21,0.2485867720315944,0.4894052074372016,0,0,2.2032468657923623,3.066838802633252,IL33;IL1RL1
GO_Biological_Process_2023,Negative Regulation Of Interleukin-2 Production (GO:0032703),2/21,0.2485867720315944,0.4894052074372016,0,0,2.2032468657923623,3.066838802633252,ZFP36;CR1
GO_Biological_Process_2023,Negative Regulation Of Reactive Oxygen Species Metabolic Process (GO:2000378),2/21,0.2485867720315944,0.4894052074372016,0,0,2.2032468657923623,3.066838802633252,ABCD2;MMP3
GO_Biological_Process_2023,Positive Regulation Of Dendritic Spine Development (GO:0060999),2/21,0.2485867720315944,0.4894052074372016,0,0,2.2032468657923623,3.066838802633252,RELN;NEURL1
GO_Biological_Process_2023,Positive Regulation Of Granulocyte Chemotaxis (GO:0071624),2/21,0.2485867720315944,0.4894052074372016,0,0,2.2032468657923623,3.066838802633252,CCL21;THBS4
GO_Biological_Process_2023,Regulation Of Cardiac Conduction (GO:1903779),2/21,0.2485867720315944,0.4894052074372016,0,0,2.2032468657923623,3.066838802633252,ANK2;SLC8A2
GO_Biological_Process_2023,Regulation Of Lipopolysaccharide-Mediated Signaling Pathway (GO:0031664),2/21,0.2485867720315944,0.4894052074372016,0,0,2.2032468657923623,3.066838802633252,CD36;CX3CL1
GO_Biological_Process_2023,Regulation Of Membrane Protein Ectodomain Proteolysis (GO:0051043),2/21,0.2485867720315944,0.4894052074372016,0,0,2.2032468657923623,3.066838802633252,TIMP2;TIMP4
GO_Biological_Process_2023,Response To Cadmium Ion (GO:0046686),2/21,0.2485867720315944,0.4894052074372016,0,0,2.2032468657923623,3.066838802633252,MT1X;FOS
GO_Biological_Process_2023,Skin Epidermis Development (GO:0098773),2/21,0.2485867720315944,0.4894052074372016,0,0,2.2032468657923623,3.066838802633252,KRT16;TP63
GO_Biological_Process_2023,Zinc Ion Transmembrane Transport (GO:0071577),2/21,0.2485867720315944,0.4894052074372016,0,0,2.2032468657923623,3.066838802633252,SLC39A12;SLC39A2
GO_Biological_Process_2023,Positive Regulation Of Lymphocyte Proliferation (GO:0050671),5/74,0.2487635703550056,0.4894411355550685,0,0,1.5177488348336845,2.1115716335371184,IL6;ANXA1;CD209;LEP;FGF10
GO_Biological_Process_2023,Heart Looping (GO:0001947),3/38,0.2501618620333241,0.491252969527272,0,0,1.7945368916797488,2.486594880159472,SOX17;FOLR1;TGFBR2
GO_Biological_Process_2023,Positive Regulation Of Axonogenesis (GO:0050772),3/38,0.2501618620333241,0.491252969527272,0,0,1.7945368916797488,2.486594880159472,CHODL;SLIT2;PLXNA4
GO_Biological_Process_2023,Response To Peptide (GO:1901652),3/38,0.2501618620333241,0.491252969527272,0,0,1.7945368916797488,2.486594880159472,ANXA1;MMP2;MMP3
GO_Biological_Process_2023,Small GTPase Mediated Signal Transduction (GO:0007264),7/112,0.250930260985061,0.492326768881843,0,0,1.3967623252391463,1.9311359672990105,CNKSR2;DOK5;RASGRF2;IGF1;RGL1;FGF2;RUNDC3A
GO_Biological_Process_2023,Positive Regulation Of Cellular Component Biogenesis (GO:0044089),6/93,0.2510276430903858,0.492326768881843,0,0,1.4447021252328631,1.996856029161999,TAL1;MMP3;CLDN19;HAS3;NRG1;CX3CL1
GO_Biological_Process_2023,Positive Regulation Of NF-kappaB Transcription Factor Activity (GO:0051092),9/152,0.2591445953107295,0.5079234068090298,0,0,1.3188934958846463,1.7809930098599625,ALK;IL6;CAV1;S100A12;ROR1;CD36;RAB7B;TLR4;CX3CL1
GO_Biological_Process_2023,Positive Regulation Of Interleukin-1 Beta Production (GO:0032731),4/57,0.2622102719536444,0.5108473615708651,0,0,1.580339165992071,2.115455491675489,EGR1;IL6;CD36;TLR4
GO_Biological_Process_2023,Axonal Transport (GO:0098930),3/39,0.2626093710426798,0.5108473615708651,0,0,1.7445970695970696,2.3326791648162795,DST;NEFL;MGARP
GO_Biological_Process_2023,Carboxylic Acid Transmembrane Transport (GO:1905039),3/39,0.2626093710426798,0.5108473615708651,0,0,1.7445970695970696,2.3326791648162795,SLC16A7;SLC7A10;SLC38A4
GO_Biological_Process_2023,Regulation Of Protein Tyrosine Kinase Activity (GO:0061097),3/39,0.2626093710426798,0.5108473615708651,0,0,1.7445970695970696,2.3326791648162795,RELN;CAV1;IL34
GO_Biological_Process_2023,Retina Homeostasis (GO:0001895),3/39,0.2626093710426798,0.5108473615708651,0,0,1.7445970695970696,2.3326791648162795,PIP;RPE65;JCHAIN
GO_Biological_Process_2023,Acylglycerol Biosynthetic Process (GO:0046463),2/22,0.2657845049965303,0.5108473615708651,0,0,2.0929747530186606,2.773336863251314,DGAT2;GPAM
GO_Biological_Process_2023,Cellular Response To Cadmium Ion (GO:0071276),2/22,0.2657845049965303,0.5108473615708651,0,0,2.0929747530186606,2.773336863251314,MT1X;FOS
GO_Biological_Process_2023,Dendritic Cell Differentiation (GO:0097028),2/22,0.2657845049965303,0.5108473615708651,0,0,2.0929747530186606,2.773336863251314,PRTN3;TGFBR2
GO_Biological_Process_2023,Glucose Transmembrane Transport (GO:1904659),2/22,0.2657845049965303,0.5108473615708651,0,0,2.0929747530186606,2.773336863251314,SLC2A12;SLC2A4
GO_Biological_Process_2023,Hexose Transmembrane Transport (GO:0008645),2/22,0.2657845049965303,0.5108473615708651,0,0,2.0929747530186606,2.773336863251314,SLC2A12;SLC2A4
GO_Biological_Process_2023,Negative Regulation Of Cell Development (GO:0010721),2/22,0.2657845049965303,0.5108473615708651,0,0,2.0929747530186606,2.773336863251314,IL6;IGF1
GO_Biological_Process_2023,Placenta Development (GO:0001890),2/22,0.2657845049965303,0.5108473615708651,0,0,2.0929747530186606,2.773336863251314,LEP;PPARG
GO_Biological_Process_2023,Regulation Of Cardiac Muscle Cell Membrane Repolarization (GO:0099623),2/22,0.2657845049965303,0.5108473615708651,0,0,2.0929747530186606,2.773336863251314,ANK2;SCN4B
GO_Biological_Process_2023,Regulation Of Neural Precursor Cell Proliferation (GO:2000177),2/22,0.2657845049965303,0.5108473615708651,0,0,2.0929747530186606,2.773336863251314,PROX1;INSM1
GO_Biological_Process_2023,Neuron Differentiation (GO:0030182),10/173,0.2669009216352304,0.5108473615708651,0,0,1.2856939037563948,1.6982444958110383,ALK;EMX2;IRX6;SPINK5;EN1;DMD;RORB;BHLHE22;INSM1;ASCL1
GO_Biological_Process_2023,Regulation Of Signal Transduction (GO:0009966),11/193,0.2678007510929782,0.5108473615708651,0,0,1.2667515411417851,1.668960408473218,RGS2;DOK5;ADIPOQ;AKR1C3;GAS1;DTX1;KCTD12;CD36;IGFBP6;CX3CL1;SLC8A2
GO_Biological_Process_2023,Regulation Of Neuron Death (GO:1901214),4/58,0.2724133648985153,0.5108473615708651,0,0,1.550992136250662,2.0169639040800504,EGR1;GPNMB;GRIN2B;SNCA
GO_Biological_Process_2023,Positive Regulation Of Response To Stimulus (GO:0048584),5/77,0.2749934377490413,0.5108473615708651,0,0,1.4542798580518843,1.877486995453592,C6;C7;ADIPOQ;LRRC70;FGF10
GO_Biological_Process_2023,Regulation Of Immune Response (GO:0050776),5/77,0.2749934377490413,0.5108473615708651,0,0,1.4542798580518843,1.877486995453592,FCRLB;COL3A1;C6;C7;SPINK5
GO_Biological_Process_2023,Positive Regulation Of Cell Cycle G1/S Phase Transition (GO:1902808),3/40,0.2751315765328279,0.5108473615708651,0,0,1.6973566973566974,2.190448723070457,ANXA1;ADAMTS1;FGF10
GO_Biological_Process_2023,Regulation Of Small Molecule Metabolic Process (GO:0062012),3/40,0.2751315765328279,0.5108473615708651,0,0,1.6973566973566974,2.190448723070457,ACADL;ADIPOQ;PDK4
GO_Biological_Process_2023,Synaptic Vesicle Endocytosis (GO:0048488),3/40,0.2751315765328279,0.5108473615708651,0,0,1.6973566973566974,2.190448723070457,STON1;SYT8;SNCA
GO_Biological_Process_2023,TRIF-dependent Toll-Like Receptor Signaling Pathway (GO:0035666),1/7,0.2790050701679555,0.5108473615708651,0,0,3.4870248538011697,4.451275533668872,TLR4
GO_Biological_Process_2023,UV Protection (GO:0009650),1/7,0.2790050701679555,0.5108473615708651,0,0,3.4870248538011697,4.451275533668872,MFAP4
GO_Biological_Process_2023,Atrial Cardiac Muscle Cell To AV Node Cell Signaling (GO:0086026),1/7,0.2790050701679555,0.5108473615708651,0,0,3.4870248538011697,4.451275533668872,SCN3B
GO_Biological_Process_2023,Axon Ensheathment In Central Nervous System (GO:0032291),1/7,0.2790050701679555,0.5108473615708651,0,0,3.4870248538011697,4.451275533668872,SOX10
GO_Biological_Process_2023,Cardiac Muscle Hypertrophy (GO:0003300),1/7,0.2790050701679555,0.5108473615708651,0,0,3.4870248538011697,4.451275533668872,HTR2B
GO_Biological_Process_2023,Cellular Biogenic Amine Catabolic Process (GO:0042402),1/7,0.2790050701679555,0.5108473615708651,0,0,3.4870248538011697,4.451275533668872,DMGDH
GO_Biological_Process_2023,Cellular Response To Epinephrine Stimulus (GO:0071872),1/7,0.2790050701679555,0.5108473615708651,0,0,3.4870248538011697,4.451275533668872,SNCA
GO_Biological_Process_2023,Cellular Response To Potassium Ion (GO:0035865),1/7,0.2790050701679555,0.5108473615708651,0,0,3.4870248538011697,4.451275533668872,CRHBP
GO_Biological_Process_2023,Collecting Duct Development (GO:0072044),1/7,0.2790050701679555,0.5108473615708651,0,0,3.4870248538011697,4.451275533668872,DACT2
GO_Biological_Process_2023,Coronary Vasculature Development (GO:0060976),1/7,0.2790050701679555,0.5108473615708651,0,0,3.4870248538011697,4.451275533668872,MYOCD
GO_Biological_Process_2023,Fatty Acid Alpha-Oxidation (GO:0001561),1/7,0.2790050701679555,0.5108473615708651,0,0,3.4870248538011697,4.451275533668872,SLC27A2
GO_Biological_Process_2023,Foam Cell Differentiation (GO:0090077),1/7,0.2790050701679555,0.5108473615708651,0,0,3.4870248538011697,4.451275533668872,PPARG
GO_Biological_Process_2023,Glucocorticoid Metabolic Process (GO:0008211),1/7,0.2790050701679555,0.5108473615708651,0,0,3.4870248538011697,4.451275533668872,CYP11A1
GO_Biological_Process_2023,Glycine Metabolic Process (GO:0006544),1/7,0.2790050701679555,0.5108473615708651,0,0,3.4870248538011697,4.451275533668872,GLYAT
GO_Biological_Process_2023,Hair Cell Differentiation (GO:0035315),1/7,0.2790050701679555,0.5108473615708651,0,0,3.4870248538011697,4.451275533668872,SPINK5
GO_Biological_Process_2023,Immunological Synapse Formation (GO:0001771),1/7,0.2790050701679555,0.5108473615708651,0,0,3.4870248538011697,4.451275533668872,CCL21
GO_Biological_Process_2023,Inhibitory Postsynaptic Potential (GO:0060080),1/7,0.2790050701679555,0.5108473615708651,0,0,3.4870248538011697,4.451275533668872,INSYN2B
GO_Biological_Process_2023,Kidney Epithelium Development (GO:0072073),1/7,0.2790050701679555,0.5108473615708651,0,0,3.4870248538011697,4.451275533668872,WT1
GO_Biological_Process_2023,Kidney Mesenchyme Development (GO:0072074),1/7,0.2790050701679555,0.5108473615708651,0,0,3.4870248538011697,4.451275533668872,WT1
GO_Biological_Process_2023,Lens Fiber Cell Development (GO:0070307),1/7,0.2790050701679555,0.5108473615708651,0,0,3.4870248538011697,4.451275533668872,PROX1
GO_Biological_Process_2023,Leukocyte Aggregation (GO:0070486),1/7,0.2790050701679555,0.5108473615708651,0,0,3.4870248538011697,4.451275533668872,JAM2
GO_Biological_Process_2023,Melanin Biosynthetic Process (GO:0042438),1/7,0.2790050701679555,0.5108473615708651,0,0,3.4870248538011697,4.451275533668872,DCT
GO_Biological_Process_2023,Myeloid Leukocyte Mediated Immunity (GO:0002444),1/7,0.2790050701679555,0.5108473615708651,0,0,3.4870248538011697,4.451275533668872,IL6
GO_Biological_Process_2023,Negative Regulation Of RNA Catabolic Process (GO:1902369),1/7,0.2790050701679555,0.5108473615708651,0,0,3.4870248538011697,4.451275533668872,PKP1
GO_Biological_Process_2023,Negative Regulation Of T Cell Apoptotic Process (GO:0070233),1/7,0.2790050701679555,0.5108473615708651,0,0,3.4870248538011697,4.451275533668872,PIP
GO_Biological_Process_2023,Negative Regulation Of Amyloid-Beta Clearance (GO:1900222),1/7,0.2790050701679555,0.5108473615708651,0,0,3.4870248538011697,4.451275533668872,MYOCD
GO_Biological_Process_2023,Negative Regulation Of Cell Cycle G2/M Phase Transition (GO:1902750),1/7,0.2790050701679555,0.5108473615708651,0,0,3.4870248538011697,4.451275533668872,FHL1
GO_Biological_Process_2023,Negative Regulation Of Inflammatory Response To Wounding (GO:0106015),1/7,0.2790050701679555,0.5108473615708651,0,0,3.4870248538011697,4.451275533668872,IL33
GO_Biological_Process_2023,Negative Regulation Of Keratinocyte Proliferation (GO:0010839),1/7,0.2790050701679555,0.5108473615708651,0,0,3.4870248538011697,4.451275533668872,SNAI2
GO_Biological_Process_2023,Negative Regulation Of Leukocyte Proliferation (GO:0070664),1/7,0.2790050701679555,0.5108473615708651,0,0,3.4870248538011697,4.451275533668872,IL33
GO_Biological_Process_2023,Negative Regulation Of miRNA-mediated Gene Silencing (GO:0060965),1/7,0.2790050701679555,0.5108473615708651,0,0,3.4870248538011697,4.451275533668872,PPARG
GO_Biological_Process_2023,Negative Regulation Of Microglial Cell Activation (GO:1903979),1/7,0.2790050701679555,0.5108473615708651,0,0,3.4870248538011697,4.451275533668872,CX3CL1
GO_Biological_Process_2023,Negative Regulation Of Monooxygenase Activity (GO:0032769),1/7,0.2790050701679555,0.5108473615708651,0,0,3.4870248538011697,4.451275533668872,SNCA
GO_Biological_Process_2023,Negative Regulation Of Muscle Cell Differentiation (GO:0051148),1/7,0.2790050701679555,0.5108473615708651,0,0,3.4870248538011697,4.451275533668872,TCF23
GO_Biological_Process_2023,Negative Regulation Of Muscle Hypertrophy (GO:0014741),1/7,0.2790050701679555,0.5108473615708651,0,0,3.4870248538011697,4.451275533668872,RGS2
GO_Biological_Process_2023,Negative Regulation Of Neural Precursor Cell Proliferation (GO:2000178),1/7,0.2790050701679555,0.5108473615708651,0,0,3.4870248538011697,4.451275533668872,PTN
GO_Biological_Process_2023,Negative Regulation Of Osteoblast Proliferation (GO:0033689),1/7,0.2790050701679555,0.5108473615708651,0,0,3.4870248538011697,4.451275533668872,SFRP1
GO_Biological_Process_2023,Negative Regulation Of Peptidyl-Lysine Acetylation (GO:2000757),1/7,0.2790050701679555,0.5108473615708651,0,0,3.4870248538011697,4.451275533668872,KLF15
GO_Biological_Process_2023,Neuron Projection Arborization (GO:0140058),1/7,0.2790050701679555,0.5108473615708651,0,0,3.4870248538011697,4.451275533668872,PTN
GO_Biological_Process_2023,Norepinephrine Metabolic Process (GO:0042415),1/7,0.2790050701679555,0.5108473615708651,0,0,3.4870248538011697,4.451275533668872,INSM1
GO_Biological_Process_2023,Peptidyl-Tyrosine Dephosphorylation Involved In Inactivation Of Protein Kinase Activity (GO:1990264),1/7,0.2790050701679555,0.5108473615708651,0,0,3.4870248538011697,4.451275533668872,PTPRB
GO_Biological_Process_2023,Peroxisome Proliferator Activated Receptor Signaling Pathway (GO:0035357),1/7,0.2790050701679555,0.5108473615708651,0,0,3.4870248538011697,4.451275533668872,PPARG
GO_Biological_Process_2023,Plasma Membrane Phospholipid Scrambling (GO:0017121),1/7,0.2790050701679555,0.5108473615708651,0,0,3.4870248538011697,4.451275533668872,PLSCR4
GO_Biological_Process_2023,Positive Regulation Of CoA-transferase Activity (GO:1905920),1/7,0.2790050701679555,0.5108473615708651,0,0,3.4870248538011697,4.451275533668872,AGTR1
GO_Biological_Process_2023,Positive Regulation Of T-helper 2 Cell Cytokine Production (GO:2000553),1/7,0.2790050701679555,0.5108473615708651,0,0,3.4870248538011697,4.451275533668872,IL6
GO_Biological_Process_2023,Positive Regulation Of Adipose Tissue Development (GO:1904179),1/7,0.2790050701679555,0.5108473615708651,0,0,3.4870248538011697,4.451275533668872,PPARG
GO_Biological_Process_2023,Positive Regulation Of Astrocyte Differentiation (GO:0048711),1/7,0.2790050701679555,0.5108473615708651,0,0,3.4870248538011697,4.451275533668872,BMP2
GO_Biological_Process_2023,Positive Regulation Of Calcium Ion Import (GO:0090280),1/7,0.2790050701679555,0.5108473615708651,0,0,3.4870248538011697,4.451275533668872,CXCL12
GO_Biological_Process_2023,Positive Regulation Of Cardiac Epithelial To Mesenchymal Transition (GO:0062043),1/7,0.2790050701679555,0.5108473615708651,0,0,3.4870248538011697,4.451275533668872,TGFBR2
GO_Biological_Process_2023,Positive Regulation Of Dendritic Cell Chemotaxis (GO:2000510),1/7,0.2790050701679555,0.5108473615708651,0,0,3.4870248538011697,4.451275533668872,CCL21
GO_Biological_Process_2023,Positive Regulation Of Epithelial Tube Formation (GO:1905278),1/7,0.2790050701679555,0.5108473615708651,0,0,3.4870248538011697,4.451275533668872,FGF2
GO_Biological_Process_2023,Positive Regulation Of Execution Phase Of Apoptosis (GO:1900119),1/7,0.2790050701679555,0.5108473615708651,0,0,3.4870248538011697,4.451275533668872,PTGIS
GO_Biological_Process_2023,Positive Regulation Of Fibroblast Migration (GO:0010763),1/7,0.2790050701679555,0.5108473615708651,0,0,3.4870248538011697,4.451275533668872,DDR2
GO_Biological_Process_2023,Positive Regulation Of Gluconeogenesis (GO:0045722),1/7,0.2790050701679555,0.5108473615708651,0,0,3.4870248538011697,4.451275533668872,FOXO1
GO_Biological_Process_2023,Positive Regulation Of Insulin-Like Growth Factor Receptor Signaling Pathway (GO:0043568),1/7,0.2790050701679555,0.5108473615708651,0,0,3.4870248538011697,4.451275533668872,IGF1
GO_Biological_Process_2023,Positive Regulation Of Melanin Biosynthetic Process (GO:0048023),1/7,0.2790050701679555,0.5108473615708651,0,0,3.4870248538011697,4.451275533668872,ZEB2
GO_Biological_Process_2023,Positive Regulation Of Myotube Differentiation (GO:0010831),1/7,0.2790050701679555,0.5108473615708651,0,0,3.4870248538011697,4.451275533668872,SMYD1
GO_Biological_Process_2023,Positive Regulation Of Plasminogen Activation (GO:0010756),1/7,0.2790050701679555,0.5108473615708651,0,0,3.4870248538011697,4.451275533668872,CLEC3B
GO_Biological_Process_2023,Positive Regulation Of Ryanodine-Sensitive Calcium-Release Channel Activity (GO:0060316),1/7,0.2790050701679555,0.5108473615708651,0,0,3.4870248538011697,4.451275533668872,JPH2
GO_Biological_Process_2023,Positive Regulation Of Secondary Metabolite Biosynthetic Process (GO:1900378),1/7,0.2790050701679555,0.5108473615708651,0,0,3.4870248538011697,4.451275533668872,ZEB2
GO_Biological_Process_2023,"Positive Regulation Of Synaptic Transmission, GABAergic (GO:0032230)",1/7,0.2790050701679555,0.5108473615708651,0,0,3.4870248538011697,4.451275533668872,NALCN
GO_Biological_Process_2023,Positive Regulation Of Triglyceride Lipase Activity (GO:0061365),1/7,0.2790050701679555,0.5108473615708651,0,0,3.4870248538011697,4.451275533668872,GPIHBP1
GO_Biological_Process_2023,Positive Regulation Of Vascular Associated Smooth Muscle Cell Migration (GO:1904754),1/7,0.2790050701679555,0.5108473615708651,0,0,3.4870248538011697,4.451275533668872,NR4A3
GO_Biological_Process_2023,Positive Regulation Of Vascular Endothelial Growth Factor Signaling Pathway (GO:1900748),1/7,0.2790050701679555,0.5108473615708651,0,0,3.4870248538011697,4.451275533668872,TNXB
GO_Biological_Process_2023,Purine Ribonucleoside Monophosphate Catabolic Process (GO:0009169),1/7,0.2790050701679555,0.5108473615708651,0,0,3.4870248538011697,4.451275533668872,NT5E
GO_Biological_Process_2023,Pyrimidine Nucleobase Catabolic Process (GO:0006208),1/7,0.2790050701679555,0.5108473615708651,0,0,3.4870248538011697,4.451275533668872,DPYS
GO_Biological_Process_2023,Regulation Of ATPase-coupled Calcium Transmembrane Transporter Activity (GO:1901894),1/7,0.2790050701679555,0.5108473615708651,0,0,3.4870248538011697,4.451275533668872,PLN
GO_Biological_Process_2023,Regulation Of CoA-transferase Activity (GO:1905918),1/7,0.2790050701679555,0.5108473615708651,0,0,3.4870248538011697,4.451275533668872,AGTR1
GO_Biological_Process_2023,Regulation Of Cardiac Muscle Cell Action Potential Involved In Regulation Of Contraction (GO:0098909),1/7,0.2790050701679555,0.5108473615708651,0,0,3.4870248538011697,4.451275533668872,CAV1
GO_Biological_Process_2023,Regulation Of Dopamine Uptake Involved In Synaptic Transmission (GO:0051584),1/7,0.2790050701679555,0.5108473615708651,0,0,3.4870248538011697,4.451275533668872,SNCA
GO_Biological_Process_2023,Regulation Of Epithelial To Mesenchymal Transition Involved In Endocardial Cushion Formation (GO:1905005),1/7,0.2790050701679555,0.5108473615708651,0,0,3.4870248538011697,4.451275533668872,TGFBR2
GO_Biological_Process_2023,Regulation Of Extracellular Matrix Constituent Secretion (GO:0003330),1/7,0.2790050701679555,0.5108473615708651,0,0,3.4870248538011697,4.451275533668872,BMP2
GO_Biological_Process_2023,Regulation Of Mesenchymal Stem Cell Differentiation (GO:2000739),1/7,0.2790050701679555,0.5108473615708651,0,0,3.4870248538011697,4.451275533668872,PDGFRA
GO_Biological_Process_2023,Regulation Of Oxidative Stress-Induced Cell Death (GO:1903201),1/7,0.2790050701679555,0.5108473615708651,0,0,3.4870248538011697,4.451275533668872,MMP3
GO_Biological_Process_2023,Regulation Of Positive Chemotaxis (GO:0050926),1/7,0.2790050701679555,0.5108473615708651,0,0,3.4870248538011697,4.451275533668872,CNTN1
GO_Biological_Process_2023,Regulation Of Protein Glycosylation (GO:0060049),1/7,0.2790050701679555,0.5108473615708651,0,0,3.4870248538011697,4.451275533668872,RAMP1
GO_Biological_Process_2023,Regulation Of Transforming Growth Factor Beta Activation (GO:1901388),1/7,0.2790050701679555,0.5108473615708651,0,0,3.4870248538011697,4.451275533668872,TNXB
GO_Biological_Process_2023,Regulation Of Triglyceride Metabolic Process (GO:0090207),1/7,0.2790050701679555,0.5108473615708651,0,0,3.4870248538011697,4.451275533668872,CIDEC
GO_Biological_Process_2023,"Regulation Of Wound Healing, Spreading Of Epidermal Cells (GO:1903689)",1/7,0.2790050701679555,0.5108473615708651,0,0,3.4870248538011697,4.451275533668872,FERMT2
GO_Biological_Process_2023,Release Of Sequestered Calcium Ion Into Cytosol By Endoplasmic Reticulum (GO:1903514),1/7,0.2790050701679555,0.5108473615708651,0,0,3.4870248538011697,4.451275533668872,RYR3
GO_Biological_Process_2023,Response To Auditory Stimulus (GO:0010996),1/7,0.2790050701679555,0.5108473615708651,0,0,3.4870248538011697,4.451275533668872,PTN
GO_Biological_Process_2023,Response To Epinephrine (GO:0071871),1/7,0.2790050701679555,0.5108473615708651,0,0,3.4870248538011697,4.451275533668872,SNCA
GO_Biological_Process_2023,Response To Hydroperoxide (GO:0033194),1/7,0.2790050701679555,0.5108473615708651,0,0,3.4870248538011697,4.451275533668872,GPX3
GO_Biological_Process_2023,Response To Potassium Ion (GO:0035864),1/7,0.2790050701679555,0.5108473615708651,0,0,3.4870248538011697,4.451275533668872,CRHBP
GO_Biological_Process_2023,Sodium-Dependent Phosphate Transport (GO:0044341),1/7,0.2790050701679555,0.5108473615708651,0,0,3.4870248538011697,4.451275533668872,SLC17A7
GO_Biological_Process_2023,Sulfur Amino Acid Biosynthetic Process (GO:0000097),1/7,0.2790050701679555,0.5108473615708651,0,0,3.4870248538011697,4.451275533668872,CDO1
GO_Biological_Process_2023,Venous Blood Vessel Development (GO:0060841),1/7,0.2790050701679555,0.5108473615708651,0,0,3.4870248538011697,4.451275533668872,PROX1
GO_Biological_Process_2023,Ventricular Cardiac Muscle Cell Membrane Repolarization (GO:0099625),1/7,0.2790050701679555,0.5108473615708651,0,0,3.4870248538011697,4.451275533668872,KCNJ3
GO_Biological_Process_2023,Ventricular Trabecula Myocardium Morphogenesis (GO:0003222),1/7,0.2790050701679555,0.5108473615708651,0,0,3.4870248538011697,4.451275533668872,NRG1
GO_Biological_Process_2023,Monocarboxylic Acid Metabolic Process (GO:0032787),6/97,0.2822458974460231,0.5123507748852635,0,0,1.3809079564316609,1.746816267155689,GPAM;KRT17;AKR1C1;GLYAT;IGF1;CD36
GO_Biological_Process_2023,Chordate Embryonic Development (GO:0043009),4/59,0.2826825431387642,0.5123507748852635,0,0,1.5227122712271226,1.9238415322560387,BMP2;ALDH1A2;PROX1;PCSK5
GO_Biological_Process_2023,Actin Nucleation (GO:0045010),2/23,0.282979614894517,0.5123507748852635,0,0,1.993204746223407,2.5161826369263287,MAGEL2;LMOD1
GO_Biological_Process_2023,Adaptive Immune Response Based On Somatic Recombination Of Immune Receptors Built From Immunoglobulin Superfamily Domains (GO:0002460),2/23,0.282979614894517,0.5123507748852635,0,0,1.993204746223407,2.5161826369263287,CR1;TLR4
GO_Biological_Process_2023,Artery Development (GO:0060840),2/23,0.282979614894517,0.5123507748852635,0,0,1.993204746223407,2.5161826369263287,PDE2A;TGFBR2
GO_Biological_Process_2023,Bile Acid And Bile Salt Transport (GO:0015721),2/23,0.282979614894517,0.5123507748852635,0,0,1.993204746223407,2.5161826369263287,SLC10A6;AKR1C1
GO_Biological_Process_2023,Cellular Lipid Catabolic Process (GO:0044242),2/23,0.282979614894517,0.5123507748852635,0,0,1.993204746223407,2.5161826369263287,ACADL;ENPP2
GO_Biological_Process_2023,Endocardial Cushion Development (GO:0003197),2/23,0.282979614894517,0.5123507748852635,0,0,1.993204746223407,2.5161826369263287,ADAMTS5;BMP2
GO_Biological_Process_2023,Endocrine System Development (GO:0035270),2/23,0.282979614894517,0.5123507748852635,0,0,1.993204746223407,2.5161826369263287,SOX2;WT1
GO_Biological_Process_2023,Glial Cell Development (GO:0021782),2/23,0.282979614894517,0.5123507748852635,0,0,1.993204746223407,2.5161826369263287,PRDM8;SOX10
GO_Biological_Process_2023,Long-Chain fatty-acyl-CoA Metabolic Process (GO:0035336),2/23,0.282979614894517,0.5123507748852635,0,0,1.993204746223407,2.5161826369263287,DGAT2;ACSL1
GO_Biological_Process_2023,Negative Regulation Of Actin Filament Polymerization (GO:0030837),2/23,0.282979614894517,0.5123507748852635,0,0,1.993204746223407,2.5161826369263287,GSN;SLIT2
GO_Biological_Process_2023,Negative Regulation Of Lymphocyte Activation (GO:0051250),2/23,0.282979614894517,0.5123507748852635,0,0,1.993204746223407,2.5161826369263287,GPNMB;CTSG
GO_Biological_Process_2023,Negative Regulation Of Neuron Differentiation (GO:0045665),2/23,0.282979614894517,0.5123507748852635,0,0,1.993204746223407,2.5161826369263287,SOX2;DTX1
GO_Biological_Process_2023,Regulation Of T Cell Migration (GO:2000404),2/23,0.282979614894517,0.5123507748852635,0,0,1.993204746223407,2.5161826369263287,CXCL12;CCL21
GO_Biological_Process_2023,Regulation Of Cell Junction Assembly (GO:1901888),2/23,0.282979614894517,0.5123507748852635,0,0,1.993204746223407,2.5161826369263287,CLDN19;SNAI2
GO_Biological_Process_2023,Regulation Of Cellular Response To Transforming Growth Factor Beta Stimulus (GO:1903844),2/23,0.282979614894517,0.5123507748852635,0,0,1.993204746223407,2.5161826369263287,PPARG;FOLR1
GO_Biological_Process_2023,Regulation Of Cholesterol Metabolic Process (GO:0090181),2/23,0.282979614894517,0.5123507748852635,0,0,1.993204746223407,2.5161826369263287,ACADL;CES1
GO_Biological_Process_2023,Regulation Of Cholesterol Transport (GO:0032374),2/23,0.282979614894517,0.5123507748852635,0,0,1.993204746223407,2.5161826369263287,LRP1;ABCA8
GO_Biological_Process_2023,Negative Regulation Of Protein Modification Process (GO:0031400),5/78,0.2838630956114589,0.5136491067717314,0,0,1.434282783175427,1.806139548408134,PID1;DMD;SLIT2;INSM1;KLHL31
GO_Biological_Process_2023,Cellular Response To Molecule Of Bacterial Origin (GO:0071219),7/117,0.2864270469595545,0.517984940810864,0,0,1.3329219345775638,1.6665141874261715,ZFP36;IL6;IL36RN;CTSG;CXCL3;CXCL2;TLR4
GO_Biological_Process_2023,Acylglycerol Metabolic Process (GO:0006639),3/41,0.2877118961060382,0.5190921234829573,0,0,1.6526026604973971,2.0588052226212303,DGAT2;CAV1;DGKI
GO_Biological_Process_2023,Negative Regulation Of Proteolysis (GO:0045861),3/41,0.2877118961060382,0.5190921234829573,0,0,1.6526026604973971,2.0588052226212303,TIMP2;GAS1;TIMP4
GO_Biological_Process_2023,Non-Canonical Wnt Signaling Pathway (GO:0035567),3/41,0.2877118961060382,0.5190921234829573,0,0,1.6526026604973971,2.0588052226212303,SFRP4;SFRP1;FRZB
GO_Biological_Process_2023,Visual System Development (GO:0150063),3/41,0.2877118961060382,0.5190921234829573,0,0,1.6526026604973971,2.0588052226212303,SOX2;MAB21L1;CHRDL1
GO_Biological_Process_2023,Cellular Response To UV (GO:0034644),5/79,0.2927860837421136,0.5279384582429351,0,0,1.414826169782117,1.7378494141911405,MFAP4;MME;MMP2;MMP3;AQP1
GO_Biological_Process_2023,Regulation Of Small GTPase Mediated Signal Transduction (GO:0051056),7/118,0.2936688537307243,0.5292211041837397,0,0,1.3208440228307778,1.6184334757618737,PREX2;ARHGAP20;RELN;RASGRF2;ARHGAP28;SLIT2;SLC6A2
GO_Biological_Process_2023,Acylglycerol Catabolic Process (GO:0046464),2/24,0.3001365393300347,0.5340697718020556,0,0,1.902504740045904,2.2896982750278965,LIPE;GPIHBP1
GO_Biological_Process_2023,Gliogenesis (GO:0042063),2/24,0.3001365393300347,0.5340697718020556,0,0,1.902504740045904,2.2896982750278965,ANXA1;RELN
GO_Biological_Process_2023,Negative Regulation Of Cell Junction Assembly (GO:1901889),2/24,0.3001365393300347,0.5340697718020556,0,0,1.902504740045904,2.2896982750278965,FAM107A;SLIT1
GO_Biological_Process_2023,Negative Regulation Of Ion Transmembrane Transporter Activity (GO:0032413),2/24,0.3001365393300347,0.5340697718020556,0,0,1.902504740045904,2.2896982750278965,PLN;CASQ2
GO_Biological_Process_2023,Neuromuscular Junction Development (GO:0007528),2/24,0.3001365393300347,0.5340697718020556,0,0,1.902504740045904,2.2896982750278965,UNC13A;KY
GO_Biological_Process_2023,Outflow Tract Septum Morphogenesis (GO:0003148),2/24,0.3001365393300347,0.5340697718020556,0,0,1.902504740045904,2.2896982750278965,ZFPM2;TGFBR2
GO_Biological_Process_2023,Positive Regulation Of Cellular Response To Transforming Growth Factor Beta Stimulus (GO:1903846),2/24,0.3001365393300347,0.5340697718020556,0,0,1.902504740045904,2.2896982750278965,ZEB2;TNXB
GO_Biological_Process_2023,Positive Regulation Of p38MAPK Cascade (GO:1900745),2/24,0.3001365393300347,0.5340697718020556,0,0,1.902504740045904,2.2896982750278965,BMP2;LEP
GO_Biological_Process_2023,Positive Regulation Of Transforming Growth Factor Beta Receptor Signaling Pathway (GO:0030511),2/24,0.3001365393300347,0.5340697718020556,0,0,1.902504740045904,2.2896982750278965,ZEB2;TNXB
GO_Biological_Process_2023,Positive Regulation Of Vascular Endothelial Growth Factor Production (GO:0010575),2/24,0.3001365393300347,0.5340697718020556,0,0,1.902504740045904,2.2896982750278965,IL6;PTGS2
GO_Biological_Process_2023,Regulation Of Cysteine-Type Endopeptidase Activity (GO:2000116),2/24,0.3001365393300347,0.5340697718020556,0,0,1.902504740045904,2.2896982750278965,SOX2;GRIN2B
GO_Biological_Process_2023,Regulation Of Execution Phase Of Apoptosis (GO:1900117),2/24,0.3001365393300347,0.5340697718020556,0,0,1.902504740045904,2.2896982750278965,PTGIS;CIDEA
GO_Biological_Process_2023,Regulation Of Ruffle Assembly (GO:1900027),2/24,0.3001365393300347,0.5340697718020556,0,0,1.902504740045904,2.2896982750278965,P2RY12;CAV1
GO_Biological_Process_2023,Determination Of Heart Left/Right Asymmetry (GO:0061371),3/42,0.3003343657177492,0.5340697718020556,0,0,1.6101437024513947,1.936775638631863,SOX17;FOLR1;TGFBR2
GO_Biological_Process_2023,Embryonic Heart Tube Morphogenesis (GO:0003143),3/42,0.3003343657177492,0.5340697718020556,0,0,1.6101437024513947,1.936775638631863,SOX17;FOLR1;TGFBR2
GO_Biological_Process_2023,Potassium Ion Import Across Plasma Membrane (GO:1990573),3/42,0.3003343657177492,0.5340697718020556,0,0,1.6101437024513947,1.936775638631863,KCNJ16;ABCC9;KCNJ3
GO_Biological_Process_2023,Regulation Of Osteoclast Differentiation (GO:0045670),3/42,0.3003343657177492,0.5340697718020556,0,0,1.6101437024513947,1.936775638631863,CARTPT;TLR4;FBN1
GO_Biological_Process_2023,Response To Lipopolysaccharide (GO:0032496),9/159,0.3023408731176182,0.5340697718020556,0,0,1.2568805309734514,1.5034807163822332,SELP;ZFP36;IL6;IL36RN;CTSG;CXCL3;CXCL2;TLR4;SNCA
GO_Biological_Process_2023,Positive Regulation Of Interleukin-8 Production (GO:0032757),4/61,0.3033827540486269,0.5340697718020556,0,0,1.4691293690772589,1.7523188284954372,IL6;LEP;CNTN1;TLR4
GO_Biological_Process_2023,Cdc42 Protein Signal Transduction (GO:0032488),1/8,0.3119299638999372,0.5340697718020556,0,0,2.988721804511278,3.4817909394180115,RHOJ
GO_Biological_Process_2023,MyD88-independent Toll-Like Receptor Signaling Pathway (GO:0002756),1/8,0.3119299638999372,0.5340697718020556,0,0,2.988721804511278,3.4817909394180115,TLR4
GO_Biological_Process_2023,Schwann Cell Development (GO:0014044),1/8,0.3119299638999372,0.5340697718020556,0,0,2.988721804511278,3.4817909394180115,LGI4
GO_Biological_Process_2023,Apoptotic DNA Fragmentation (GO:0006309),1/8,0.3119299638999372,0.5340697718020556,0,0,2.988721804511278,3.4817909394180115,DNASE1L3
GO_Biological_Process_2023,Brown Fat Cell Differentiation (GO:0050873),1/8,0.3119299638999372,0.5340697718020556,0,0,2.988721804511278,3.4817909394180115,ADIPOQ
GO_Biological_Process_2023,Collagen-Activated Signaling Pathway (GO:0038065),1/8,0.3119299638999372,0.5340697718020556,0,0,2.988721804511278,3.4817909394180115,DDR2
GO_Biological_Process_2023,"Complement Activation, Lectin Pathway (GO:0001867)",1/8,0.3119299638999372,0.5340697718020556,0,0,2.988721804511278,3.4817909394180115,MASP1
GO_Biological_Process_2023,Dehydroascorbic Acid Transport (GO:0070837),1/8,0.3119299638999372,0.5340697718020556,0,0,2.988721804511278,3.4817909394180115,SLC2A4
GO_Biological_Process_2023,Embryonic Digestive Tract Morphogenesis (GO:0048557),1/8,0.3119299638999372,0.5340697718020556,0,0,2.988721804511278,3.4817909394180115,PDGFRA
GO_Biological_Process_2023,Endochondral Ossification (GO:0001958),1/8,0.3119299638999372,0.5340697718020556,0,0,2.988721804511278,3.4817909394180115,TMEM119
GO_Biological_Process_2023,Epithelial To Mesenchymal Transition Involved In Endocardial Cushion Formation (GO:0003198),1/8,0.3119299638999372,0.5340697718020556,0,0,2.988721804511278,3.4817909394180115,SNAI2
GO_Biological_Process_2023,Fat-Soluble Vitamin Catabolic Process (GO:0042363),1/8,0.3119299638999372,0.5340697718020556,0,0,2.988721804511278,3.4817909394180115,CYP26B1
GO_Biological_Process_2023,Glycerol Transmembrane Transport (GO:0015793),1/8,0.3119299638999372,0.5340697718020556,0,0,2.988721804511278,3.4817909394180115,AQP7
GO_Biological_Process_2023,Hyaluronan Catabolic Process (GO:0030214),1/8,0.3119299638999372,0.5340697718020556,0,0,2.988721804511278,3.4817909394180115,FGF2
GO_Biological_Process_2023,Lactation (GO:0007595),1/8,0.3119299638999372,0.5340697718020556,0,0,2.988721804511278,3.4817909394180115,OXTR
GO_Biological_Process_2023,Membrane Lipid Catabolic Process (GO:0046466),1/8,0.3119299638999372,0.5340697718020556,0,0,2.988721804511278,3.4817909394180115,ENPP2
GO_Biological_Process_2023,Negative Regulation Of Glycoprotein Biosynthetic Process (GO:0010561),1/8,0.3119299638999372,0.5340697718020556,0,0,2.988721804511278,3.4817909394180115,ITM2A
GO_Biological_Process_2023,Negative Regulation Of Mitotic Nuclear Division (GO:0045839),1/8,0.3119299638999372,0.5340697718020556,0,0,2.988721804511278,3.4817909394180115,USP44
GO_Biological_Process_2023,Negative Regulation Of Production Of Molecular Mediator Of Immune Response (GO:0002701),1/8,0.3119299638999372,0.5340697718020556,0,0,2.988721804511278,3.4817909394180115,CR1
GO_Biological_Process_2023,Negative Regulation Of Transporter Activity (GO:0032410),1/8,0.3119299638999372,0.5340697718020556,0,0,2.988721804511278,3.4817909394180115,SNCA
GO_Biological_Process_2023,Negative Regulation Of Triglyceride Metabolic Process (GO:0090209),1/8,0.3119299638999372,0.5340697718020556,0,0,2.988721804511278,3.4817909394180115,CIDEC
GO_Biological_Process_2023,Negative Regulation Of Ubiquitin Protein Ligase Activity (GO:1904667),1/8,0.3119299638999372,0.5340697718020556,0,0,2.988721804511278,3.4817909394180115,USP44
GO_Biological_Process_2023,Neuronal Ion Channel Clustering (GO:0045161),1/8,0.3119299638999372,0.5340697718020556,0,0,2.988721804511278,3.4817909394180115,KCNIP2
GO_Biological_Process_2023,Neurotransmitter Reuptake (GO:0098810),1/8,0.3119299638999372,0.5340697718020556,0,0,2.988721804511278,3.4817909394180115,SLC22A3
GO_Biological_Process_2023,p38MAPK Cascade (GO:0038066),1/8,0.3119299638999372,0.5340697718020556,0,0,2.988721804511278,3.4817909394180115,ZFP36
GO_Biological_Process_2023,Peripheral Nervous System Axon Ensheathment (GO:0032292),1/8,0.3119299638999372,0.5340697718020556,0,0,2.988721804511278,3.4817909394180115,LGI4
GO_Biological_Process_2023,Positive Regulation Of ATP Biosynthetic Process (GO:2001171),1/8,0.3119299638999372,0.5340697718020556,0,0,2.988721804511278,3.4817909394180115,PID1
GO_Biological_Process_2023,Positive Regulation Of Calcium Ion-Dependent Exocytosis (GO:0045956),1/8,0.3119299638999372,0.5340697718020556,0,0,2.988721804511278,3.4817909394180115,KCNB1
GO_Biological_Process_2023,Positive Regulation Of Dendritic Cell Cytokine Production (GO:0002732),1/8,0.3119299638999372,0.5340697718020556,0,0,2.988721804511278,3.4817909394180115,KIT
GO_Biological_Process_2023,Positive Regulation Of Dendritic Spine Morphogenesis (GO:0061003),1/8,0.3119299638999372,0.5340697718020556,0,0,2.988721804511278,3.4817909394180115,RELN
GO_Biological_Process_2023,Positive Regulation Of Epithelial Cell Proliferation Involved In Wound Healing (GO:0060054),1/8,0.3119299638999372,0.5340697718020556,0,0,2.988721804511278,3.4817909394180115,FGF10
GO_Biological_Process_2023,Positive Regulation Of Fatty Acid Beta-Oxidation (GO:0032000),1/8,0.3119299638999372,0.5340697718020556,0,0,2.988721804511278,3.4817909394180115,ABCD2
GO_Biological_Process_2023,Positive Regulation Of Megakaryocyte Differentiation (GO:0045654),1/8,0.3119299638999372,0.5340697718020556,0,0,2.988721804511278,3.4817909394180115,RAB7B
GO_Biological_Process_2023,Positive Regulation Of Memory T Cell Differentiation (GO:0043382),1/8,0.3119299638999372,0.5340697718020556,0,0,2.988721804511278,3.4817909394180115,PCK1
GO_Biological_Process_2023,Positive Regulation Of Respiratory Burst (GO:0060267),1/8,0.3119299638999372,0.5340697718020556,0,0,2.988721804511278,3.4817909394180115,JCHAIN
GO_Biological_Process_2023,Positive Regulation Of Sequestering Of Triglyceride (GO:0010890),1/8,0.3119299638999372,0.5340697718020556,0,0,2.988721804511278,3.4817909394180115,CIDEA
GO_Biological_Process_2023,Positive Regulation Of Smooth Muscle Cell Apoptotic Process (GO:0034393),1/8,0.3119299638999372,0.5340697718020556,0,0,2.988721804511278,3.4817909394180115,PPARG
GO_Biological_Process_2023,Protein K29-linked Ubiquitination (GO:0035519),1/8,0.3119299638999372,0.5340697718020556,0,0,2.988721804511278,3.4817909394180115,RNF186
GO_Biological_Process_2023,Pyrimidine-Containing Compound Catabolic Process (GO:0072529),1/8,0.3119299638999372,0.5340697718020556,0,0,2.988721804511278,3.4817909394180115,DPYS
GO_Biological_Process_2023,Pyrimidine-Containing Compound Metabolic Process (GO:0072527),1/8,0.3119299638999372,0.5340697718020556,0,0,2.988721804511278,3.4817909394180115,SLC19A3
GO_Biological_Process_2023,Regulation Of DNA Methylation (GO:0044030),1/8,0.3119299638999372,0.5340697718020556,0,0,2.988721804511278,3.4817909394180115,WT1
GO_Biological_Process_2023,Regulation Of ER-associated Ubiquitin-Dependent Protein Catabolic Process (GO:1903069),1/8,0.3119299638999372,0.5340697718020556,0,0,2.988721804511278,3.4817909394180115,CAV1
GO_Biological_Process_2023,"Regulation Of Wnt Signaling Pathway, Planar Cell Polarity Pathway (GO:2000095)",1/8,0.3119299638999372,0.5340697718020556,0,0,2.988721804511278,3.4817909394180115,RSPO3
GO_Biological_Process_2023,Regulation Of Cell Killing (GO:0031341),1/8,0.3119299638999372,0.5340697718020556,0,0,2.988721804511278,3.4817909394180115,CFH
GO_Biological_Process_2023,Regulation Of Defense Response To Bacterium (GO:1900424),1/8,0.3119299638999372,0.5340697718020556,0,0,2.988721804511278,3.4817909394180115,EMILIN2
GO_Biological_Process_2023,Regulation Of Dendritic Cell Antigen Processing And Presentation (GO:0002604),1/8,0.3119299638999372,0.5340697718020556,0,0,2.988721804511278,3.4817909394180115,CCL21
GO_Biological_Process_2023,Regulation Of Dendritic Spine Maintenance (GO:1902950),1/8,0.3119299638999372,0.5340697718020556,0,0,2.988721804511278,3.4817909394180115,GRIN2B
GO_Biological_Process_2023,Regulation Of Gap Junction Assembly (GO:1903596),1/8,0.3119299638999372,0.5340697718020556,0,0,2.988721804511278,3.4817909394180115,CAV1
GO_Biological_Process_2023,Regulation Of Glial Cell Proliferation (GO:0060251),1/8,0.3119299638999372,0.5340697718020556,0,0,2.988721804511278,3.4817909394180115,IL6
GO_Biological_Process_2023,Regulation Of Interleukin-23 Production (GO:0032667),1/8,0.3119299638999372,0.5340697718020556,0,0,2.988721804511278,3.4817909394180115,TLR4
GO_Biological_Process_2023,Regulation Of Lysosomal Protein Catabolic Process (GO:1905165),1/8,0.3119299638999372,0.5340697718020556,0,0,2.988721804511278,3.4817909394180115,LRP1
GO_Biological_Process_2023,Regulation Of Macrophage Migration (GO:1905521),1/8,0.3119299638999372,0.5340697718020556,0,0,2.988721804511278,3.4817909394180115,P2RY12
GO_Biological_Process_2023,Regulation Of Morphogenesis Of An Epithelium (GO:1905330),1/8,0.3119299638999372,0.5340697718020556,0,0,2.988721804511278,3.4817909394180115,FGF1
GO_Biological_Process_2023,Regulation Of Pattern Recognition Receptor Signaling Pathway (GO:0062207),1/8,0.3119299638999372,0.5340697718020556,0,0,2.988721804511278,3.4817909394180115,CD36
GO_Biological_Process_2023,Regulation Of Pinocytosis (GO:0048548),1/8,0.3119299638999372,0.5340697718020556,0,0,2.988721804511278,3.4817909394180115,CAV1
GO_Biological_Process_2023,Regulation Of Podosome Assembly (GO:0071801),1/8,0.3119299638999372,0.5340697718020556,0,0,2.988721804511278,3.4817909394180115,GSN
GO_Biological_Process_2023,Regulation Of Skeletal Muscle Cell Differentiation (GO:2001014),1/8,0.3119299638999372,0.5340697718020556,0,0,2.988721804511278,3.4817909394180115,MYOCD
GO_Biological_Process_2023,Regulation Of Tumor Necrosis Factor Superfamily Cytokine Production (GO:1903555),1/8,0.3119299638999372,0.5340697718020556,0,0,2.988721804511278,3.4817909394180115,ZFP36
GO_Biological_Process_2023,Regulation Of Vesicle Fusion (GO:0031338),1/8,0.3119299638999372,0.5340697718020556,0,0,2.988721804511278,3.4817909394180115,ANXA1
GO_Biological_Process_2023,Response To Vitamin D (GO:0033280),1/8,0.3119299638999372,0.5340697718020556,0,0,2.988721804511278,3.4817909394180115,SFRP1
GO_Biological_Process_2023,Selenocysteine Incorporation (GO:0001514),1/8,0.3119299638999372,0.5340697718020556,0,0,2.988721804511278,3.4817909394180115,DIO2
GO_Biological_Process_2023,Semaphorin-Plexin Signaling Pathway Involved In Axon Guidance (GO:1902287),1/8,0.3119299638999372,0.5340697718020556,0,0,2.988721804511278,3.4817909394180115,PLXNA4
GO_Biological_Process_2023,Sensory Perception Of Sour Taste (GO:0050915),1/8,0.3119299638999372,0.5340697718020556,0,0,2.988721804511278,3.4817909394180115,ASIC2
GO_Biological_Process_2023,Serotonin Uptake (GO:0051610),1/8,0.3119299638999372,0.5340697718020556,0,0,2.988721804511278,3.4817909394180115,SLC22A3
GO_Biological_Process_2023,Somite Development (GO:0061053),1/8,0.3119299638999372,0.5340697718020556,0,0,2.988721804511278,3.4817909394180115,MEOX1
GO_Biological_Process_2023,Sphingosine-1-Phosphate Receptor Signaling Pathway (GO:0003376),1/8,0.3119299638999372,0.5340697718020556,0,0,2.988721804511278,3.4817909394180115,S1PR1
GO_Biological_Process_2023,Synapse Pruning (GO:0098883),1/8,0.3119299638999372,0.5340697718020556,0,0,2.988721804511278,3.4817909394180115,CX3CL1
GO_Biological_Process_2023,Translational Readthrough (GO:0006451),1/8,0.3119299638999372,0.5340697718020556,0,0,2.988721804511278,3.4817909394180115,DIO2
GO_Biological_Process_2023,Tricarboxylic Acid Metabolic Process (GO:0072350),1/8,0.3119299638999372,0.5340697718020556,0,0,2.988721804511278,3.4817909394180115,PCK1
GO_Biological_Process_2023,Tyrosine Phosphorylation Of STAT Protein (GO:0007260),1/8,0.3119299638999372,0.5340697718020556,0,0,2.988721804511278,3.4817909394180115,LEP
GO_Biological_Process_2023,Vascular Associated Smooth Muscle Cell Differentiation (GO:0035886),1/8,0.3119299638999372,0.5340697718020556,0,0,2.988721804511278,3.4817909394180115,MYOCD
GO_Biological_Process_2023,Learning (GO:0007612),3/43,0.3129836515014754,0.534687621574463,0,0,1.5698076923076922,1.823495399199898,CLDN5;PTN;SLC8A2
GO_Biological_Process_2023,Positive Regulation Of Stress Fiber Assembly (GO:0051496),3/43,0.3129836515014754,0.534687621574463,0,0,1.5698076923076922,1.823495399199898,SFRP1;CCN2;FERMT2
GO_Biological_Process_2023,Regulation Of Filopodium Assembly (GO:0051489),3/43,0.3129836515014754,0.534687621574463,0,0,1.5698076923076922,1.823495399199898,DOCK11;CCL21;NEURL1
GO_Biological_Process_2023,Skeletal System Morphogenesis (GO:0048705),3/43,0.3129836515014754,0.534687621574463,0,0,1.5698076923076922,1.823495399199898,PDGFRA;SFRP4;CYP26B1
GO_Biological_Process_2023,Regulation Of T Cell Activation (GO:0050863),4/62,0.3137960281710641,0.535778948542077,0,0,1.4437236827130988,1.673293211491223,GPNMB;CD209;SPINK5;CTSG
GO_Biological_Process_2023,Bile Acid Biosynthetic Process (GO:0006699),2/25,0.317222961413206,0.5362909539334978,0,0,1.8196916909273133,2.0892797501513454,CYP39A1;SLC27A2
GO_Biological_Process_2023,Cardiac Conduction System Development (GO:0003161),2/25,0.317222961413206,0.5362909539334978,0,0,1.8196916909273133,2.0892797501513454,TBX18;CACNA1G
GO_Biological_Process_2023,fatty-acyl-CoA Biosynthetic Process (GO:0046949),2/25,0.317222961413206,0.5362909539334978,0,0,1.8196916909273133,2.0892797501513454,ACSL1;SLC27A2
GO_Biological_Process_2023,Inner Ear Morphogenesis (GO:0042472),2/25,0.317222961413206,0.5362909539334978,0,0,1.8196916909273133,2.0892797501513454,OTOP1;TBX18
GO_Biological_Process_2023,Negative Regulation Of Intrinsic Apoptotic Signaling Pathway In Response To DNA Damage (GO:1902230),2/25,0.317222961413206,0.5362909539334978,0,0,1.8196916909273133,2.0892797501513454,CXCL12;SNAI2
GO_Biological_Process_2023,Negative Regulation Of Protein Localization To Membrane (GO:1905476),2/25,0.317222961413206,0.5362909539334978,0,0,1.8196916909273133,2.0892797501513454,LRRC15;PID1
GO_Biological_Process_2023,Positive Regulation Of T Cell Migration (GO:2000406),2/25,0.317222961413206,0.5362909539334978,0,0,1.8196916909273133,2.0892797501513454,CXCL12;CCL21
GO_Biological_Process_2023,Positive Regulation Of Glucose Import (GO:0046326),2/25,0.317222961413206,0.5362909539334978,0,0,1.8196916909273133,2.0892797501513454,IGF1;SORBS1
GO_Biological_Process_2023,Proteoglycan Metabolic Process (GO:0006029),2/25,0.317222961413206,0.5362909539334978,0,0,1.8196916909273133,2.0892797501513454,IGF1;HS3ST4
GO_Biological_Process_2023,Purine Nucleoside Bisphosphate Metabolic Process (GO:0034032),2/25,0.317222961413206,0.5362909539334978,0,0,1.8196916909273133,2.0892797501513454,ACSM5;GLYAT
GO_Biological_Process_2023,Purine Ribonucleotide Catabolic Process (GO:0009154),2/25,0.317222961413206,0.5362909539334978,0,0,1.8196916909273133,2.0892797501513454,NT5E;PDE2A
GO_Biological_Process_2023,Regulation Of Biomineral Tissue Development (GO:0070167),2/25,0.317222961413206,0.5362909539334978,0,0,1.8196916909273133,2.0892797501513454,S1PR1;DDR2
GO_Biological_Process_2023,Regulation Of Chondrocyte Differentiation (GO:0032330),2/25,0.317222961413206,0.5362909539334978,0,0,1.8196916909273133,2.0892797501513454,ZBTB16;SNAI2
GO_Biological_Process_2023,Regulation Of Glycogen Biosynthetic Process (GO:0005979),2/25,0.317222961413206,0.5362909539334978,0,0,1.8196916909273133,2.0892797501513454,IGF1;SORBS1
GO_Biological_Process_2023,Regulation Of Hippo Signaling (GO:0035330),2/25,0.317222961413206,0.5362909539334978,0,0,1.8196916909273133,2.0892797501513454,SCHIP1;FRMD1
GO_Biological_Process_2023,Regulation Of Protein Processing (GO:0070613),2/25,0.317222961413206,0.5362909539334978,0,0,1.8196916909273133,2.0892797501513454,ANGPTL8;GAS1
GO_Biological_Process_2023,Ribonucleoside Bisphosphate Metabolic Process (GO:0033875),2/25,0.317222961413206,0.5362909539334978,0,0,1.8196916909273133,2.0892797501513454,ACSM5;GLYAT
GO_Biological_Process_2023,"Wound Healing, Spreading Of Cells (GO:0044319)",2/25,0.317222961413206,0.5362909539334978,0,0,1.8196916909273133,2.0892797501513454,PDPN;PLET1
GO_Biological_Process_2023,Regulation Of Protein Secretion (GO:0050708),6/102,0.3223565463060805,0.5446714058275155,0,0,1.308641124586549,1.4815087689053912,SNAP25;IL6;SAA1;ADTRP;IGF1;BMP6
GO_Biological_Process_2023,Positive Regulation Of Leukocyte Cell-Cell Adhesion (GO:1903039),3/44,0.3256450574705011,0.5493258428477796,0,0,1.531439292414902,1.7181941356435144,IL6;NR4A3;HAS2
GO_Biological_Process_2023,Regulation Of Transport (GO:0051049),3/44,0.3256450574705011,0.5493258428477796,0,0,1.531439292414902,1.7181941356435144,LEPR;CLDN19;SNCA
GO_Biological_Process_2023,Synaptic Vesicle Recycling (GO:0036465),3/44,0.3256450574705011,0.5493258428477796,0,0,1.531439292414902,1.7181941356435144,STON1;SYT8;SNCA
GO_Biological_Process_2023,Organonitrogen Compound Biosynthetic Process (GO:1901566),7/123,0.3304203620445988,0.5514726043247896,0,0,1.2635780619623962,1.3992732182140333,CERS3;CHAT;FMO1;DMD;CDO1;PCSK5;OTC
GO_Biological_Process_2023,Negative Regulation Of DNA-templated Transcription (GO:0045892),50/1025,0.332387679498026,0.5514726043247896,0,0,1.0762694238939894,1.1854604892390013,TCF23;RORB;LDB2;BACH2;SOX2;ZFP36;EDNRB;HOXA7;SOX7;TP63;ZNF366;EDN1;FST;ADIPOQ;EN1;NRG1;PROX1;SOX10;FOXP2;SFRP1;ZEB2;PPARG;ZFPM2;CRYAB;ATF3;MAGEL2;TMPRSS6;TWIST2;ASCL1;FOXO1;TCEAL7;ATOH8;NDN;RUNX1T1;SNCA;IL33;ZBTB16;CAV1;PDE2A;KLF4;BMP6;MLXIPL;BMP2;NR4A3;WT1;ID4;SNAI2;FOSB;INSM1;VSX2
GO_Biological_Process_2023,Camera-Type Eye Development (GO:0043010),2/26,0.3342095881006797,0.5514726043247896,0,0,1.7437797292352726,1.9111598679363504,WT1;FBN1
GO_Biological_Process_2023,Cellular Response To Xenobiotic Stimulus (GO:0071466),2/26,0.3342095881006797,0.5514726043247896,0,0,1.7437797292352726,1.9111598679363504,CRHBP;ADIPOQ
GO_Biological_Process_2023,Negative Regulation Of Interleukin-1 Beta Production (GO:0032691),2/26,0.3342095881006797,0.5514726043247896,0,0,1.7437797292352726,1.9111598679363504,IGF1;CX3CL1
GO_Biological_Process_2023,Negative Regulation Of Protein Polymerization (GO:0032272),2/26,0.3342095881006797,0.5514726043247896,0,0,1.7437797292352726,1.9111598679363504,SLIT2;SNCA
GO_Biological_Process_2023,Organelle Fusion (GO:0048284),2/26,0.3342095881006797,0.5514726043247896,0,0,1.7437797292352726,1.9111598679363504,CIDEA;CIDEC
GO_Biological_Process_2023,Plasma Membrane Invagination (GO:0099024),2/26,0.3342095881006797,0.5514726043247896,0,0,1.7437797292352726,1.9111598679363504,GSN;CD36
GO_Biological_Process_2023,Regulation Of Fatty Acid Biosynthetic Process (GO:0042304),2/26,0.3342095881006797,0.5514726043247896,0,0,1.7437797292352726,1.9111598679363504,MLXIPL;PDK4
GO_Biological_Process_2023,Regulation Of Keratinocyte Differentiation (GO:0045616),2/26,0.3342095881006797,0.5514726043247896,0,0,1.7437797292352726,1.9111598679363504,ZFP36;HOXA7
GO_Biological_Process_2023,Regulation Of Vascular Endothelial Growth Factor Production (GO:0010574),2/26,0.3342095881006797,0.5514726043247896,0,0,1.7437797292352726,1.9111598679363504,IL6;PTGS2
GO_Biological_Process_2023,Positive Regulation Of Cysteine-Type Endopeptidase Activity (GO:2001056),4/64,0.3347059745195921,0.5514726043247896,0,0,1.3954528786211955,1.527327111598197,GRIN2A;GPER1;SOX7;GRIN2B
GO_Biological_Process_2023,Cellular Response To Lipopolysaccharide (GO:0071222),7/124,0.3378576817750226,0.5514726043247896,0,0,1.2527122129771135,1.3593562701194135,ZFP36;IL6;IL36RN;CTSG;CXCL3;CXCL2;TLR4
GO_Biological_Process_2023,Organic Hydroxy Compound Transport (GO:0015850),3/45,0.3383045298949051,0.5514726043247896,0,0,1.4948979591836735,1.6201835828693334,SLC22A3;SLC10A6;AKR1C1
GO_Biological_Process_2023,Regulation Of Cellular Metabolic Process (GO:0031323),3/45,0.3383045298949051,0.5514726043247896,0,0,1.4948979591836735,1.6201835828693334,PID1;ANGPTL8;PDK4
GO_Biological_Process_2023,Regulation Of Protein Modification Process (GO:0031399),3/45,0.3383045298949051,0.5514726043247896,0,0,1.4948979591836735,1.6201835828693334,ROPN1B;IGF1;ROPN1
GO_Biological_Process_2023,Zymogen Activation (GO:0031638),3/45,0.3383045298949051,0.5514726043247896,0,0,1.4948979591836735,1.6201835828693334,GRIN2A;KLK1;MASP1
GO_Biological_Process_2023,B Cell Homeostasis (GO:0001782),1/9,0.343352881604226,0.5514726043247896,0,0,2.61499451754386,2.795420121017091,DOCK11
GO_Biological_Process_2023,I-kappaB Phosphorylation (GO:0007252),1/9,0.343352881604226,0.5514726043247896,0,0,2.61499451754386,2.795420121017091,TLR4
GO_Biological_Process_2023,NAD Biosynthesis Via Nicotinamide Riboside Salvage Pathway (GO:0034356),1/9,0.343352881604226,0.5514726043247896,0,0,2.61499451754386,2.795420121017091,PTGIS
GO_Biological_Process_2023,SNARE Complex Assembly (GO:0035493),1/9,0.343352881604226,0.5514726043247896,0,0,2.61499451754386,2.795420121017091,SNCA
GO_Biological_Process_2023,T-helper 1 Type Immune Response (GO:0042088),1/9,0.343352881604226,0.5514726043247896,0,0,2.61499451754386,2.795420121017091,TLR4
GO_Biological_Process_2023,Alpha-Linolenic Acid Metabolic Process (GO:0036109),1/9,0.343352881604226,0.5514726043247896,0,0,2.61499451754386,2.795420121017091,RAPSN
GO_Biological_Process_2023,Apical Protein Localization (GO:0045176),1/9,0.343352881604226,0.5514726043247896,0,0,2.61499451754386,2.795420121017091,MAL
GO_Biological_Process_2023,Arachidonate Transport (GO:1903963),1/9,0.343352881604226,0.5514726043247896,0,0,2.61499451754386,2.795420121017091,ANXA1
GO_Biological_Process_2023,Arachidonic Acid Secretion (GO:0050482),1/9,0.343352881604226,0.5514726043247896,0,0,2.61499451754386,2.795420121017091,ANXA1
GO_Biological_Process_2023,Axon Regeneration (GO:0031103),1/9,0.343352881604226,0.5514726043247896,0,0,2.61499451754386,2.795420121017091,FOLR1
GO_Biological_Process_2023,Biomineral Tissue Development (GO:0031214),1/9,0.343352881604226,0.5514726043247896,0,0,2.61499451754386,2.795420121017091,DDR2
GO_Biological_Process_2023,cGMP Biosynthetic Process (GO:0006182),1/9,0.343352881604226,0.5514726043247896,0,0,2.61499451754386,2.795420121017091,NPR1
GO_Biological_Process_2023,Calcium Import Into The Mitochondrion (GO:0036444),1/9,0.343352881604226,0.5514726043247896,0,0,2.61499451754386,2.795420121017091,MICU3
GO_Biological_Process_2023,Calcium Ion Transport Into Cytosol (GO:0060402),1/9,0.343352881604226,0.5514726043247896,0,0,2.61499451754386,2.795420121017091,JPH2
GO_Biological_Process_2023,Carnitine Metabolic Process (GO:0009437),1/9,0.343352881604226,0.5514726043247896,0,0,2.61499451754386,2.795420121017091,BBOX1
GO_Biological_Process_2023,Dopamine Transport (GO:0015872),1/9,0.343352881604226,0.5514726043247896,0,0,2.61499451754386,2.795420121017091,SLC22A3
GO_Biological_Process_2023,Ectoderm Development (GO:0007398),1/9,0.343352881604226,0.5514726043247896,0,0,2.61499451754386,2.795420121017091,KRT6B
GO_Biological_Process_2023,Glucan Biosynthetic Process (GO:0009250),1/9,0.343352881604226,0.5514726043247896,0,0,2.61499451754386,2.795420121017091,GYG2
GO_Biological_Process_2023,Glycogen Biosynthetic Process (GO:0005978),1/9,0.343352881604226,0.5514726043247896,0,0,2.61499451754386,2.795420121017091,GYG2
GO_Biological_Process_2023,Granulocyte Migration (GO:0097530),1/9,0.343352881604226,0.5514726043247896,0,0,2.61499451754386,2.795420121017091,ANXA1
GO_Biological_Process_2023,Histone Methylation (GO:0016571),1/9,0.343352881604226,0.5514726043247896,0,0,2.61499451754386,2.795420121017091,SMYD1
GO_Biological_Process_2023,Iron Ion Transmembrane Transport (GO:0034755),1/9,0.343352881604226,0.5514726043247896,0,0,2.61499451754386,2.795420121017091,SCARA5
GO_Biological_Process_2023,Leukotriene D4 Biosynthetic Process (GO:1901750),1/9,0.343352881604226,0.5514726043247896,0,0,2.61499451754386,2.795420121017091,GGTA1
GO_Biological_Process_2023,Lipid Phosphorylation (GO:0046834),1/9,0.343352881604226,0.5514726043247896,0,0,2.61499451754386,2.795420121017091,DGKI
GO_Biological_Process_2023,Lung Epithelium Development (GO:0060428),1/9,0.343352881604226,0.5514726043247896,0,0,2.61499451754386,2.795420121017091,FGF10
GO_Biological_Process_2023,Mesenchymal To Epithelial Transition (GO:0060231),1/9,0.343352881604226,0.5514726043247896,0,0,2.61499451754386,2.795420121017091,WT1
GO_Biological_Process_2023,Mitochondrion Morphogenesis (GO:0070584),1/9,0.343352881604226,0.5514726043247896,0,0,2.61499451754386,2.795420121017091,PID1
GO_Biological_Process_2023,Mitotic DNA Replication Checkpoint Signaling (GO:0033314),1/9,0.343352881604226,0.5514726043247896,0,0,2.61499451754386,2.795420121017091,HUS1B
GO_Biological_Process_2023,Muscle Cell Fate Commitment (GO:0042693),1/9,0.343352881604226,0.5514726043247896,0,0,2.61499451754386,2.795420121017091,WT1
GO_Biological_Process_2023,Myelin Maintenance (GO:0043217),1/9,0.343352881604226,0.5514726043247896,0,0,2.61499451754386,2.795420121017091,ABCD2
GO_Biological_Process_2023,Myeloid Dendritic Cell Differentiation (GO:0043011),1/9,0.343352881604226,0.5514726043247896,0,0,2.61499451754386,2.795420121017091,TGFBR2
GO_Biological_Process_2023,Negative Regulation Of Extracellular Matrix Organization (GO:1903054),1/9,0.343352881604226,0.5514726043247896,0,0,2.61499451754386,2.795420121017091,DPP4
GO_Biological_Process_2023,Negative Regulation Of Heterotypic Cell-Cell Adhesion (GO:0034115),1/9,0.343352881604226,0.5514726043247896,0,0,2.61499451754386,2.795420121017091,KLF4
GO_Biological_Process_2023,Negative Regulation Of Lymphocyte Apoptotic Process (GO:0070229),1/9,0.343352881604226,0.5514726043247896,0,0,2.61499451754386,2.795420121017091,PIP
GO_Biological_Process_2023,Negative Regulation Of Potassium Ion Transmembrane Transporter Activity (GO:1901017),1/9,0.343352881604226,0.5514726043247896,0,0,2.61499451754386,2.795420121017091,CASQ2
GO_Biological_Process_2023,Negative Regulation Of Protein Autophosphorylation (GO:0031953),1/9,0.343352881604226,0.5514726043247896,0,0,2.61499451754386,2.795420121017091,CAV1
GO_Biological_Process_2023,Negative Regulation Of Protein Maturation (GO:1903318),1/9,0.343352881604226,0.5514726043247896,0,0,2.61499451754386,2.795420121017091,GAS1
GO_Biological_Process_2023,Negative Regulation Of Receptor Binding (GO:1900121),1/9,0.343352881604226,0.5514726043247896,0,0,2.61499451754386,2.795420121017091,ADIPOQ
GO_Biological_Process_2023,Negative Regulation Of Toll-Like Receptor 4 Signaling Pathway (GO:0034144),1/9,0.343352881604226,0.5514726043247896,0,0,2.61499451754386,2.795420121017091,RAB7B
GO_Biological_Process_2023,Negative Regulation Of Tyrosine Phosphorylation Of STAT Protein (GO:0042532),1/9,0.343352881604226,0.5514726043247896,0,0,2.61499451754386,2.795420121017091,SOCS3
GO_Biological_Process_2023,Nerve Growth Factor Signaling Pathway (GO:0038180),1/9,0.343352881604226,0.5514726043247896,0,0,2.61499451754386,2.795420121017091,NTF4
GO_Biological_Process_2023,Neuron Remodeling (GO:0016322),1/9,0.343352881604226,0.5514726043247896,0,0,2.61499451754386,2.795420121017091,CX3CL1
GO_Biological_Process_2023,Ornithine Metabolic Process (GO:0006591),1/9,0.343352881604226,0.5514726043247896,0,0,2.61499451754386,2.795420121017091,OTC
GO_Biological_Process_2023,Phosphatidylglycerol Biosynthetic Process (GO:0006655),1/9,0.343352881604226,0.5514726043247896,0,0,2.61499451754386,2.795420121017091,GPAM
GO_Biological_Process_2023,Positive Regulation Of ATP Metabolic Process (GO:1903580),1/9,0.343352881604226,0.5514726043247896,0,0,2.61499451754386,2.795420121017091,PID1
GO_Biological_Process_2023,Positive Regulation Of Epidermis Development (GO:0045684),1/9,0.343352881604226,0.5514726043247896,0,0,2.61499451754386,2.795420121017091,SFRP4
GO_Biological_Process_2023,Positive Regulation Of Leukocyte Apoptotic Process (GO:2000108),1/9,0.343352881604226,0.5514726043247896,0,0,2.61499451754386,2.795420121017091,HCAR2
GO_Biological_Process_2023,Positive Regulation Of Mesenchymal Cell Proliferation (GO:0002053),1/9,0.343352881604226,0.5514726043247896,0,0,2.61499451754386,2.795420121017091,TGFBR2
GO_Biological_Process_2023,Positive Regulation Of miRNA-mediated Gene Silencing (GO:2000637),1/9,0.343352881604226,0.5514726043247896,0,0,2.61499451754386,2.795420121017091,ZFP36
GO_Biological_Process_2023,Positive Regulation Of Monocyte Differentiation (GO:0045657),1/9,0.343352881604226,0.5514726043247896,0,0,2.61499451754386,2.795420121017091,IL34
GO_Biological_Process_2023,Positive Regulation Of Receptor Recycling (GO:0001921),1/9,0.343352881604226,0.5514726043247896,0,0,2.61499451754386,2.795420121017091,SNCA
GO_Biological_Process_2023,Positive Regulation Of Sodium Ion Transmembrane Transport (GO:1902307),1/9,0.343352881604226,0.5514726043247896,0,0,2.61499451754386,2.795420121017091,DMD
GO_Biological_Process_2023,Positive Regulation Of Tissue Remodeling (GO:0034105),1/9,0.343352881604226,0.5514726043247896,0,0,2.61499451754386,2.795420121017091,NRG1
GO_Biological_Process_2023,Primary Alcohol Catabolic Process (GO:0034310),1/9,0.343352881604226,0.5514726043247896,0,0,2.61499451754386,2.795420121017091,AKR1C3
GO_Biological_Process_2023,Receptor Guanylyl Cyclase Signaling Pathway (GO:0007168),1/9,0.343352881604226,0.5514726043247896,0,0,2.61499451754386,2.795420121017091,NPR1
GO_Biological_Process_2023,"Regulation Of CD4-positive, Alpha-Beta T Cell Proliferation (GO:2000561)",1/9,0.343352881604226,0.5514726043247896,0,0,2.61499451754386,2.795420121017091,TGFBR2
GO_Biological_Process_2023,Regulation Of Actin Filament Length (GO:0030832),1/9,0.343352881604226,0.5514726043247896,0,0,2.61499451754386,2.795420121017091,CXCL12
GO_Biological_Process_2023,Regulation Of Animal Organ Morphogenesis (GO:2000027),1/9,0.343352881604226,0.5514726043247896,0,0,2.61499451754386,2.795420121017091,WT1
GO_Biological_Process_2023,Regulation Of Bile Acid Biosynthetic Process (GO:0070857),1/9,0.343352881604226,0.5514726043247896,0,0,2.61499451754386,2.795420121017091,PROX1
GO_Biological_Process_2023,Regulation Of Cardiac Muscle Cell Differentiation (GO:2000725),1/9,0.343352881604226,0.5514726043247896,0,0,2.61499451754386,2.795420121017091,MYOCD
GO_Biological_Process_2023,Regulation Of Cell-Cell Adhesion Involved In Gastrulation (GO:0070587),1/9,0.343352881604226,0.5514726043247896,0,0,2.61499451754386,2.795420121017091,KLF4
GO_Biological_Process_2023,Regulation Of Cell-Cell Adhesion Mediated By Integrin (GO:0033632),1/9,0.343352881604226,0.5514726043247896,0,0,2.61499451754386,2.795420121017091,DPP4
GO_Biological_Process_2023,Regulation Of Cellular Extravasation (GO:0002691),1/9,0.343352881604226,0.5514726043247896,0,0,2.61499451754386,2.795420121017091,LYVE1
GO_Biological_Process_2023,Regulation Of Inflammatory Response To Wounding (GO:0106014),1/9,0.343352881604226,0.5514726043247896,0,0,2.61499451754386,2.795420121017091,IL33
GO_Biological_Process_2023,Regulation Of Long-Term Synaptic Depression (GO:1900452),1/9,0.343352881604226,0.5514726043247896,0,0,2.61499451754386,2.795420121017091,KCNB1
GO_Biological_Process_2023,Regulation Of Mast Cell Activation (GO:0033003),1/9,0.343352881604226,0.5514726043247896,0,0,2.61499451754386,2.795420121017091,TSLP
GO_Biological_Process_2023,Regulation Of Memory T Cell Differentiation (GO:0043380),1/9,0.343352881604226,0.5514726043247896,0,0,2.61499451754386,2.795420121017091,PCK1
GO_Biological_Process_2023,Regulation Of Myeloid Leukocyte Mediated Immunity (GO:0002886),1/9,0.343352881604226,0.5514726043247896,0,0,2.61499451754386,2.795420121017091,DNASE1L3
GO_Biological_Process_2023,Regulation Of Natural Killer Cell Proliferation (GO:0032817),1/9,0.343352881604226,0.5514726043247896,0,0,2.61499451754386,2.795420121017091,LEP
GO_Biological_Process_2023,Regulation Of Tau-Protein Kinase Activity (GO:1902947),1/9,0.343352881604226,0.5514726043247896,0,0,2.61499451754386,2.795420121017091,EGR1
GO_Biological_Process_2023,Regulation Of Transmembrane Transporter Activity (GO:0022898),1/9,0.343352881604226,0.5514726043247896,0,0,2.61499451754386,2.795420121017091,SNCA
GO_Biological_Process_2023,Response To Laminar Fluid Shear Stress (GO:0034616),1/9,0.343352881604226,0.5514726043247896,0,0,2.61499451754386,2.795420121017091,KLF4
GO_Biological_Process_2023,Serotonin Transport (GO:0006837),1/9,0.343352881604226,0.5514726043247896,0,0,2.61499451754386,2.795420121017091,SLC22A3
GO_Biological_Process_2023,Synaptic Vesicle Fusion To Presynaptic Active Zone Membrane (GO:0031629),1/9,0.343352881604226,0.5514726043247896,0,0,2.61499451754386,2.795420121017091,SNAP25
GO_Biological_Process_2023,"Wound Healing, Spreading Of Epidermal Cells (GO:0035313)",1/9,0.343352881604226,0.5514726043247896,0,0,2.61499451754386,2.795420121017091,PLET1
GO_Biological_Process_2023,Apoptotic Process (GO:0006915),12/228,0.3483615890412352,0.5592263262456023,0,0,1.1635836724626958,1.227015609845987,NGFR;PLAGL1;ZBTB16;EMP1;PAX3;MAL;NSG1;SCN2A;TP63;CIDEC;FOXO1;TGFBR2
GO_Biological_Process_2023,Amino Acid Transport (GO:0006865),3/46,0.3509486588231921,0.5609487117368157,0,0,1.4600562228469205,1.52884726437127,SLC7A10;SLC7A3;SLC38A4
GO_Biological_Process_2023,Myofibril Assembly (GO:0030239),3/46,0.3509486588231921,0.5609487117368157,0,0,1.4600562228469205,1.52884726437127,PDGFRA;LMOD1;PGM5
GO_Biological_Process_2023,Cell Surface Receptor Signaling Pathway Involved In Cell-Cell Signaling (GO:1905114),2/27,0.3510699420393676,0.5609487117368157,0,0,1.6739407244785949,1.7522306146117097,BMP2;FERMT2
GO_Biological_Process_2023,Cellular Response To Epidermal Growth Factor Stimulus (GO:0071364),2/27,0.3510699420393676,0.5609487117368157,0,0,1.6739407244785949,1.7522306146117097,ZFP36;SNAI2
GO_Biological_Process_2023,Dorsal/Ventral Pattern Formation (GO:0009953),2/27,0.3510699420393676,0.5609487117368157,0,0,1.6739407244785949,1.7522306146117097,SFRP1;TLL1
GO_Biological_Process_2023,Negative Regulation Of Neurogenesis (GO:0050768),2/27,0.3510699420393676,0.5609487117368157,0,0,1.6739407244785949,1.7522306146117097,IL6;PTN
GO_Biological_Process_2023,Regulation Of Immunoglobulin Production (GO:0002637),2/27,0.3510699420393676,0.5609487117368157,0,0,1.6739407244785949,1.7522306146117097,IL6;CR1
GO_Biological_Process_2023,Regulation Of Mitochondrial Fission (GO:0090140),2/27,0.3510699420393676,0.5609487117368157,0,0,1.6739407244785949,1.7522306146117097,PPARG;DCN
GO_Biological_Process_2023,Regulation Of Peptidase Activity (GO:0052547),2/27,0.3510699420393676,0.5609487117368157,0,0,1.6739407244785949,1.7522306146117097,CTSK;CAV1
GO_Biological_Process_2023,Negative Regulation Of Immune Response (GO:0050777),4/66,0.3556723282155158,0.568008524160009,0,0,1.350296319954576,1.3958626071531557,FCRLB;COL3A1;CR1;SPINK5
GO_Biological_Process_2023,Cognition (GO:0050890),3/47,0.3635646761743788,0.5774086092084632,0,0,1.4267982017982015,1.44363166918983,LHCGR;FAM107A;SLC8A2
GO_Biological_Process_2023,Epithelial To Mesenchymal Transition (GO:0001837),3/47,0.3635646761743788,0.5774086092084632,0,0,1.4267982017982015,1.44363166918983,BMP2;SNAI2;IGF1
GO_Biological_Process_2023,Regulation Of Interleukin-2 Production (GO:0032663),3/47,0.3635646761743788,0.5774086092084632,0,0,1.4267982017982015,1.44363166918983,ZFP36;CR1;CD34
GO_Biological_Process_2023,Response To Organonitrogen Compound (GO:0010243),3/47,0.3635646761743788,0.5774086092084632,0,0,1.4267982017982015,1.44363166918983,IL6;SEL1L2;GPIHBP1
GO_Biological_Process_2023,Negative Regulation Of Intracellular Signal Transduction (GO:1902532),12/231,0.364958821536996,0.5774086092084632,0,0,1.1474617244157936,1.1566078543485612,PDE11A;LRP1;CILP;DUSP1;CAV1;GPER1;PDE2A;ADIPOQ;PDE3B;CCN3;PPARG;SLIT2
GO_Biological_Process_2023,Activation Of Cysteine-Type Endopeptidase Activity Involved In Apoptotic Process (GO:0006919),4/67,0.3661569545025117,0.5774086092084632,0,0,1.3287931967799955,1.3350294890997658,NGFR;CNTN1;PPARG;SNCA
GO_Biological_Process_2023,Cholesterol Metabolic Process (GO:0008203),4/67,0.3661569545025117,0.5774086092084632,0,0,1.3287931967799955,1.3350294890997658,CH25H;CYP11A1;APOB;CES1
GO_Biological_Process_2023,Negative Regulation Of Cellular Catabolic Process (GO:0031330),4/67,0.3661569545025117,0.5774086092084632,0,0,1.3287931967799955,1.3350294890997658,LEP;LEPR;TIMP2;TIMP4
GO_Biological_Process_2023,Cellular Response To Osmotic Stress (GO:0071470),2/28,0.3677801658804538,0.5774086092084632,0,0,1.6094739508570464,1.6099083392460456,SCN2A;MYLK
GO_Biological_Process_2023,Fatty Acid Derivative Biosynthetic Process (GO:1901570),2/28,0.3677801658804538,0.5774086092084632,0,0,1.6094739508570464,1.6099083392460456,SLC27A2;GGTA1
GO_Biological_Process_2023,Limb Development (GO:0060173),2/28,0.3677801658804538,0.5774086092084632,0,0,1.6094739508570464,1.6099083392460456,PCSK5;FGF10
GO_Biological_Process_2023,Membrane Fusion (GO:0061025),2/28,0.3677801658804538,0.5774086092084632,0,0,1.6094739508570464,1.6099083392460456,DPP4;MYMX
GO_Biological_Process_2023,Regulation Of Calcium Ion-Dependent Exocytosis (GO:0017158),2/28,0.3677801658804538,0.5774086092084632,0,0,1.6094739508570464,1.6099083392460456,KCNB1;SYT8
GO_Biological_Process_2023,Regulation Of Monoatomic Ion Transport (GO:0043269),2/28,0.3677801658804538,0.5774086092084632,0,0,1.6094739508570464,1.6099083392460456,KCNJ16;KCNJ3
GO_Biological_Process_2023,Sterol Biosynthetic Process (GO:0016126),2/28,0.3677801658804538,0.5774086092084632,0,0,1.6094739508570464,1.6099083392460456,CH25H;CES1
GO_Biological_Process_2023,Notch Signaling Involved In Heart Development (GO:0061314),1/10,0.3733422688630037,0.5774086092084632,0,0,2.324317738791423,2.2900565264211914,SNAI2
GO_Biological_Process_2023,Actin Filament Depolymerization (GO:0030042),1/10,0.3733422688630037,0.5774086092084632,0,0,2.324317738791423,2.2900565264211914,GSN
GO_Biological_Process_2023,Alpha-Amino Acid Biosynthetic Process (GO:1901607),1/10,0.3733422688630037,0.5774086092084632,0,0,2.324317738791423,2.2900565264211914,OTC
GO_Biological_Process_2023,Angiogenesis Involved In Wound Healing (GO:0060055),1/10,0.3733422688630037,0.5774086092084632,0,0,2.324317738791423,2.2900565264211914,CD34
GO_Biological_Process_2023,Aromatic Amino Acid Family Catabolic Process (GO:0009074),1/10,0.3733422688630037,0.5774086092084632,0,0,2.324317738791423,2.2900565264211914,TAT
GO_Biological_Process_2023,Engulfment Of Apoptotic Cell (GO:0043652),1/10,0.3733422688630037,0.5774086092084632,0,0,2.324317738791423,2.2900565264211914,XKR7
GO_Biological_Process_2023,Epithelial Cell Apoptotic Process (GO:1904019),1/10,0.3733422688630037,0.5774086092084632,0,0,2.324317738791423,2.2900565264211914,GSN
GO_Biological_Process_2023,Fatty Acid Beta-Oxidation Using acyl-CoA Dehydrogenase (GO:0033539),1/10,0.3733422688630037,0.5774086092084632,0,0,2.324317738791423,2.2900565264211914,ACADL
GO_Biological_Process_2023,Glycine Transport (GO:0015816),1/10,0.3733422688630037,0.5774086092084632,0,0,2.324317738791423,2.2900565264211914,SLC6A2
GO_Biological_Process_2023,Hematopoietic Stem Cell Proliferation (GO:0071425),1/10,0.3733422688630037,0.5774086092084632,0,0,2.324317738791423,2.2900565264211914,CD34
GO_Biological_Process_2023,Insulin-Like Growth Factor Receptor Signaling Pathway (GO:0048009),1/10,0.3733422688630037,0.5774086092084632,0,0,2.324317738791423,2.2900565264211914,IGF1
GO_Biological_Process_2023,Megakaryocyte Development (GO:0035855),1/10,0.3733422688630037,0.5774086092084632,0,0,2.324317738791423,2.2900565264211914,KIT
GO_Biological_Process_2023,Metanephric Mesenchyme Development (GO:0072075),1/10,0.3733422688630037,0.5774086092084632,0,0,2.324317738791423,2.2900565264211914,WT1
GO_Biological_Process_2023,Negative Regulation Of Adenylate Cyclase Activity (GO:0007194),1/10,0.3733422688630037,0.5774086092084632,0,0,2.324317738791423,2.2900565264211914,EDNRB
GO_Biological_Process_2023,Negative Regulation Of Exocytosis (GO:0045920),1/10,0.3733422688630037,0.5774086092084632,0,0,2.324317738791423,2.2900565264211914,SNCA
GO_Biological_Process_2023,Negative Regulation Of Hemostasis (GO:1900047),1/10,0.3733422688630037,0.5774086092084632,0,0,2.324317738791423,2.2900565264211914,EDN1
GO_Biological_Process_2023,Negative Regulation Of Intracellular Estrogen Receptor Signaling Pathway (GO:0033147),1/10,0.3733422688630037,0.5774086092084632,0,0,2.324317738791423,2.2900565264211914,ZNF366
GO_Biological_Process_2023,Negative Regulation Of Oxidoreductase Activity (GO:0051354),1/10,0.3733422688630037,0.5774086092084632,0,0,2.324317738791423,2.2900565264211914,SNCA
GO_Biological_Process_2023,Neuron Projection Maintenance (GO:1990535),1/10,0.3733422688630037,0.5774086092084632,0,0,2.324317738791423,2.2900565264211914,ABCD2
GO_Biological_Process_2023,Omega-Hydroxylase P450 Pathway (GO:0097267),1/10,0.3733422688630037,0.5774086092084632,0,0,2.324317738791423,2.2900565264211914,CYP2C8
GO_Biological_Process_2023,Oxygen Transport (GO:0015671),1/10,0.3733422688630037,0.5774086092084632,0,0,2.324317738791423,2.2900565264211914,HBB
GO_Biological_Process_2023,Positive Regulation Of Actin Nucleation (GO:0051127),1/10,0.3733422688630037,0.5774086092084632,0,0,2.324317738791423,2.2900565264211914,GSN
GO_Biological_Process_2023,Positive Regulation Of Chondrocyte Differentiation (GO:0032332),1/10,0.3733422688630037,0.5774086092084632,0,0,2.324317738791423,2.2900565264211914,ZBTB16
GO_Biological_Process_2023,Positive Regulation Of Dendrite Development (GO:1900006),1/10,0.3733422688630037,0.5774086092084632,0,0,2.324317738791423,2.2900565264211914,PTN
GO_Biological_Process_2023,Positive Regulation Of Interleukin-13 Production (GO:0032736),1/10,0.3733422688630037,0.5774086092084632,0,0,2.324317738791423,2.2900565264211914,TSLP
GO_Biological_Process_2023,Positive Regulation Of Macrophage Differentiation (GO:0045651),1/10,0.3733422688630037,0.5774086092084632,0,0,2.324317738791423,2.2900565264211914,IL34
GO_Biological_Process_2023,Positive Regulation Of Post-Transcriptional Gene Silencing By RNA (GO:1900370),1/10,0.3733422688630037,0.5774086092084632,0,0,2.324317738791423,2.2900565264211914,ZFP36
GO_Biological_Process_2023,Positive Regulation Of Voltage-Gated Potassium Channel Activity (GO:1903818),1/10,0.3733422688630037,0.5774086092084632,0,0,2.324317738791423,2.2900565264211914,KCNIP2
GO_Biological_Process_2023,Prostaglandin Transport (GO:0015732),1/10,0.3733422688630037,0.5774086092084632,0,0,2.324317738791423,2.2900565264211914,LEP
GO_Biological_Process_2023,Protein Kinase C Signaling (GO:0070528),1/10,0.3733422688630037,0.5774086092084632,0,0,2.324317738791423,2.2900565264211914,HTR2B
GO_Biological_Process_2023,Protein Kinase C-activating G Protein-Coupled Receptor Signaling Pathway (GO:0007205),1/10,0.3733422688630037,0.5774086092084632,0,0,2.324317738791423,2.2900565264211914,HTR2B
GO_Biological_Process_2023,Protein Oxidation (GO:0018158),1/10,0.3733422688630037,0.5774086092084632,0,0,2.324317738791423,2.2900565264211914,LOX
GO_Biological_Process_2023,Regulation Of T-helper 2 Cell Cytokine Production (GO:2000551),1/10,0.3733422688630037,0.5774086092084632,0,0,2.324317738791423,2.2900565264211914,IL6
GO_Biological_Process_2023,Regulation Of Amyloid Precursor Protein Biosynthetic Process (GO:0042984),1/10,0.3733422688630037,0.5774086092084632,0,0,2.324317738791423,2.2900565264211914,ITM2A
GO_Biological_Process_2023,Regulation Of Axon Regeneration (GO:0048679),1/10,0.3733422688630037,0.5774086092084632,0,0,2.324317738791423,2.2900565264211914,PTN
GO_Biological_Process_2023,Regulation Of Coagulation (GO:0050818),1/10,0.3733422688630037,0.5774086092084632,0,0,2.324317738791423,2.2900565264211914,NRG1
GO_Biological_Process_2023,Regulation Of Cysteine-Type Endopeptidase Activity Involved In Apoptotic Signaling Pathway (GO:2001267),1/10,0.3733422688630037,0.5774086092084632,0,0,2.324317738791423,2.2900565264211914,GSN
GO_Biological_Process_2023,Regulation Of Lipid Transport (GO:0032368),1/10,0.3733422688630037,0.5774086092084632,0,0,2.324317738791423,2.2900565264211914,LRP1
GO_Biological_Process_2023,Regulation Of Melanin Biosynthetic Process (GO:0048021),1/10,0.3733422688630037,0.5774086092084632,0,0,2.324317738791423,2.2900565264211914,ZEB2
GO_Biological_Process_2023,Regulation Of Mitochondrial Depolarization (GO:0051900),1/10,0.3733422688630037,0.5774086092084632,0,0,2.324317738791423,2.2900565264211914,DCN
GO_Biological_Process_2023,Regulation Of Respiratory Burst (GO:0060263),1/10,0.3733422688630037,0.5774086092084632,0,0,2.324317738791423,2.2900565264211914,JCHAIN
GO_Biological_Process_2023,Regulation Of Toll-Like Receptor 9 Signaling Pathway (GO:0034163),1/10,0.3733422688630037,0.5774086092084632,0,0,2.324317738791423,2.2900565264211914,RAB7B
GO_Biological_Process_2023,Removal Of Superoxide Radicals (GO:0019430),1/10,0.3733422688630037,0.5774086092084632,0,0,2.324317738791423,2.2900565264211914,SOD3
GO_Biological_Process_2023,Response To Sterol (GO:0036314),1/10,0.3733422688630037,0.5774086092084632,0,0,2.324317738791423,2.2900565264211914,TGFBR2
GO_Biological_Process_2023,Sarcoplasmic Reticulum Calcium Ion Transport (GO:0070296),1/10,0.3733422688630037,0.5774086092084632,0,0,2.324317738791423,2.2900565264211914,RYR3
GO_Biological_Process_2023,Steroid Hormone Mediated Signaling Pathway (GO:0043401),1/10,0.3733422688630037,0.5774086092084632,0,0,2.324317738791423,2.2900565264211914,GPER1
GO_Biological_Process_2023,Urogenital System Development (GO:0001655),1/10,0.3733422688630037,0.5774086092084632,0,0,2.324317738791423,2.2900565264211914,ANXA1
GO_Biological_Process_2023,Very-Low-Density Lipoprotein Particle Assembly (GO:0034379),1/10,0.3733422688630037,0.5774086092084632,0,0,2.324317738791423,2.2900565264211914,APOB
GO_Biological_Process_2023,Protein Homooligomerization (GO:0051260),7/129,0.3753135646588699,0.5801667371567009,0,0,1.2010548981290483,1.1770259092183435,ALDH1A3;PRMT8;SCARA5;KCNC2;ALDH1A2;ACACB;RYR3
GO_Biological_Process_2023,Cellular Response To Mechanical Stimulus (GO:0071260),3/48,0.3761404520453947,0.5805727877320669,0,0,1.395018315018315,1.3640386727124072,PDE2A;TLR4;AQP1
GO_Biological_Process_2023,Cellular Response To Radiation (GO:0071478),3/48,0.3761404520453947,0.5805727877320669,0,0,1.395018315018315,1.3640386727124072,TRPM1;RGR;SLC6A2
GO_Biological_Process_2023,Regulation Of DNA Binding (GO:0051101),3/48,0.3761404520453947,0.5805727877320669,0,0,1.395018315018315,1.3640386727124072,PPARG;IGF1;MMP8
GO_Biological_Process_2023,Cellular Response To Salt (GO:1902075),6/109,0.3796337206236356,0.5856718118766433,0,0,1.2192547714111388,1.1809072387797177,P2RY12;CRHBP;EGR1;AKR1C3;SYT8;RYR3
GO_Biological_Process_2023,Alpha-Amino Acid Catabolic Process (GO:1901606),2/29,0.3843188388398283,0.5908327965630229,0,0,1.5497824938000568,1.482030282789959,TAT;OTC
GO_Biological_Process_2023,Chondrocyte Differentiation (GO:0002062),2/29,0.3843188388398283,0.5908327965630229,0,0,1.5497824938000568,1.482030282789959,BMP2;CCN3
GO_Biological_Process_2023,Lipid Droplet Organization (GO:0034389),2/29,0.3843188388398283,0.5908327965630229,0,0,1.5497824938000568,1.482030282789959,CIDEA;CIDEC
GO_Biological_Process_2023,mRNA Splice Site Recognition (GO:0006376),2/29,0.3843188388398283,0.5908327965630229,0,0,1.5497824938000568,1.482030282789959,CELF2;CELF3
GO_Biological_Process_2023,Peptidyl-Tyrosine Dephosphorylation (GO:0035335),2/29,0.3843188388398283,0.5908327965630229,0,0,1.5497824938000568,1.482030282789959,PTPRB;DUSP1
GO_Biological_Process_2023,Positive Regulation Of Calcium Ion Transport (GO:0051928),2/29,0.3843188388398283,0.5908327965630229,0,0,1.5497824938000568,1.482030282789959,CXCL12;MYLK
GO_Biological_Process_2023,Positive Regulation Of Endopeptidase Activity (GO:0010950),2/29,0.3843188388398283,0.5908327965630229,0,0,1.5497824938000568,1.482030282789959,CR1;GRIN2B
GO_Biological_Process_2023,Generation Of Neurons (GO:0048699),9/172,0.3861394245214174,0.5933361888987634,0,0,1.1558445083880775,1.099851668540693,EMX2;RELN;IRX6;SEMA3A;EN1;INSM1;ASCL1;ASTN1;ADGRL3
GO_Biological_Process_2023,Regulation Of Cell Differentiation (GO:0045595),10/193,0.3868644390893949,0.5941544892880408,0,0,1.14397061404305,1.0864070811074196,NTF4;ALK;TNXB;RELN;EDN3;SNAI2;CCN2;INSM1;KLF4;KLK6
GO_Biological_Process_2023,Cellular Response To Calcium Ion (GO:0071277),4/69,0.3870917599056339,0.5942079874831884,0,0,1.2877718541084875,1.2222159069807128,CRHBP;AKR1C3;SYT8;RYR3
GO_Biological_Process_2023,Negative Regulation Of T Cell Activation (GO:0050868),3/49,0.3886644884149907,0.5954378539638095,0,0,1.3646201624462495,1.28961900783815,CR1;GPNMB;CTSG
GO_Biological_Process_2023,Negative Regulation Of Cysteine-Type Endopeptidase Activity Involved In Apoptotic Process (GO:0043154),3/49,0.3886644884149907,0.5954378539638095,0,0,1.3646201624462495,1.28961900783815,KLF4;AQP1;SNCA
GO_Biological_Process_2023,Positive Regulation Of Nervous System Development (GO:0051962),3/49,0.3886644884149907,0.5954378539638095,0,0,1.3646201624462495,1.28961900783815,MME;GPER1;SERPINF1
GO_Biological_Process_2023,Regulation Of Cell Communication (GO:0010646),3/49,0.3886644884149907,0.5954378539638095,0,0,1.3646201624462495,1.28961900783815,ANXA1;CASQ2;TBX18
GO_Biological_Process_2023,Positive Regulation Of DNA-templated Transcription (GO:0045893),59/1243,0.3958998443289401,0.5965678784086113,0,0,1.0446438461295018,0.9679607388457596,CSF3;PID1;CSRNP3;RORB;LDB2;FGF1;MEOX2;FGF2;CX3CL1;SOX2;FGF7;SOX17;GPER1;HOXA7;TP63;HOXA5;MYOCD;EDN1;PAX3;FOS;PROX1;SOX10;KLF15;DCN;SFRP1;ZEB2;TAL1;PPARG;ERG;ZFPM2;TLR4;ATF3;CREB5;BEX1;TMPRSS6;BHLHE22;ASCL1;FOXO1;PLAGL1;ATOH8;HAS3;CYTL1;ASIC2;NGFR;EGR1;IL33;EGR2;PRRX1;IRX6;ZBTB16;IGF1;KLF4;BMP6;MLXIPL;NR4A1;BMP2;IL6;NR4A3;WT1
GO_Biological_Process_2023,Cytoskeleton Organization (GO:0007010),6/111,0.396076199359039,0.5965678784086113,0,0,1.1959048669081744,1.1075856942972966,CCL13;CCL24;DST;KRT16;ANK1;SYNE3
GO_Biological_Process_2023,Regulation Of Notch Signaling Pathway (GO:0008593),4/70,0.3975277314972794,0.5965678784086113,0,0,1.2681934860152682,1.169896547698018,NEURL1;DTX1;CCN3;TP63
GO_Biological_Process_2023,Embryonic Skeletal System Morphogenesis (GO:0048704),2/30,0.4006668041715274,0.5965678784086113,0,0,1.494354712247138,1.3667743421191183,PDGFRA;TGFBR2
GO_Biological_Process_2023,Negative Regulation Of Blood Coagulation (GO:0030195),2/30,0.4006668041715274,0.5965678784086113,0,0,1.494354712247138,1.3667743421191183,PDGFRA;EDN1
GO_Biological_Process_2023,Negative Regulation Of Calcium Ion Transmembrane Transporter Activity (GO:1901020),2/30,0.4006668041715274,0.5965678784086113,0,0,1.494354712247138,1.3667743421191183,PLN;CASQ2
GO_Biological_Process_2023,Negative Regulation Of Interleukin-1 Production (GO:0032692),2/30,0.4006668041715274,0.5965678784086113,0,0,1.494354712247138,1.3667743421191183,IGF1;CX3CL1
GO_Biological_Process_2023,Nucleic Acid Metabolic Process (GO:0090304),2/30,0.4006668041715274,0.5965678784086113,0,0,1.494354712247138,1.3667743421191183,NT5E;DNASE1L3
GO_Biological_Process_2023,Positive Regulation Of Phosphate Metabolic Process (GO:0045937),2/30,0.4006668041715274,0.5965678784086113,0,0,1.494354712247138,1.3667743421191183,PTH1R;SNCA
GO_Biological_Process_2023,Response To Epidermal Growth Factor (GO:0070849),2/30,0.4006668041715274,0.5965678784086113,0,0,1.494354712247138,1.3667743421191183,ZFP36;SNAI2
GO_Biological_Process_2023,Intracellular Iron Ion Homeostasis (GO:0006879),3/50,0.401125911079852,0.5965678784086113,0,0,1.3355155482815058,1.2199666205014623,SCARA5;TMPRSS6;BMP6
GO_Biological_Process_2023,Negative Regulation Of Cell Projection Organization (GO:0031345),3/50,0.401125911079852,0.5965678784086113,0,0,1.3355155482815058,1.2199666205014623,SEMA3A;SPRY2;GRIN2B
GO_Biological_Process_2023,Plasma Membrane Bounded Cell Projection Morphogenesis (GO:0120039),3/50,0.401125911079852,0.5965678784086113,0,0,1.3355155482815058,1.2199666205014623,NTF4;KLK8;GAS7
GO_Biological_Process_2023,Pyruvate Metabolic Process (GO:0006090),3/50,0.401125911079852,0.5965678784086113,0,0,1.3355155482815058,1.2199666205014623,NR4A3;KRT17;PCK1
GO_Biological_Process_2023,Regulation Of Mitochondrion Organization (GO:0010821),3/50,0.401125911079852,0.5965678784086113,0,0,1.3355155482815058,1.2199666205014623,PID1;PDE2A;MGARP
GO_Biological_Process_2023,Positive Regulation Of Nucleic Acid-Templated Transcription (GO:1903508),27/557,0.4017393926407639,0.5965678784086113,0,0,1.0669939094509988,0.9730468857112669,RORB;FGF2;FOXO1;SOX2;FGF7;SOX17;ATOH8;HAS3;TP63;EGR1;EGR2;MYOCD;IRX6;ZBTB16;PAX3;FOS;IGF1;KLF4;SOX10;MLXIPL;SFRP1;BMP2;IL6;TAL1;WT1;PPARG;CREB5
GO_Biological_Process_2023,AMP Metabolic Process (GO:0046033),1/11,0.4019634554874997,0.5965678784086113,0,0,2.091776315789473,1.9064325953301275,NT5E
GO_Biological_Process_2023,Aspartate Family Amino Acid Catabolic Process (GO:0009068),1/11,0.4019634554874997,0.5965678784086113,0,0,2.091776315789473,1.9064325953301275,ASPA
GO_Biological_Process_2023,Carbon Dioxide Transport (GO:0015670),1/11,0.4019634554874997,0.5965678784086113,0,0,2.091776315789473,1.9064325953301275,HBB
GO_Biological_Process_2023,Cell Differentiation In Hindbrain (GO:0021533),1/11,0.4019634554874997,0.5965678784086113,0,0,2.091776315789473,1.9064325953301275,PROX1
GO_Biological_Process_2023,Cell Part Morphogenesis (GO:0032990),1/11,0.4019634554874997,0.5965678784086113,0,0,2.091776315789473,1.9064325953301275,PID1
GO_Biological_Process_2023,Cellular Response To Nitrogen Levels (GO:0043562),1/11,0.4019634554874997,0.5965678784086113,0,0,2.091776315789473,1.9064325953301275,MAP1LC3C
GO_Biological_Process_2023,Cellular Response To Nitrogen Starvation (GO:0006995),1/11,0.4019634554874997,0.5965678784086113,0,0,2.091776315789473,1.9064325953301275,MAP1LC3C
GO_Biological_Process_2023,Cellular Response To Superoxide (GO:0071451),1/11,0.4019634554874997,0.5965678784086113,0,0,2.091776315789473,1.9064325953301275,SOD3
GO_Biological_Process_2023,Central Nervous System Myelination (GO:0022010),1/11,0.4019634554874997,0.5965678784086113,0,0,2.091776315789473,1.9064325953301275,SOX10
GO_Biological_Process_2023,Cochlea Morphogenesis (GO:0090103),1/11,0.4019634554874997,0.5965678784086113,0,0,2.091776315789473,1.9064325953301275,TBX18
GO_Biological_Process_2023,Complement Receptor Mediated Signaling Pathway (GO:0002430),1/11,0.4019634554874997,0.5965678784086113,0,0,2.091776315789473,1.9064325953301275,CR1
GO_Biological_Process_2023,Detection Of Light Stimulus Involved In Sensory Perception (GO:0050962),1/11,0.4019634554874997,0.5965678784086113,0,0,2.091776315789473,1.9064325953301275,RPE65
GO_Biological_Process_2023,Detection Of Light Stimulus Involved In Visual Perception (GO:0050908),1/11,0.4019634554874997,0.5965678784086113,0,0,2.091776315789473,1.9064325953301275,RPE65
GO_Biological_Process_2023,Leukotriene D4 Metabolic Process (GO:1901748),1/11,0.4019634554874997,0.5965678784086113,0,0,2.091776315789473,1.9064325953301275,GGTA1
GO_Biological_Process_2023,Magnesium Ion Transport (GO:0015693),1/11,0.4019634554874997,0.5965678784086113,0,0,2.091776315789473,1.9064325953301275,NIPAL4
GO_Biological_Process_2023,Melanocyte Differentiation (GO:0030318),1/11,0.4019634554874997,0.5965678784086113,0,0,2.091776315789473,1.9064325953301275,KIT
GO_Biological_Process_2023,Negative Regulation Of Amyloid Fibril Formation (GO:1905907),1/11,0.4019634554874997,0.5965678784086113,0,0,2.091776315789473,1.9064325953301275,CRYAB
GO_Biological_Process_2023,Negative Regulation Of Cyclase Activity (GO:0031280),1/11,0.4019634554874997,0.5965678784086113,0,0,2.091776315789473,1.9064325953301275,EDNRB
GO_Biological_Process_2023,Negative Regulation Of Fibrinolysis (GO:0051918),1/11,0.4019634554874997,0.5965678784086113,0,0,2.091776315789473,1.9064325953301275,NRG1
GO_Biological_Process_2023,Negative Regulation Of Microtubule Polymerization (GO:0031115),1/11,0.4019634554874997,0.5965678784086113,0,0,2.091776315789473,1.9064325953301275,SNCA
GO_Biological_Process_2023,Negative Regulation Of Reactive Oxygen Species Biosynthetic Process (GO:1903427),1/11,0.4019634554874997,0.5965678784086113,0,0,2.091776315789473,1.9064325953301275,ABCD2
GO_Biological_Process_2023,Negative Regulation Of Release Of Sequestered Calcium Ion Into Cytosol (GO:0051280),1/11,0.4019634554874997,0.5965678784086113,0,0,2.091776315789473,1.9064325953301275,CASQ2
GO_Biological_Process_2023,Negative Regulation Of Ryanodine-Sensitive Calcium-Release Channel Activity (GO:0060315),1/11,0.4019634554874997,0.5965678784086113,0,0,2.091776315789473,1.9064325953301275,CASQ2
GO_Biological_Process_2023,Negative Regulation Of Voltage-Gated Potassium Channel Activity (GO:1903817),1/11,0.4019634554874997,0.5965678784086113,0,0,2.091776315789473,1.9064325953301275,CAV1
GO_Biological_Process_2023,Neurotransmitter Biosynthetic Process (GO:0042136),1/11,0.4019634554874997,0.5965678784086113,0,0,2.091776315789473,1.9064325953301275,CHAT
GO_Biological_Process_2023,Neutrophil Activation Involved In Immune Response (GO:0002283),1/11,0.4019634554874997,0.5965678784086113,0,0,2.091776315789473,1.9064325953301275,DNASE1L3
GO_Biological_Process_2023,Organic Cyclic Compound Catabolic Process (GO:1901361),1/11,0.4019634554874997,0.5965678784086113,0,0,2.091776315789473,1.9064325953301275,HSD11B1
GO_Biological_Process_2023,Phagosome-Lysosome Fusion (GO:0090385),1/11,0.4019634554874997,0.5965678784086113,0,0,2.091776315789473,1.9064325953301275,RAB7B
GO_Biological_Process_2023,Phosphatidylinositol-3-Phosphate Biosynthetic Process (GO:0036092),1/11,0.4019634554874997,0.5965678784086113,0,0,2.091776315789473,1.9064325953301275,PIK3C2G
GO_Biological_Process_2023,Positive Regulation Of Behavior (GO:0048520),1/11,0.4019634554874997,0.5965678784086113,0,0,2.091776315789473,1.9064325953301275,NR4A3
GO_Biological_Process_2023,Positive Regulation Of Coagulation (GO:0050820),1/11,0.4019634554874997,0.5965678784086113,0,0,2.091776315789473,1.9064325953301275,EMILIN2
GO_Biological_Process_2023,Positive Regulation Of Hemostasis (GO:1900048),1/11,0.4019634554874997,0.5965678784086113,0,0,2.091776315789473,1.9064325953301275,EMILIN2
GO_Biological_Process_2023,Positive Regulation Of Muscle Contraction (GO:0045933),1/11,0.4019634554874997,0.5965678784086113,0,0,2.091776315789473,1.9064325953301275,MYOCD
GO_Biological_Process_2023,Positive Regulation Of Myelination (GO:0031643),1/11,0.4019634554874997,0.5965678784086113,0,0,2.091776315789473,1.9064325953301275,EGR2
GO_Biological_Process_2023,Positive Regulation Of Protein Maturation (GO:1903319),1/11,0.4019634554874997,0.5965678784086113,0,0,2.091776315789473,1.9064325953301275,ANGPTL8
GO_Biological_Process_2023,Positive Regulation Of Pseudopodium Assembly (GO:0031274),1/11,0.4019634554874997,0.5965678784086113,0,0,2.091776315789473,1.9064325953301275,CCL21
GO_Biological_Process_2023,Pyrimidine Nucleobase Metabolic Process (GO:0006206),1/11,0.4019634554874997,0.5965678784086113,0,0,2.091776315789473,1.9064325953301275,DPYS
GO_Biological_Process_2023,Regulation Of T Cell Apoptotic Process (GO:0070232),1/11,0.4019634554874997,0.5965678784086113,0,0,2.091776315789473,1.9064325953301275,PIP
GO_Biological_Process_2023,Regulation Of Adipose Tissue Development (GO:1904177),1/11,0.4019634554874997,0.5965678784086113,0,0,2.091776315789473,1.9064325953301275,PPARG
GO_Biological_Process_2023,Regulation Of Cell Communication By Electrical Coupling Involved In Cardiac Conduction (GO:1901844),1/11,0.4019634554874997,0.5965678784086113,0,0,2.091776315789473,1.9064325953301275,CAV1
GO_Biological_Process_2023,Regulation Of Epithelial Cell Apoptotic Process (GO:1904035),1/11,0.4019634554874997,0.5965678784086113,0,0,2.091776315789473,1.9064325953301275,ZFP36
GO_Biological_Process_2023,Regulation Of Mesenchymal Cell Proliferation (GO:0010464),1/11,0.4019634554874997,0.5965678784086113,0,0,2.091776315789473,1.9064325953301275,TGFBR2
GO_Biological_Process_2023,Regulation Of Mitochondrial Fusion (GO:0010635),1/11,0.4019634554874997,0.5965678784086113,0,0,2.091776315789473,1.9064325953301275,PID1
GO_Biological_Process_2023,Regulation Of Pseudopodium Assembly (GO:0031272),1/11,0.4019634554874997,0.5965678784086113,0,0,2.091776315789473,1.9064325953301275,CCL21
GO_Biological_Process_2023,Regulation Of Ventricular Cardiac Muscle Cell Action Potential (GO:0098911),1/11,0.4019634554874997,0.5965678784086113,0,0,2.091776315789473,1.9064325953301275,CAV1
GO_Biological_Process_2023,Retinoic Acid Receptor Signaling Pathway (GO:0048384),1/11,0.4019634554874997,0.5965678784086113,0,0,2.091776315789473,1.9064325953301275,PPARG
GO_Biological_Process_2023,Self Proteolysis (GO:0097264),1/11,0.4019634554874997,0.5965678784086113,0,0,2.091776315789473,1.9064325953301275,TMPRSS6
GO_Biological_Process_2023,Skeletal Muscle Fiber Development (GO:0048741),1/11,0.4019634554874997,0.5965678784086113,0,0,2.091776315789473,1.9064325953301275,CAV2
GO_Biological_Process_2023,Tyrosine Metabolic Process (GO:0006570),1/11,0.4019634554874997,0.5965678784086113,0,0,2.091776315789473,1.9064325953301275,TAT
GO_Biological_Process_2023,Cell-Cell Junction Assembly (GO:0007043),4/71,0.4079336920083509,0.6048469295051774,0,0,1.2491995468203536,1.120095569862645,CLDN11;CLDN5;PKP1;CDH7
GO_Biological_Process_2023,Negative Regulation Of Protein Binding (GO:0032091),4/71,0.4079336920083509,0.6048469295051774,0,0,1.2491995468203536,1.120095569862645,ADRB3;CAV1;ADIPOQ;ADRB2
GO_Biological_Process_2023,Sensory Perception Of Sound (GO:0007605),5/92,0.4110877511025433,0.6092308630117864,0,0,1.2025925363309535,1.0690429286239402,COL11A1;KIT;PAX3;SNAI2;ROR1
GO_Biological_Process_2023,Regulation Of Substrate Adhesion-Dependent Cell Spreading (GO:1900024),3/51,0.4135144598583817,0.6122393945241364,0,0,1.3076236263736265,1.1547137752315342,PDPN;FERMT2;LIMS2
GO_Biological_Process_2023,Regulation Of Synapse Assembly (GO:0051963),3/51,0.4135144598583817,0.6122393945241364,0,0,1.3076236263736265,1.1547137752315342,LRFN5;SLIT1;SNCA
GO_Biological_Process_2023,Negative Regulation Of DNA Biosynthetic Process (GO:2000279),2/31,0.4168070077722639,0.6150493465549611,0,0,1.4427495363185583,1.2625962517419598,ADIPOQ;STON1
GO_Biological_Process_2023,Negative Regulation Of Developmental Growth (GO:0048640),2/31,0.4168070077722639,0.6150493465549611,0,0,1.4427495363185583,1.2625962517419598,SEMA3G;OSTN
GO_Biological_Process_2023,Negative Regulation Of Intracellular Steroid Hormone Receptor Signaling Pathway (GO:0033144),2/31,0.4168070077722639,0.6150493465549611,0,0,1.4427495363185583,1.2625962517419598,SFRP1;ZNF366
GO_Biological_Process_2023,Phospholipid Translocation (GO:0045332),2/31,0.4168070077722639,0.6150493465549611,0,0,1.4427495363185583,1.2625962517419598,ABCB1;PLSCR4
GO_Biological_Process_2023,Positive Regulation Of Mononuclear Cell Migration (GO:0071677),2/31,0.4168070077722639,0.6150493465549611,0,0,1.4427495363185583,1.2625962517419598,CXCL12;JAM2
GO_Biological_Process_2023,Regulation Of Cell Morphogenesis (GO:0022604),2/31,0.4168070077722639,0.6150493465549611,0,0,1.4427495363185583,1.2625962517419598,PDPN;FERMT2
GO_Biological_Process_2023,Regulation Of Response To Biotic Stimulus (GO:0002831),2/31,0.4168070077722639,0.6150493465549611,0,0,1.4427495363185583,1.2625962517419598,CD36;CX3CL1
GO_Biological_Process_2023,Regulation Of Cytoskeleton Organization (GO:0051493),6/114,0.4206953829721372,0.6189554633075272,0,0,1.1625015312997673,1.0065476066987191,LRP1;FAM107A;NEXN;NRG1;PAK3;CORO2B
GO_Biological_Process_2023,Icosanoid Metabolic Process (GO:0006690),3/52,0.4258204775254115,0.6189554633075272,0,0,1.2808701502579054,1.0935267976640914,CPA1;CYP2C8;PTGIS
GO_Biological_Process_2023,Regulation Of Cell Development (GO:0060284),3/52,0.4258204775254115,0.6189554633075272,0,0,1.2808701502579054,1.0935267976640914,PTN;ASCL1;CX3CL1
GO_Biological_Process_2023,Regulation Of Peptide Hormone Secretion (GO:0090276),3/52,0.4258204775254115,0.6189554633075272,0,0,1.2808701502579054,1.0935267976640914,SNAP25;CRHBP;IL6
GO_Biological_Process_2023,G Protein-Coupled Glutamate Receptor Signaling Pathway (GO:0007216),1/12,0.429278797195146,0.6189554633075272,0,0,1.901515151515152,1.6080138049200694,TRPM1
GO_Biological_Process_2023,MyD88-dependent Toll-Like Receptor Signaling Pathway (GO:0002755),1/12,0.429278797195146,0.6189554633075272,0,0,1.901515151515152,1.6080138049200694,TLR4
GO_Biological_Process_2023,Adipose Tissue Development (GO:0060612),1/12,0.429278797195146,0.6189554633075272,0,0,1.901515151515152,1.6080138049200694,DGAT2
GO_Biological_Process_2023,Adult Locomotory Behavior (GO:0008344),1/12,0.429278797195146,0.6189554633075272,0,0,1.901515151515152,1.6080138049200694,NTF4
GO_Biological_Process_2023,Alanine Transport (GO:0032328),1/12,0.429278797195146,0.6189554633075272,0,0,1.901515151515152,1.6080138049200694,SLC7A10
GO_Biological_Process_2023,Astrocyte Activation (GO:0048143),1/12,0.429278797195146,0.6189554633075272,0,0,1.901515151515152,1.6080138049200694,LRP1
GO_Biological_Process_2023,Biogenic Amine Metabolic Process (GO:0006576),1/12,0.429278797195146,0.6189554633075272,0,0,1.901515151515152,1.6080138049200694,SLC22A3
GO_Biological_Process_2023,Calcium Ion Import (GO:0070509),1/12,0.429278797195146,0.6189554633075272,0,0,1.901515151515152,1.6080138049200694,CACNA1G
GO_Biological_Process_2023,Cardiac Right Ventricle Morphogenesis (GO:0003215),1/12,0.429278797195146,0.6189554633075272,0,0,1.901515151515152,1.6080138049200694,ZFPM2
GO_Biological_Process_2023,Cell Projection Assembly (GO:0030031),1/12,0.429278797195146,0.6189554633075272,0,0,1.901515151515152,1.6080138049200694,GSN
GO_Biological_Process_2023,Dendrite Self-Avoidance (GO:0070593),1/12,0.429278797195146,0.6189554633075272,0,0,1.901515151515152,1.6080138049200694,NEXN
GO_Biological_Process_2023,Endochondral Bone Morphogenesis (GO:0060350),1/12,0.429278797195146,0.6189554633075272,0,0,1.901515151515152,1.6080138049200694,TMEM119
GO_Biological_Process_2023,Epithelial Cell Morphogenesis (GO:0003382),1/12,0.429278797195146,0.6189554633075272,0,0,1.901515151515152,1.6080138049200694,DACT2
GO_Biological_Process_2023,Eye Photoreceptor Cell Differentiation (GO:0001754),1/12,0.429278797195146,0.6189554633075272,0,0,1.901515151515152,1.6080138049200694,RORB
GO_Biological_Process_2023,Mitotic DNA Integrity Checkpoint Signaling (GO:0044774),1/12,0.429278797195146,0.6189554633075272,0,0,1.901515151515152,1.6080138049200694,HUS1B
GO_Biological_Process_2023,Multicellular Organismal-Level Iron Ion Homeostasis (GO:0060586),1/12,0.429278797195146,0.6189554633075272,0,0,1.901515151515152,1.6080138049200694,TMPRSS6
GO_Biological_Process_2023,Myelination In Peripheral Nervous System (GO:0022011),1/12,0.429278797195146,0.6189554633075272,0,0,1.901515151515152,1.6080138049200694,LGI4
GO_Biological_Process_2023,Negative Regulation Of Alcohol Biosynthetic Process (GO:1902931),1/12,0.429278797195146,0.6189554633075272,0,0,1.901515151515152,1.6080138049200694,BMP2
GO_Biological_Process_2023,Negative Regulation Of Cell Cycle Phase Transition (GO:1901988),1/12,0.429278797195146,0.6189554633075272,0,0,1.901515151515152,1.6080138049200694,SOX2
GO_Biological_Process_2023,Negative Regulation Of Coagulation (GO:0050819),1/12,0.429278797195146,0.6189554633075272,0,0,1.901515151515152,1.6080138049200694,EDN1
GO_Biological_Process_2023,Neutrophil Mediated Immunity (GO:0002446),1/12,0.429278797195146,0.6189554633075272,0,0,1.901515151515152,1.6080138049200694,IL6
GO_Biological_Process_2023,Organophosphate Catabolic Process (GO:0046434),1/12,0.429278797195146,0.6189554633075272,0,0,1.901515151515152,1.6080138049200694,ENPP2
GO_Biological_Process_2023,Phosphate Ion Homeostasis (GO:0055062),1/12,0.429278797195146,0.6189554633075272,0,0,1.901515151515152,1.6080138049200694,SFRP4
GO_Biological_Process_2023,"Positive Regulation Of CD4-positive, Alpha-Beta T Cell Activation (GO:2000516)",1/12,0.429278797195146,0.6189554633075272,0,0,1.901515151515152,1.6080138049200694,TGFBR2
GO_Biological_Process_2023,Positive Regulation Of ERAD Pathway (GO:1904294),1/12,0.429278797195146,0.6189554633075272,0,0,1.901515151515152,1.6080138049200694,CAV1
GO_Biological_Process_2023,Positive Regulation Of T Cell Chemotaxis (GO:0010820),1/12,0.429278797195146,0.6189554633075272,0,0,1.901515151515152,1.6080138049200694,CCL21
GO_Biological_Process_2023,Positive Regulation Of Insulin Receptor Signaling Pathway (GO:0046628),1/12,0.429278797195146,0.6189554633075272,0,0,1.901515151515152,1.6080138049200694,SORBS1
GO_Biological_Process_2023,Positive Regulation Of Neuron Migration (GO:2001224),1/12,0.429278797195146,0.6189554633075272,0,0,1.901515151515152,1.6080138049200694,SEMA3A
GO_Biological_Process_2023,Positive Regulation Of Nuclear-Transcribed mRNA poly(A) Tail Shortening (GO:0060213),1/12,0.429278797195146,0.6189554633075272,0,0,1.901515151515152,1.6080138049200694,ZFP36
GO_Biological_Process_2023,Positive Regulation Of Purine Nucleotide Biosynthetic Process (GO:1900373),1/12,0.429278797195146,0.6189554633075272,0,0,1.901515151515152,1.6080138049200694,PID1
GO_Biological_Process_2023,Positive Regulation Of Regulated Secretory Pathway (GO:1903307),1/12,0.429278797195146,0.6189554633075272,0,0,1.901515151515152,1.6080138049200694,KCNB1
GO_Biological_Process_2023,Positive Regulation Of Ruffle Assembly (GO:1900029),1/12,0.429278797195146,0.6189554633075272,0,0,1.901515151515152,1.6080138049200694,P2RY12
GO_Biological_Process_2023,Positive Regulation Of Sodium Ion Transmembrane Transporter Activity (GO:2000651),1/12,0.429278797195146,0.6189554633075272,0,0,1.901515151515152,1.6080138049200694,DMD
GO_Biological_Process_2023,Positive Regulation Of Vascular Endothelial Cell Proliferation (GO:1905564),1/12,0.429278797195146,0.6189554633075272,0,0,1.901515151515152,1.6080138049200694,FGF2
GO_Biological_Process_2023,Protein Heterotetramerization (GO:0051290),1/12,0.429278797195146,0.6189554633075272,0,0,1.901515151515152,1.6080138049200694,GRIN2B
GO_Biological_Process_2023,Quaternary Ammonium Group Transport (GO:0015697),1/12,0.429278797195146,0.6189554633075272,0,0,1.901515151515152,1.6080138049200694,SLC22A3
GO_Biological_Process_2023,Regulation Of SNARE Complex Assembly (GO:0035542),1/12,0.429278797195146,0.6189554633075272,0,0,1.901515151515152,1.6080138049200694,SNCA
GO_Biological_Process_2023,Regulation Of Interleukin-5 Production (GO:0032674),1/12,0.429278797195146,0.6189554633075272,0,0,1.901515151515152,1.6080138049200694,TSLP
GO_Biological_Process_2023,Regulation Of Leukocyte Adhesion To Vascular Endothelial Cell (GO:1904994),1/12,0.429278797195146,0.6189554633075272,0,0,1.901515151515152,1.6080138049200694,IL6
GO_Biological_Process_2023,Regulation Of Lymphocyte Migration (GO:2000401),1/12,0.429278797195146,0.6189554633075272,0,0,1.901515151515152,1.6080138049200694,JAM2
GO_Biological_Process_2023,Regulation Of Retinoic Acid Receptor Signaling Pathway (GO:0048385),1/12,0.429278797195146,0.6189554633075272,0,0,1.901515151515152,1.6080138049200694,CYP26B1
GO_Biological_Process_2023,Secretion (GO:0046903),1/12,0.429278797195146,0.6189554633075272,0,0,1.901515151515152,1.6080138049200694,NPR1
GO_Biological_Process_2023,Sphingomyelin Metabolic Process (GO:0006684),1/12,0.429278797195146,0.6189554633075272,0,0,1.901515151515152,1.6080138049200694,ABCA8
GO_Biological_Process_2023,Steroid Catabolic Process (GO:0006706),1/12,0.429278797195146,0.6189554633075272,0,0,1.901515151515152,1.6080138049200694,HSD11B1
GO_Biological_Process_2023,Synaptic Membrane Adhesion (GO:0099560),1/12,0.429278797195146,0.6189554633075272,0,0,1.901515151515152,1.6080138049200694,LRFN5
GO_Biological_Process_2023,Female Gamete Generation (GO:0007292),2/32,0.4327243461493853,0.6230503995163957,0,0,1.3945847054518845,1.1681799696188082,IHO1;PTN
GO_Biological_Process_2023,Gluconeogenesis (GO:0006094),2/32,0.4327243461493853,0.6230503995163957,0,0,1.3945847054518845,1.1681799696188082,KRT17;PCK1
GO_Biological_Process_2023,Proteoglycan Biosynthetic Process (GO:0030166),2/32,0.4327243461493853,0.6230503995163957,0,0,1.3945847054518845,1.1681799696188082,EXTL1;IGF1
GO_Biological_Process_2023,Negative Regulation Of Cellular Biosynthetic Process (GO:0031327),7/137,0.4354788390639729,0.6267240914640954,0,0,1.126668364747835,0.9366096348340612,PTGIS;ACADL;CAV1;ADIPOQ;AKR1C3;SNAI2;PROX1
GO_Biological_Process_2023,Actin Polymerization Or Depolymerization (GO:0008154),3/53,0.4380348971093027,0.6298154296117455,0,0,1.2551868131868131,1.0361023622038337,GSN;FAM107A;GAS7
GO_Biological_Process_2023,Negative Regulation Of Cysteine-Type Endopeptidase Activity (GO:2000117),3/53,0.4380348971093027,0.6298154296117455,0,0,1.2551868131868131,1.0361023622038337,KLF4;AQP1;SNCA
GO_Biological_Process_2023,Negative Regulation Of Transcription By RNA Polymerase II (GO:0000122),36/763,0.4432555310035596,0.636620784515561,0,0,1.036671534037351,0.8434451406612592,MAGEL2;TMPRSS6;TCF23;LDB2;ASCL1;BACH2;SOX2;ZFP36;EDNRB;NDN;HOXA7;ZNF366;SNCA;IL33;EDN1;FST;ZBTB16;CAV1;PDE2A;EN1;PROX1;KLF4;SOX10;BMP6;ZEB2;BMP2;NR4A3;WT1;ID4;SNAI2;FOSB;PPARG;INSM1;ZFPM2;ATF3;VSX2
GO_Biological_Process_2023,Regulation Of Protein Metabolic Process (GO:0051246),5/96,0.447299738704171,0.636620784515561,0,0,1.149489277242581,0.9247944156944886,EDN1;EDNRB;ANGPTL8;AGTR1;KLF4
GO_Biological_Process_2023,Inositol Lipid-Mediated Signaling (GO:0048017),2/33,0.4484055245328117,0.636620784515561,0,0,1.3495272830282214,1.0823981647913865,PDGFRA;IGF1
GO_Biological_Process_2023,Negative Regulation Of Epithelial Cell Migration (GO:0010633),2/33,0.4484055245328117,0.636620784515561,0,0,1.3495272830282214,1.0823981647913865,SLIT2;DCN
GO_Biological_Process_2023,Positive Regulation Of Notch Signaling Pathway (GO:0045747),2/33,0.4484055245328117,0.636620784515561,0,0,1.3495272830282214,1.0823981647913865,CCN3;TP63
GO_Biological_Process_2023,Positive Regulation Of Nitrogen Compound Metabolic Process (GO:0051173),2/33,0.4484055245328117,0.636620784515561,0,0,1.3495272830282214,1.0823981647913865,AGTR1;KLF4
GO_Biological_Process_2023,Positive Regulation Of Reproductive Process (GO:2000243),2/33,0.4484055245328117,0.636620784515561,0,0,1.3495272830282214,1.0823981647913865,TACR1;ASIC2
GO_Biological_Process_2023,Regulation Of NLRP3 Inflammasome Complex Assembly (GO:1900225),2/33,0.4484055245328117,0.636620784515561,0,0,1.3495272830282214,1.0823981647913865,CD36;TLR4
GO_Biological_Process_2023,Regulation Of Lamellipodium Assembly (GO:0010591),2/33,0.4484055245328117,0.636620784515561,0,0,1.3495272830282214,1.0823981647913865,NRG1;SLIT2
GO_Biological_Process_2023,Regulation Of Protein Polymerization (GO:0032271),2/33,0.4484055245328117,0.636620784515561,0,0,1.3495272830282214,1.0823981647913865,ARHGAP28;PAK3
GO_Biological_Process_2023,Negative Regulation Of Phosphorylation (GO:0042326),4/75,0.4491316679849949,0.636620784515561,0,0,1.1785741954477138,0.943376970877346,PID1;SLIT2;INSM1;KLHL31
GO_Biological_Process_2023,Regulation Of Stress Fiber Assembly (GO:0051492),4/75,0.4491316679849949,0.636620784515561,0,0,1.1785741954477138,0.943376970877346,SFRP1;ARHGAP28;CCN2;FERMT2
GO_Biological_Process_2023,Negative Regulation Of Protein Catabolic Process (GO:0042177),3/54,0.4501492284193828,0.636620784515561,0,0,1.2305106658047835,0.9821642442091292,TIMP2;TIMP4;SNCA
GO_Biological_Process_2023,Peptidyl-Tyrosine Modification (GO:0018212),3/54,0.4501492284193828,0.636620784515561,0,0,1.2305106658047835,0.9821642442091292,PDGFRA;RELN;DDR2
GO_Biological_Process_2023,Regulation Of Myoblast Differentiation (GO:0045661),3/54,0.4501492284193828,0.636620784515561,0,0,1.2305106658047835,0.9821642442091292,BOC;SOSTDC1;SMYD1
GO_Biological_Process_2023,Regulation Of Protein Binding (GO:0043393),6/118,0.4532966643774239,0.636620784515561,0,0,1.120747361789258,0.8867448161307729,CLDN5;CSF3;BMP2;PRMT8;LRP1;CAV1
GO_Biological_Process_2023,ATP Transport (GO:0015867),1/13,0.4553478108877093,0.636620784515561,0,0,1.7429641812865495,1.371178997420735,CR1
GO_Biological_Process_2023,ERBB2 Signaling Pathway (GO:0038128),1/13,0.4553478108877093,0.636620784515561,0,0,1.7429641812865495,1.371178997420735,NRG1
GO_Biological_Process_2023,Acute-Phase Response (GO:0006953),1/13,0.4553478108877093,0.636620784515561,0,0,1.7429641812865495,1.371178997420735,IL6
GO_Biological_Process_2023,acyl-CoA Biosynthetic Process (GO:0071616),1/13,0.4553478108877093,0.636620784515561,0,0,1.7429641812865495,1.371178997420735,SLC27A2
GO_Biological_Process_2023,Branching Involved In Blood Vessel Morphogenesis (GO:0001569),1/13,0.4553478108877093,0.636620784515561,0,0,1.7429641812865495,1.371178997420735,TGFBR2
GO_Biological_Process_2023,Cardiac Left Ventricle Morphogenesis (GO:0003214),1/13,0.4553478108877093,0.636620784515561,0,0,1.7429641812865495,1.371178997420735,TGFBR2
GO_Biological_Process_2023,Cellular Modified Amino Acid Catabolic Process (GO:0042219),1/13,0.4553478108877093,0.636620784515561,0,0,1.7429641812865495,1.371178997420735,CDO1
GO_Biological_Process_2023,Chondroitin Sulfate Biosynthetic Process (GO:0030206),1/13,0.4553478108877093,0.636620784515561,0,0,1.7429641812865495,1.371178997420735,CHST3
GO_Biological_Process_2023,Ether Lipid Metabolic Process (GO:0046485),1/13,0.4553478108877093,0.636620784515561,0,0,1.7429641812865495,1.371178997420735,LIPE
GO_Biological_Process_2023,Eye Photoreceptor Cell Development (GO:0042462),1/13,0.4553478108877093,0.636620784515561,0,0,1.7429641812865495,1.371178997420735,RORB
GO_Biological_Process_2023,Heparan Sulfate Proteoglycan Metabolic Process (GO:0030201),1/13,0.4553478108877093,0.636620784515561,0,0,1.7429641812865495,1.371178997420735,HS3ST4
GO_Biological_Process_2023,Immune Response-Regulating Cell Surface Receptor Signaling Pathway (GO:0002768),1/13,0.4553478108877093,0.636620784515561,0,0,1.7429641812865495,1.371178997420735,KIT
GO_Biological_Process_2023,Inhibitory Synapse Assembly (GO:1904862),1/13,0.4553478108877093,0.636620784515561,0,0,1.7429641812865495,1.371178997420735,LGI2
GO_Biological_Process_2023,Interleukin-6-Mediated Signaling Pathway (GO:0070102),1/13,0.4553478108877093,0.636620784515561,0,0,1.7429641812865495,1.371178997420735,IL6
GO_Biological_Process_2023,Killing By Host Of Symbiont Cells (GO:0051873),1/13,0.4553478108877093,0.636620784515561,0,0,1.7429641812865495,1.371178997420735,NRG1
GO_Biological_Process_2023,Lipid Oxidation (GO:0034440),1/13,0.4553478108877093,0.636620784515561,0,0,1.7429641812865495,1.371178997420735,ADIPOQ
GO_Biological_Process_2023,Monoacylglycerol Metabolic Process (GO:0046462),1/13,0.4553478108877093,0.636620784515561,0,0,1.7429641812865495,1.371178997420735,DGAT2
GO_Biological_Process_2023,Myeloid Dendritic Cell Activation (GO:0001773),1/13,0.4553478108877093,0.636620784515561,0,0,1.7429641812865495,1.371178997420735,TGFBR2
GO_Biological_Process_2023,ncRNA Transcription (GO:0098781),1/13,0.4553478108877093,0.636620784515561,0,0,1.7429641812865495,1.371178997420735,CAVIN1
GO_Biological_Process_2023,"Negative Regulation Of DNA Damage Response, Signal Transduction By P53 Class Mediator (GO:0043518)",1/13,0.4553478108877093,0.636620784515561,0,0,1.7429641812865495,1.371178997420735,SNAI2
GO_Biological_Process_2023,Negative Regulation Of Cartilage Development (GO:0061037),1/13,0.4553478108877093,0.636620784515561,0,0,1.7429641812865495,1.371178997420735,SNAI2
GO_Biological_Process_2023,Negative Regulation Of Lyase Activity (GO:0051350),1/13,0.4553478108877093,0.636620784515561,0,0,1.7429641812865495,1.371178997420735,EDNRB
GO_Biological_Process_2023,Negative Regulation Of Myoblast Differentiation (GO:0045662),1/13,0.4553478108877093,0.636620784515561,0,0,1.7429641812865495,1.371178997420735,SOSTDC1
GO_Biological_Process_2023,Negative Regulation Of Translational Initiation (GO:0045947),1/13,0.4553478108877093,0.636620784515561,0,0,1.7429641812865495,1.371178997420735,C8ORF88
GO_Biological_Process_2023,Negative Regulation Of Viral Transcription (GO:0032897),1/13,0.4553478108877093,0.636620784515561,0,0,1.7429641812865495,1.371178997420735,ZFP36
GO_Biological_Process_2023,Peptidyl-Tyrosine Autophosphorylation (GO:0038083),1/13,0.4553478108877093,0.636620784515561,0,0,1.7429641812865495,1.371178997420735,ALK
GO_Biological_Process_2023,Plasma Membrane Tubulation (GO:0097320),1/13,0.4553478108877093,0.636620784515561,0,0,1.7429641812865495,1.371178997420735,CAVIN2
GO_Biological_Process_2023,Positive Regulation Of Alpha-Beta T Cell Differentiation (GO:0046638),1/13,0.4553478108877093,0.636620784515561,0,0,1.7429641812865495,1.371178997420735,TGFBR2
GO_Biological_Process_2023,Positive Regulation Of Cellular Response To Insulin Stimulus (GO:1900078),1/13,0.4553478108877093,0.636620784515561,0,0,1.7429641812865495,1.371178997420735,SORBS1
GO_Biological_Process_2023,Positive Regulation Of Type 2 Immune Response (GO:0002830),1/13,0.4553478108877093,0.636620784515561,0,0,1.7429641812865495,1.371178997420735,IL6
GO_Biological_Process_2023,Potassium Ion Export Across Plasma Membrane (GO:0097623),1/13,0.4553478108877093,0.636620784515561,0,0,1.7429641812865495,1.371178997420735,KCNIP2
GO_Biological_Process_2023,Regulation Of T Cell Chemotaxis (GO:0010819),1/13,0.4553478108877093,0.636620784515561,0,0,1.7429641812865495,1.371178997420735,CCL21
GO_Biological_Process_2023,Regulation Of cAMP-dependent Protein Kinase Activity (GO:2000479),1/13,0.4553478108877093,0.636620784515561,0,0,1.7429641812865495,1.371178997420735,ADRB2
GO_Biological_Process_2023,Regulation Of Cell Projection Organization (GO:0031344),1/13,0.4553478108877093,0.636620784515561,0,0,1.7429641812865495,1.371178997420735,SPRY2
GO_Biological_Process_2023,Regulation Of Fatty Acid Beta-Oxidation (GO:0031998),1/13,0.4553478108877093,0.636620784515561,0,0,1.7429641812865495,1.371178997420735,ABCD2
GO_Biological_Process_2023,Regulation Of Flagellated Sperm Motility (GO:1901317),1/13,0.4553478108877093,0.636620784515561,0,0,1.7429641812865495,1.371178997420735,TACR1
GO_Biological_Process_2023,Regulation Of Humoral Immune Response (GO:0002920),1/13,0.4553478108877093,0.636620784515561,0,0,1.7429641812865495,1.371178997420735,CFH
GO_Biological_Process_2023,Regulation Of Immune Effector Process (GO:0002697),1/13,0.4553478108877093,0.636620784515561,0,0,1.7429641812865495,1.371178997420735,CFH
GO_Biological_Process_2023,Regulation Of Lamellipodium Organization (GO:1902743),1/13,0.4553478108877093,0.636620784515561,0,0,1.7429641812865495,1.371178997420735,PDPN
GO_Biological_Process_2023,Regulation Of Trophoblast Cell Migration (GO:1901163),1/13,0.4553478108877093,0.636620784515561,0,0,1.7429641812865495,1.371178997420735,ACVR1C
GO_Biological_Process_2023,Response To Progesterone (GO:0032570),1/13,0.4553478108877093,0.636620784515561,0,0,1.7429641812865495,1.371178997420735,CAV1
GO_Biological_Process_2023,Secondary Palate Development (GO:0062009),1/13,0.4553478108877093,0.636620784515561,0,0,1.7429641812865495,1.371178997420735,TGFBR2
GO_Biological_Process_2023,Signal Peptide Processing (GO:0006465),1/13,0.4553478108877093,0.636620784515561,0,0,1.7429641812865495,1.371178997420735,PCSK5
GO_Biological_Process_2023,Substrate-Dependent Cell Migration (GO:0006929),1/13,0.4553478108877093,0.636620784515561,0,0,1.7429641812865495,1.371178997420735,P2RY12
GO_Biological_Process_2023,Thymus Development (GO:0048538),1/13,0.4553478108877093,0.636620784515561,0,0,1.7429641812865495,1.371178997420735,FGF10
GO_Biological_Process_2023,Regulation Of Defense Response (GO:0031347),5/97,0.4562700528377759,0.6376213911771003,0,0,1.1369349741428845,0.8921192477959228,ANXA1;CMA1;NLRP5;AGTR1;PTGS2
GO_Biological_Process_2023,Wnt Signaling Pathway (GO:0016055),4/76,0.4592954788901045,0.6412687215439858,0,0,1.1621439921769954,0.9042195340023336,SFRP4;SFRP1;FRZB;FERMT2
GO_Biological_Process_2023,Regulation Of Ras Protein Signal Transduction (GO:0046578),4/76,0.4592954788901045,0.6412687215439858,0,0,1.1621439921769954,0.9042195340023336,SPRY2;SPRY1;IGF1;FGF10
GO_Biological_Process_2023,Neuron Migration (GO:0001764),3/55,0.4621555436111323,0.643826778822108,0,0,1.2067836010143702,0.931460472113134,RELN;SEMA3A;ASTN1
GO_Biological_Process_2023,Embryonic Skeletal System Development (GO:0048706),2/34,0.4638389232589466,0.643826778822108,0,0,1.3072859495060374,1.0042805128122565,PDGFRA;PCSK5
GO_Biological_Process_2023,Membrane Protein Proteolysis (GO:0033619),2/34,0.4638389232589466,0.643826778822108,0,0,1.3072859495060374,1.0042805128122565,TMPRSS6;PRTN3
GO_Biological_Process_2023,Negative Regulation Of Ras Protein Signal Transduction (GO:0046580),2/34,0.4638389232589466,0.643826778822108,0,0,1.3072859495060374,1.0042805128122565,SPRY2;SPRY1
GO_Biological_Process_2023,Negative Regulation Of Interleukin-6 Production (GO:0032715),2/34,0.4638389232589466,0.643826778822108,0,0,1.3072859495060374,1.0042805128122565,TLR4;CX3CL1
GO_Biological_Process_2023,Organophosphate Biosynthetic Process (GO:0090407),2/34,0.4638389232589466,0.643826778822108,0,0,1.3072859495060374,1.0042805128122565,FGF2;DDR2
GO_Biological_Process_2023,Positive Regulation Of Neuron Death (GO:1901216),2/34,0.4638389232589466,0.643826778822108,0,0,1.3072859495060374,1.0042805128122565,GRIN2B;SNCA
GO_Biological_Process_2023,Positive Regulation Of Organelle Organization (GO:0010638),2/34,0.4638389232589466,0.643826778822108,0,0,1.3072859495060374,1.0042805128122565,ANXA1;MGARP
GO_Biological_Process_2023,Purine Nucleotide Metabolic Process (GO:0006163),2/34,0.4638389232589466,0.643826778822108,0,0,1.3072859495060374,1.0042805128122565,KRT17;FMO2
GO_Biological_Process_2023,Regulation Of DNA Biosynthetic Process (GO:2000278),2/34,0.4638389232589466,0.643826778822108,0,0,1.3072859495060374,1.0042805128122565,ADIPOQ;FGF2
GO_Biological_Process_2023,Regulation Of calcineurin-NFAT Signaling Cascade (GO:0070884),2/34,0.4638389232589466,0.643826778822108,0,0,1.3072859495060374,1.0042805128122565,AKAP6;IGF1
GO_Biological_Process_2023,Regulation Of Metal Ion Transport (GO:0010959),2/34,0.4638389232589466,0.643826778822108,0,0,1.3072859495060374,1.0042805128122565,NKAIN2;PLN
GO_Biological_Process_2023,Superoxide Metabolic Process (GO:0006801),2/34,0.4638389232589466,0.643826778822108,0,0,1.3072859495060374,1.0042805128122565,SOD3;DUOX2
GO_Biological_Process_2023,Actomyosin Structure Organization (GO:0031032),4/77,0.4693942168003189,0.6506600571453006,0,0,1.1461639314616394,0.8668578975761118,LMOD1;PGM5;MYH11;SORBS1
GO_Biological_Process_2023,Chloride Transport (GO:0006821),4/77,0.4693942168003189,0.6506600571453006,0,0,1.1461639314616394,0.8668578975761118,SLC17A7;NMUR1;SLC1A7;GABRG1
GO_Biological_Process_2023,Positive Regulation Of JNK Cascade (GO:0046330),4/77,0.4693942168003189,0.6506600571453006,0,0,1.1461639314616394,0.8668578975761118,CCL21;SEMA3A;CCN2;MMP8
GO_Biological_Process_2023,Nucleotide-Excision Repair (GO:0006289),3/56,0.4740464619568971,0.6507733477466066,0,0,1.1839518971594445,0.883760823881778,USP44;STON1;HUS1B
GO_Biological_Process_2023,Axon Development (GO:0061564),5/99,0.474083891806732,0.6507733477466066,0,0,1.1126277064392165,0.8304330383208284,MGARP;BHLHE22;PAK3;S100B;FOLR1
GO_Biological_Process_2023,Adherens Junction Organization (GO:0034332),2/35,0.4790144730414893,0.6507733477466066,0,0,1.2676046968033796,0.9329880712170122,FERMT2;CDH7
GO_Biological_Process_2023,Dendrite Morphogenesis (GO:0048813),2/35,0.4790144730414893,0.6507733477466066,0,0,1.2676046968033796,0.9329880712170122,PTN;PAK3
GO_Biological_Process_2023,Hexose Biosynthetic Process (GO:0019319),2/35,0.4790144730414893,0.6507733477466066,0,0,1.2676046968033796,0.9329880712170122,KRT17;PCK1
GO_Biological_Process_2023,Neutral Amino Acid Transport (GO:0015804),2/35,0.4790144730414893,0.6507733477466066,0,0,1.2676046968033796,0.9329880712170122,SLC7A10;SLC38A4
GO_Biological_Process_2023,One-Carbon Compound Transport (GO:0019755),2/35,0.4790144730414893,0.6507733477466066,0,0,1.2676046968033796,0.9329880712170122,CA4;HBB
GO_Biological_Process_2023,Positive Regulation Of Substrate Adhesion-Dependent Cell Spreading (GO:1900026),2/35,0.4790144730414893,0.6507733477466066,0,0,1.2676046968033796,0.9329880712170122,FERMT2;LIMS2
GO_Biological_Process_2023,Protein Methylation (GO:0006479),2/35,0.4790144730414893,0.6507733477466066,0,0,1.2676046968033796,0.9329880712170122,PRMT8;BHMT
GO_Biological_Process_2023,Regulation Of Axon Extension (GO:0030516),2/35,0.4790144730414893,0.6507733477466066,0,0,1.2676046968033796,0.9329880712170122,SEMA3A;SEMA3G
GO_Biological_Process_2023,Organonitrogen Compound Catabolic Process (GO:1901565),4/78,0.4794229217985971,0.6507733477466066,0,0,1.1306157642791306,0.8311972161559947,LVRN;ENPP2;FMO1;TRHDE
GO_Biological_Process_2023,Positive Regulation Of Tumor Necrosis Factor Production (GO:0032760),4/78,0.4794229217985971,0.6507733477466066,0,0,1.1306157642791306,0.8311972161559947,IL33;IL6;MMP8;TLR4
GO_Biological_Process_2023,Positive Regulation Of Transferase Activity (GO:0051347),7/143,0.4800833151034008,0.6507733477466066,0,0,1.0766215426567978,0.7900201691803062,ALK;PDGFRA;ADIPOQ;AGTR1;ROR1;KLF4;DDR2
GO_Biological_Process_2023,2-Oxoglutarate Metabolic Process (GO:0006103),1/14,0.4802273035849594,0.6507733477466066,0,0,1.6088056680161944,1.18005210081462,TAT
GO_Biological_Process_2023,"Blood Coagulation, Fibrin Clot Formation (GO:0072378)",1/14,0.4802273035849594,0.6507733477466066,0,0,1.6088056680161944,1.18005210081462,F13A1
GO_Biological_Process_2023,Cardiac Cell Development (GO:0055006),1/14,0.4802273035849594,0.6507733477466066,0,0,1.6088056680161944,1.18005210081462,MYH11
GO_Biological_Process_2023,Ceramide Transport (GO:0035627),1/14,0.4802273035849594,0.6507733477466066,0,0,1.6088056680161944,1.18005210081462,ABCB1
GO_Biological_Process_2023,Contractile Actin Filament Bundle Assembly (GO:0030038),1/14,0.4802273035849594,0.6507733477466066,0,0,1.6088056680161944,1.18005210081462,SORBS1
GO_Biological_Process_2023,Establishment Of Chromosome Localization (GO:0051303),1/14,0.4802273035849594,0.6507733477466066,0,0,1.6088056680161944,1.18005210081462,GEM
GO_Biological_Process_2023,Establishment Of Spindle Localization (GO:0051293),1/14,0.4802273035849594,0.6507733477466066,0,0,1.6088056680161944,1.18005210081462,NLRP5
GO_Biological_Process_2023,Glucosamine-Containing Compound Metabolic Process (GO:1901071),1/14,0.4802273035849594,0.6507733477466066,0,0,1.6088056680161944,1.18005210081462,CHST3
GO_Biological_Process_2023,Medium-Chain Fatty Acid Metabolic Process (GO:0051791),1/14,0.4802273035849594,0.6507733477466066,0,0,1.6088056680161944,1.18005210081462,CES1
GO_Biological_Process_2023,miRNA-mediated Gene Silencing By Inhibition Of Translation (GO:0035278),1/14,0.4802273035849594,0.6507733477466066,0,0,1.6088056680161944,1.18005210081462,ZFP36
GO_Biological_Process_2023,Mitochondrial Calcium Ion Transmembrane Transport (GO:0006851),1/14,0.4802273035849594,0.6507733477466066,0,0,1.6088056680161944,1.18005210081462,MICU3
GO_Biological_Process_2023,Mitotic intra-S DNA Damage Checkpoint Signaling (GO:0031573),1/14,0.4802273035849594,0.6507733477466066,0,0,1.6088056680161944,1.18005210081462,HUS1B
GO_Biological_Process_2023,Monosaccharide Transmembrane Transport (GO:0015749),1/14,0.4802273035849594,0.6507733477466066,0,0,1.6088056680161944,1.18005210081462,SLC2A12
GO_Biological_Process_2023,Negative Regulation Of Androgen Receptor Signaling Pathway (GO:0060766),1/14,0.4802273035849594,0.6507733477466066,0,0,1.6088056680161944,1.18005210081462,SFRP1
GO_Biological_Process_2023,Negative Regulation Of Chondrocyte Differentiation (GO:0032331),1/14,0.4802273035849594,0.6507733477466066,0,0,1.6088056680161944,1.18005210081462,SNAI2
GO_Biological_Process_2023,Negative Regulation Of Peptidyl-Threonine Phosphorylation (GO:0010801),1/14,0.4802273035849594,0.6507733477466066,0,0,1.6088056680161944,1.18005210081462,SPRY2
GO_Biological_Process_2023,Odontogenesis Of Dentin-Containing Tooth (GO:0042475),1/14,0.4802273035849594,0.6507733477466066,0,0,1.6088056680161944,1.18005210081462,BMP2
GO_Biological_Process_2023,Pancreas Development (GO:0031016),1/14,0.4802273035849594,0.6507733477466066,0,0,1.6088056680161944,1.18005210081462,PROX1
GO_Biological_Process_2023,Positive Regulation Of Endothelial Cell Chemotaxis (GO:2001028),1/14,0.4802273035849594,0.6507733477466066,0,0,1.6088056680161944,1.18005210081462,FGF2
GO_Biological_Process_2023,Positive Regulation Of Long-Term Synaptic Potentiation (GO:1900273),1/14,0.4802273035849594,0.6507733477466066,0,0,1.6088056680161944,1.18005210081462,RELN
GO_Biological_Process_2023,"Positive Regulation Of Nuclear-Transcribed mRNA Catabolic Process, Deadenylation-Dependent Decay (GO:1900153)",1/14,0.4802273035849594,0.6507733477466066,0,0,1.6088056680161944,1.18005210081462,ZFP36
GO_Biological_Process_2023,Positive Regulation Of Transcription From RNA Polymerase II Promoter Involved In Cellular Response To Chemical Stimulus (GO:1901522),1/14,0.4802273035849594,0.6507733477466066,0,0,1.6088056680161944,1.18005210081462,BMP2
GO_Biological_Process_2023,Positive Regulation Of Transporter Activity (GO:0032411),1/14,0.4802273035849594,0.6507733477466066,0,0,1.6088056680161944,1.18005210081462,SGK2
GO_Biological_Process_2023,Protein Activation Cascade (GO:0072376),1/14,0.4802273035849594,0.6507733477466066,0,0,1.6088056680161944,1.18005210081462,F13A1
GO_Biological_Process_2023,Protein Homotrimerization (GO:0070207),1/14,0.4802273035849594,0.6507733477466066,0,0,1.6088056680161944,1.18005210081462,SCARA5
GO_Biological_Process_2023,Protein Trimerization (GO:0070206),1/14,0.4802273035849594,0.6507733477466066,0,0,1.6088056680161944,1.18005210081462,SCARA5
GO_Biological_Process_2023,Regulation Of ATP Biosynthetic Process (GO:2001169),1/14,0.4802273035849594,0.6507733477466066,0,0,1.6088056680161944,1.18005210081462,PID1
GO_Biological_Process_2023,Regulation Of Cell Fate Specification (GO:0042659),1/14,0.4802273035849594,0.6507733477466066,0,0,1.6088056680161944,1.18005210081462,FGF2
GO_Biological_Process_2023,Regulation Of Establishment Of Protein Localization (GO:0070201),1/14,0.4802273035849594,0.6507733477466066,0,0,1.6088056680161944,1.18005210081462,CORO2B
GO_Biological_Process_2023,Regulation Of Hemopoiesis (GO:1903706),1/14,0.4802273035849594,0.6507733477466066,0,0,1.6088056680161944,1.18005210081462,PTN
GO_Biological_Process_2023,Regulation Of Leukocyte Activation (GO:0002694),1/14,0.4802273035849594,0.6507733477466066,0,0,1.6088056680161944,1.18005210081462,GPER1
GO_Biological_Process_2023,Regulation Of Macrophage Differentiation (GO:0045649),1/14,0.4802273035849594,0.6507733477466066,0,0,1.6088056680161944,1.18005210081462,IL34
GO_Biological_Process_2023,Regulation Of Nuclear-Transcribed mRNA poly(A) Tail Shortening (GO:0060211),1/14,0.4802273035849594,0.6507733477466066,0,0,1.6088056680161944,1.18005210081462,ZFP36
GO_Biological_Process_2023,Renal Water Homeostasis (GO:0003091),1/14,0.4802273035849594,0.6507733477466066,0,0,1.6088056680161944,1.18005210081462,AQP1
GO_Biological_Process_2023,Stress Fiber Assembly (GO:0043149),1/14,0.4802273035849594,0.6507733477466066,0,0,1.6088056680161944,1.18005210081462,SORBS1
GO_Biological_Process_2023,"Synaptic Transmission, GABAergic (GO:0051932)",1/14,0.4802273035849594,0.6507733477466066,0,0,1.6088056680161944,1.18005210081462,GABRG1
GO_Biological_Process_2023,Telomere Capping (GO:0016233),1/14,0.4802273035849594,0.6507733477466066,0,0,1.6088056680161944,1.18005210081462,STON1
GO_Biological_Process_2023,Vascular Endothelial Growth Factor Signaling Pathway (GO:0038084),1/14,0.4802273035849594,0.6507733477466066,0,0,1.6088056680161944,1.18005210081462,VEGFD
GO_Biological_Process_2023,Endosome To Lysosome Transport (GO:0008333),3/57,0.4858151339140451,0.6574797537889774,0,0,1.161965811965812,0.8388546209445825,CCL14;GPRASP1;RAB7B
GO_Biological_Process_2023,Myeloid Cell Differentiation (GO:0030099),3/57,0.4858151339140451,0.6574797537889774,0,0,1.161965811965812,0.8388546209445825,TAL1;ZBTB16;KIT
GO_Biological_Process_2023,Regulation Of Calcium Ion Transport (GO:0051924),3/57,0.4858151339140451,0.6574797537889774,0,0,1.161965811965812,0.8388546209445825,PLN;ANK2;MYLK
GO_Biological_Process_2023,Negative Regulation Of Cellular Component Organization (GO:0051129),4/79,0.4893768821498599,0.6620098313745038,0,0,1.1154822148881556,0.7971485398759686,CH25H;SPRY2;CRYAB;BMP6
GO_Biological_Process_2023,Visual Perception (GO:0007601),5/101,0.4917044817177348,0.6648671638469765,0,0,1.0893332415565344,0.7732930382100144,TRPM1;CRYBG3;LUM;COL11A1;RPE65
GO_Biological_Process_2023,Negative Regulation Of T Cell Proliferation (GO:0042130),2/36,0.4939235377804129,0.6675752894606544,0,0,1.2302576354361725,0.867792432863371,CR1;GPNMB
GO_Biological_Process_2023,Positive Regulation Of Mitochondrion Organization (GO:0010822),3/58,0.4974552249792312,0.6697201929106784,0,0,1.140779220779221,0.7965487788780051,GPER1;MGARP;DCN
GO_Biological_Process_2023,Positive Regulation Of Immune Response (GO:0050778),4/80,0.4992516312446503,0.6697201929106784,0,0,1.1007469167969428,0.7646283852790476,C6;C7;NRG1;PCK1
GO_Biological_Process_2023,Sensory Perception Of Light Stimulus (GO:0050953),5/102,0.5004337528690945,0.6697201929106784,0,0,1.0780462327989464,0.7463099009010051,TRPM1;CRYBG3;LUM;COL11A1;RPE65
GO_Biological_Process_2023,Neuron Projection Morphogenesis (GO:0048812),7/146,0.5020351501333389,0.6697201929106784,0,0,1.0532183524703416,0.7257571175011629,NTF4;NRN1;SLC39A12;PAK3;S100B;KLK8;GAS7
GO_Biological_Process_2023,3'-UTR-mediated mRNA Destabilization (GO:0061158),1/15,0.5039714959933612,0.6697201929106784,0,0,1.493812656641604,1.023613564377145,ZFP36
GO_Biological_Process_2023,DNA Alkylation (GO:0006305),1/15,0.5039714959933612,0.6697201929106784,0,0,1.493812656641604,1.023613564377145,FOS
GO_Biological_Process_2023,N-acetylglucosamine Metabolic Process (GO:0006044),1/15,0.5039714959933612,0.6697201929106784,0,0,1.493812656641604,1.023613564377145,CHST3
GO_Biological_Process_2023,Amyloid-Beta Metabolic Process (GO:0050435),1/15,0.5039714959933612,0.6697201929106784,0,0,1.493812656641604,1.023613564377145,MME
GO_Biological_Process_2023,Cellular Glucuronidation (GO:0052695),1/15,0.5039714959933612,0.6697201929106784,0,0,1.493812656641604,1.023613564377145,UGT2B4
GO_Biological_Process_2023,Cellular Response To Zinc Ion (GO:0071294),1/15,0.5039714959933612,0.6697201929106784,0,0,1.493812656641604,1.023613564377145,MT1X
GO_Biological_Process_2023,Dendritic Spine Morphogenesis (GO:0060997),1/15,0.5039714959933612,0.6697201929106784,0,0,1.493812656641604,1.023613564377145,PAK3
GO_Biological_Process_2023,Epiboly Involved In Wound Healing (GO:0090505),1/15,0.5039714959933612,0.6697201929106784,0,0,1.493812656641604,1.023613564377145,PDPN
GO_Biological_Process_2023,Gas Transport (GO:0015669),1/15,0.5039714959933612,0.6697201929106784,0,0,1.493812656641604,1.023613564377145,HBB
GO_Biological_Process_2023,Glucuronate Metabolic Process (GO:0019585),1/15,0.5039714959933612,0.6697201929106784,0,0,1.493812656641604,1.023613564377145,UGT2B4
GO_Biological_Process_2023,Glycosaminoglycan Catabolic Process (GO:0006027),1/15,0.5039714959933612,0.6697201929106784,0,0,1.493812656641604,1.023613564377145,FGF2
GO_Biological_Process_2023,Membrane Repolarization During Action Potential (GO:0086011),1/15,0.5039714959933612,0.6697201929106784,0,0,1.493812656641604,1.023613564377145,KCNIP2
GO_Biological_Process_2023,Negative Regulation Of Cation Transmembrane Transport (GO:1904063),1/15,0.5039714959933612,0.6697201929106784,0,0,1.493812656641604,1.023613564377145,CAV1
GO_Biological_Process_2023,Negative Regulation Of Cell-Substrate Junction Organization (GO:0150118),1/15,0.5039714959933612,0.6697201929106784,0,0,1.493812656641604,1.023613564377145,FAM107A
GO_Biological_Process_2023,Negative Regulation Of Focal Adhesion Assembly (GO:0051895),1/15,0.5039714959933612,0.6697201929106784,0,0,1.493812656641604,1.023613564377145,FAM107A
GO_Biological_Process_2023,Negative Regulation Of Immune Effector Process (GO:0002698),1/15,0.5039714959933612,0.6697201929106784,0,0,1.493812656641604,1.023613564377145,CR1
GO_Biological_Process_2023,Negative Regulation Of Phagocytosis (GO:0050765),1/15,0.5039714959933612,0.6697201929106784,0,0,1.493812656641604,1.023613564377145,PRTN3
GO_Biological_Process_2023,Negative Regulation Of Platelet Activation (GO:0010544),1/15,0.5039714959933612,0.6697201929106784,0,0,1.493812656641604,1.023613564377145,PDGFRA
GO_Biological_Process_2023,Negative Regulation Of Protein Processing (GO:0010955),1/15,0.5039714959933612,0.6697201929106784,0,0,1.493812656641604,1.023613564377145,GAS1
GO_Biological_Process_2023,Negative Regulation Of Synaptic Transmission (GO:0050805),1/15,0.5039714959933612,0.6697201929106784,0,0,1.493812656641604,1.023613564377145,ADIPOQ
GO_Biological_Process_2023,Neurotrophin Signaling Pathway (GO:0038179),1/15,0.5039714959933612,0.6697201929106784,0,0,1.493812656641604,1.023613564377145,NTF4
GO_Biological_Process_2023,Phagosome Maturation (GO:0090382),1/15,0.5039714959933612,0.6697201929106784,0,0,1.493812656641604,1.023613564377145,SRPX
GO_Biological_Process_2023,Polyol Biosynthetic Process (GO:0046173),1/15,0.5039714959933612,0.6697201929106784,0,0,1.493812656641604,1.023613564377145,FGF2
GO_Biological_Process_2023,Positive Regulation Of Cyclin-Dependent Protein Serine/Threonine Kinase Activity (GO:0045737),1/15,0.5039714959933612,0.6697201929106784,0,0,1.493812656641604,1.023613564377145,PROX1
GO_Biological_Process_2023,Positive Regulation Of Endothelial Cell Apoptotic Process (GO:2000353),1/15,0.5039714959933612,0.6697201929106784,0,0,1.493812656641604,1.023613564377145,GPER1
GO_Biological_Process_2023,Positive Regulation Of Glucose Metabolic Process (GO:0010907),1/15,0.5039714959933612,0.6697201929106784,0,0,1.493812656641604,1.023613564377145,FOXO1
GO_Biological_Process_2023,Positive Regulation Of Transmembrane Transport (GO:0034764),1/15,0.5039714959933612,0.6697201929106784,0,0,1.493812656641604,1.023613564377145,NR4A3
GO_Biological_Process_2023,Receptor Catabolic Process (GO:0032801),1/15,0.5039714959933612,0.6697201929106784,0,0,1.493812656641604,1.023613564377145,GPRASP1
GO_Biological_Process_2023,Regulation Of Activin Receptor Signaling Pathway (GO:0032925),1/15,0.5039714959933612,0.6697201929106784,0,0,1.493812656641604,1.023613564377145,FST
GO_Biological_Process_2023,Regulation Of Amyloid Fibril Formation (GO:1905906),1/15,0.5039714959933612,0.6697201929106784,0,0,1.493812656641604,1.023613564377145,CRYAB
GO_Biological_Process_2023,Regulation Of Carbohydrate Metabolic Process (GO:0006109),1/15,0.5039714959933612,0.6697201929106784,0,0,1.493812656641604,1.023613564377145,PDK4
GO_Biological_Process_2023,Regulation Of Cholesterol Biosynthetic Process (GO:0045540),1/15,0.5039714959933612,0.6697201929106784,0,0,1.493812656641604,1.023613564377145,FGF1
GO_Biological_Process_2023,Regulation Of Clathrin-Dependent Endocytosis (GO:2000369),1/15,0.5039714959933612,0.6697201929106784,0,0,1.493812656641604,1.023613564377145,CCL14
GO_Biological_Process_2023,Regulation Of Interleukin-13 Production (GO:0032656),1/15,0.5039714959933612,0.6697201929106784,0,0,1.493812656641604,1.023613564377145,TSLP
GO_Biological_Process_2023,Sphingolipid Catabolic Process (GO:0030149),1/15,0.5039714959933612,0.6697201929106784,0,0,1.493812656641604,1.023613564377145,ENPP2
GO_Biological_Process_2023,Mitochondrion Disassembly (GO:0061726),2/37,0.5085588048824164,0.6752348519019439,0,0,1.1950446918613769,0.8080586589937607,MAP1LC3C;CTSK
GO_Biological_Process_2023,Protein Acylation (GO:0043543),2/37,0.5085588048824164,0.6752348519019439,0,0,1.1950446918613769,0.8080586589937607,ZDHHC22;FOXO1
GO_Biological_Process_2023,Positive Regulation Of Tumor Necrosis Factor Superfamily Cytokine Production (GO:1903557),4/82,0.5187468366364152,0.6865343815124595,0,0,1.0724098050830724,0.7038647066861624,IL33;IL6;MMP8;TLR4
GO_Biological_Process_2023,Regulation Of Phosphorylation (GO:0042325),4/82,0.5187468366364152,0.6865343815124595,0,0,1.0724098050830724,0.7038647066861624,ROPN1B;LDB2;IGF1;ROPN1
GO_Biological_Process_2023,Response To Light Stimulus (GO:0009416),3/60,0.5203267999846944,0.6865343815124595,0,0,1.1006362058993635,0.7190436557975376,TRPM1;DCT;RGR
GO_Biological_Process_2023,Calcium-Dependent Cell-Cell Adhesion Via Plasma Membrane Cell Adhesion Molecules (GO:0016339),2/38,0.5229141829575813,0.6865343815124595,0,0,1.1617880229296256,0.7532312238819029,SELP;CDH7
GO_Biological_Process_2023,Connective Tissue Development (GO:0061448),2/38,0.5229141829575813,0.6865343815124595,0,0,1.1617880229296256,0.7532312238819029,SNORC;ZBTB16
GO_Biological_Process_2023,Establishment Of Protein Localization To Plasma Membrane (GO:0061951),2/38,0.5229141829575813,0.6865343815124595,0,0,1.1617880229296256,0.7532312238819029,TRARG1;NECTIN3
GO_Biological_Process_2023,Import Into Cell (GO:0098657),2/38,0.5229141829575813,0.6865343815124595,0,0,1.1617880229296256,0.7532312238819029,SNAP25;SLC1A7
GO_Biological_Process_2023,Positive Regulation Of Myoblast Differentiation (GO:0045663),2/38,0.5229141829575813,0.6865343815124595,0,0,1.1617880229296256,0.7532312238819029,BOC;SMYD1
GO_Biological_Process_2023,Positive Regulation Of Protein Tyrosine Kinase Activity (GO:0061098),2/38,0.5229141829575813,0.6865343815124595,0,0,1.1617880229296256,0.7532312238819029,RELN;IL34
GO_Biological_Process_2023,Regulation Of Intracellular Transport (GO:0032386),2/38,0.5229141829575813,0.6865343815124595,0,0,1.1617880229296256,0.7532312238819029,GAS1;CRYAB
GO_Biological_Process_2023,Regulation Of Neurotransmitter Secretion (GO:0046928),2/38,0.5229141829575813,0.6865343815124595,0,0,1.1617880229296256,0.7532312238819029,GPER1;CPLX2
GO_Biological_Process_2023,acetyl-CoA Metabolic Process (GO:0006084),1/16,0.5266321397542935,0.6865343815124595,0,0,1.3941520467836257,0.8940041841385655,ACACB
GO_Biological_Process_2023,Activation Of Cysteine-Type Endopeptidase Activity (GO:0097202),1/16,0.5266321397542935,0.6865343815124595,0,0,1.3941520467836257,0.8940041841385655,GRIN2A
GO_Biological_Process_2023,Activin Receptor Signaling Pathway (GO:0032924),1/16,0.5266321397542935,0.6865343815124595,0,0,1.3941520467836257,0.8940041841385655,ACVR1C
GO_Biological_Process_2023,Antifungal Innate Immune Response (GO:0061760),1/16,0.5266321397542935,0.6865343815124595,0,0,1.3941520467836257,0.8940041841385655,RARRES2
GO_Biological_Process_2023,Cell Surface Toll-Like Receptor Signaling Pathway (GO:0140895),1/16,0.5266321397542935,0.6865343815124595,0,0,1.3941520467836257,0.8940041841385655,TLR4
GO_Biological_Process_2023,Cellular Response To Gamma Radiation (GO:0071480),1/16,0.5266321397542935,0.6865343815124595,0,0,1.3941520467836257,0.8940041841385655,CRYAB
GO_Biological_Process_2023,Chondroitin Sulfate Metabolic Process (GO:0030204),1/16,0.5266321397542935,0.6865343815124595,0,0,1.3941520467836257,0.8940041841385655,CHST3
GO_Biological_Process_2023,Glycoprotein Catabolic Process (GO:0006516),1/16,0.5266321397542935,0.6865343815124595,0,0,1.3941520467836257,0.8940041841385655,NCCRP1
GO_Biological_Process_2023,Lymphocyte Mediated Immunity (GO:0002449),1/16,0.5266321397542935,0.6865343815124595,0,0,1.3941520467836257,0.8940041841385655,CR1
GO_Biological_Process_2023,Negative Regulation Of ATP-dependent Activity (GO:0032780),1/16,0.5266321397542935,0.6865343815124595,0,0,1.3941520467836257,0.8940041841385655,PLN
GO_Biological_Process_2023,Negative Regulation Of Amyloid-Beta Formation (GO:1902430),1/16,0.5266321397542935,0.6865343815124595,0,0,1.3941520467836257,0.8940041841385655,IGF1
GO_Biological_Process_2023,Negative Regulation Of Interleukin-10 Production (GO:0032693),1/16,0.5266321397542935,0.6865343815124595,0,0,1.3941520467836257,0.8940041841385655,MMP8
GO_Biological_Process_2023,Negative Regulation Of Release Of Cytochrome C From Mitochondria (GO:0090201),1/16,0.5266321397542935,0.6865343815124595,0,0,1.3941520467836257,0.8940041841385655,IGF1
GO_Biological_Process_2023,Negative Regulation Of Viral-Induced Cytoplasmic Pattern Recognition Receptor Signaling Pathway (GO:0039532),1/16,0.5266321397542935,0.6865343815124595,0,0,1.3941520467836257,0.8940041841385655,RAB7B
GO_Biological_Process_2023,Neuron Projection Organization (GO:0106027),1/16,0.5266321397542935,0.6865343815124595,0,0,1.3941520467836257,0.8940041841385655,ABCD2
GO_Biological_Process_2023,Nuclear Chromosome Segregation (GO:0098813),1/16,0.5266321397542935,0.6865343815124595,0,0,1.3941520467836257,0.8940041841385655,GEM
GO_Biological_Process_2023,Nuclear Migration (GO:0007097),1/16,0.5266321397542935,0.6865343815124595,0,0,1.3941520467836257,0.8940041841385655,SYNE3
GO_Biological_Process_2023,Pharyngeal System Development (GO:0060037),1/16,0.5266321397542935,0.6865343815124595,0,0,1.3941520467836257,0.8940041841385655,FOLR1
GO_Biological_Process_2023,Positive Regulation Of Stem Cell Proliferation (GO:2000648),1/16,0.5266321397542935,0.6865343815124595,0,0,1.3941520467836257,0.8940041841385655,FERMT2
GO_Biological_Process_2023,Protein Localization To Mitochondrion (GO:0070585),1/16,0.5266321397542935,0.6865343815124595,0,0,1.3941520467836257,0.8940041841385655,RNF186
GO_Biological_Process_2023,Regulation Of Establishment Of Endothelial Barrier (GO:1903140),1/16,0.5266321397542935,0.6865343815124595,0,0,1.3941520467836257,0.8940041841385655,CLDN5
GO_Biological_Process_2023,Regulation Of Fibrinolysis (GO:0051917),1/16,0.5266321397542935,0.6865343815124595,0,0,1.3941520467836257,0.8940041841385655,NRG1
GO_Biological_Process_2023,Regulation Of Natural Killer Cell Activation (GO:0032814),1/16,0.5266321397542935,0.6865343815124595,0,0,1.3941520467836257,0.8940041841385655,LEP
GO_Biological_Process_2023,Regulation Of Nucleocytoplasmic Transport (GO:0046822),1/16,0.5266321397542935,0.6865343815124595,0,0,1.3941520467836257,0.8940041841385655,PTPN14
GO_Biological_Process_2023,Regulation Of Plasminogen Activation (GO:0010755),1/16,0.5266321397542935,0.6865343815124595,0,0,1.3941520467836257,0.8940041841385655,CLEC3B
GO_Biological_Process_2023,"Regulation Of Synaptic Transmission, GABAergic (GO:0032228)",1/16,0.5266321397542935,0.6865343815124595,0,0,1.3941520467836257,0.8940041841385655,NALCN
GO_Biological_Process_2023,Regulation Of Transforming Growth Factor Beta Production (GO:0071634),1/16,0.5266321397542935,0.6865343815124595,0,0,1.3941520467836257,0.8940041841385655,PTGS2
GO_Biological_Process_2023,Reverse Cholesterol Transport (GO:0043691),1/16,0.5266321397542935,0.6865343815124595,0,0,1.3941520467836257,0.8940041841385655,CES1
GO_Biological_Process_2023,Ruffle Organization (GO:0031529),1/16,0.5266321397542935,0.6865343815124595,0,0,1.3941520467836257,0.8940041841385655,CCL21
GO_Biological_Process_2023,Stabilization Of Membrane Potential (GO:0030322),1/16,0.5266321397542935,0.6865343815124595,0,0,1.3941520467836257,0.8940041841385655,KCNK3
GO_Biological_Process_2023,"Synaptic Transmission, Cholinergic (GO:0007271)",1/16,0.5266321397542935,0.6865343815124595,0,0,1.3941520467836257,0.8940041841385655,RAPSN
GO_Biological_Process_2023,Vasculature Development (GO:0001944),1/16,0.5266321397542935,0.6865343815124595,0,0,1.3941520467836257,0.8940041841385655,PDGFRA
GO_Biological_Process_2023,Neuron Development (GO:0048666),7/150,0.5308132062114072,0.6916928525008923,0,0,1.0235415798329706,0.6482550411710574,ALK;IL6;TNXB;LGI4;DMD;INSM1;ASCL1
GO_Biological_Process_2023,Negative Regulation Of Autophagy (GO:0010507),3/61,0.5315480376873881,0.6923581402282561,0,0,1.081602879878742,0.6835315989486755,LEP;LEPR;SNCA
GO_Biological_Process_2023,Positive Regulation Of Cell Growth (GO:0030307),5/106,0.5347380633819923,0.6962194861493928,0,0,1.03513324900772,0.6479709029758777,SFRP1;EDN1;UNC13A;AKAP6;IGF1
GO_Biological_Process_2023,RNA Transport (GO:0050658),2/39,0.5369847053140883,0.6973798002964201,0,0,1.130329011777969,0.7028223780692044,ZFP36;TGFBR2
GO_Biological_Process_2023,Anterograde Axonal Transport (GO:0008089),2/39,0.5369847053140883,0.6973798002964201,0,0,1.130329011777969,0.7028223780692044,NEFL;MGARP
GO_Biological_Process_2023,Negative Regulation Of Lymphocyte Proliferation (GO:0050672),2/39,0.5369847053140883,0.6973798002964201,0,0,1.130329011777969,0.7028223780692044,CR1;GPNMB
GO_Biological_Process_2023,Negative Regulation Of Mitochondrion Organization (GO:0010823),2/39,0.5369847053140883,0.6973798002964201,0,0,1.130329011777969,0.7028223780692044,PPARG;IGF1
GO_Biological_Process_2023,"Nuclear-Transcribed mRNA Catabolic Process, Deadenylation-Dependent Decay (GO:0000288)",2/39,0.5369847053140883,0.6973798002964201,0,0,1.130329011777969,0.7028223780692044,ZFP36;SAMD4A
GO_Biological_Process_2023,Odontogenesis (GO:0042476),2/39,0.5369847053140883,0.6973798002964201,0,0,1.130329011777969,0.7028223780692044,BMP2;AQP1
GO_Biological_Process_2023,Regulation Of Neuron Projection Development (GO:0010975),8/174,0.5427370165713906,0.6999480523751215,0,0,1.0075750515875657,0.6157597363200826,RELN;SEMA3A;SEZ6;ROR1;PTN;PAK3;CX3CL1;DDR2
GO_Biological_Process_2023,Monoatomic Ion Transport (GO:0006811),5/107,0.5431467524496947,0.6999480523751215,0,0,1.0249308974691198,0.6255929480468438,SLC15A1;SLC17A7;SLC1A7;TRPM3;SLC8A2
GO_Biological_Process_2023,Regulation Of Kinase Activity (GO:0043549),4/85,0.5472976167532599,0.6999480523751215,0,0,1.03252794415244,0.6223691614830287,PDGFRA;ROR1;LDB2;DDR2
GO_Biological_Process_2023,Regulation Of Cell Cycle Process (GO:0010564),6/130,0.5477759667596225,0.6999480523751215,0,0,1.0116477575843796,0.6088995513518345,SFRP1;CAV2;GPER1;CCDC8;KLHL13;INSM1
GO_Biological_Process_2023,DNA Replication Checkpoint Signaling (GO:0000076),1/17,0.5482586299459163,0.6999480523751215,0,0,1.3069490131578947,0.785487009735076,HUS1B
GO_Biological_Process_2023,NAD Biosynthetic Process (GO:0009435),1/17,0.5482586299459163,0.6999480523751215,0,0,1.3069490131578947,0.785487009735076,PTGIS
GO_Biological_Process_2023,Carbohydrate Derivative Catabolic Process (GO:1901136),1/17,0.5482586299459163,0.6999480523751215,0,0,1.3069490131578947,0.785487009735076,NCCRP1
GO_Biological_Process_2023,Carboxylic Acid Catabolic Process (GO:0046395),1/17,0.5482586299459163,0.6999480523751215,0,0,1.3069490131578947,0.785487009735076,FMO1
GO_Biological_Process_2023,Detection Of Visible Light (GO:0009584),1/17,0.5482586299459163,0.6999480523751215,0,0,1.3069490131578947,0.785487009735076,RPE65
GO_Biological_Process_2023,Embryo Development Ending In Birth Or Egg Hatching (GO:0009792),1/17,0.5482586299459163,0.6999480523751215,0,0,1.3069490131578947,0.785487009735076,SCEL
GO_Biological_Process_2023,Embryonic Heart Tube Development (GO:0035050),1/17,0.5482586299459163,0.6999480523751215,0,0,1.3069490131578947,0.785487009735076,SOX17
GO_Biological_Process_2023,Hippo Signaling (GO:0035329),1/17,0.5482586299459163,0.6999480523751215,0,0,1.3069490131578947,0.785487009735076,FAT4
GO_Biological_Process_2023,Long-Chain fatty-acyl-CoA Biosynthetic Process (GO:0035338),1/17,0.5482586299459163,0.6999480523751215,0,0,1.3069490131578947,0.785487009735076,ACSL1
GO_Biological_Process_2023,Mesenchyme Development (GO:0060485),1/17,0.5482586299459163,0.6999480523751215,0,0,1.3069490131578947,0.785487009735076,MEOX1
GO_Biological_Process_2023,Microtubule Depolymerization (GO:0007019),1/17,0.5482586299459163,0.6999480523751215,0,0,1.3069490131578947,0.785487009735076,KIF19
GO_Biological_Process_2023,Myeloid Cell Activation Involved In Immune Response (GO:0002275),1/17,0.5482586299459163,0.6999480523751215,0,0,1.3069490131578947,0.785487009735076,DNASE1L3
GO_Biological_Process_2023,Negative Regulation Of Calcium Ion Transport (GO:0051926),1/17,0.5482586299459163,0.6999480523751215,0,0,1.3069490131578947,0.785487009735076,PLN
GO_Biological_Process_2023,Negative Regulation Of Fibroblast Proliferation (GO:0048147),1/17,0.5482586299459163,0.6999480523751215,0,0,1.3069490131578947,0.785487009735076,SFRP1
GO_Biological_Process_2023,Negative Regulation Of Interleukin-8 Production (GO:0032717),1/17,0.5482586299459163,0.6999480523751215,0,0,1.3069490131578947,0.785487009735076,KLF4
GO_Biological_Process_2023,Negative Regulation Of Ubiquitin-Protein Transferase Activity (GO:0051444),1/17,0.5482586299459163,0.6999480523751215,0,0,1.3069490131578947,0.785487009735076,USP44
GO_Biological_Process_2023,Peroxisomal Membrane Transport (GO:0015919),1/17,0.5482586299459163,0.6999480523751215,0,0,1.3069490131578947,0.785487009735076,ABCD2
GO_Biological_Process_2023,Positive Regulation Of Alpha-Beta T Cell Proliferation (GO:0046641),1/17,0.5482586299459163,0.6999480523751215,0,0,1.3069490131578947,0.785487009735076,TGFBR2
GO_Biological_Process_2023,Positive Regulation Of Dendrite Extension (GO:1903861),1/17,0.5482586299459163,0.6999480523751215,0,0,1.3069490131578947,0.785487009735076,UNC13A
GO_Biological_Process_2023,Positive Regulation Of Dendrite Morphogenesis (GO:0050775),1/17,0.5482586299459163,0.6999480523751215,0,0,1.3069490131578947,0.785487009735076,RELN
GO_Biological_Process_2023,Positive Regulation Of Leukocyte Proliferation (GO:0070665),1/17,0.5482586299459163,0.6999480523751215,0,0,1.3069490131578947,0.785487009735076,IL34
GO_Biological_Process_2023,Positive Regulation Of Lymphocyte Chemotaxis (GO:0140131),1/17,0.5482586299459163,0.6999480523751215,0,0,1.3069490131578947,0.785487009735076,CCL21
GO_Biological_Process_2023,Positive Regulation Of Regulatory T Cell Differentiation (GO:0045591),1/17,0.5482586299459163,0.6999480523751215,0,0,1.3069490131578947,0.785487009735076,CR1
GO_Biological_Process_2023,Positive Regulation Of Stem Cell Differentiation (GO:2000738),1/17,0.5482586299459163,0.6999480523751215,0,0,1.3069490131578947,0.785487009735076,PTN
GO_Biological_Process_2023,rRNA Transcription (GO:0009303),1/17,0.5482586299459163,0.6999480523751215,0,0,1.3069490131578947,0.785487009735076,CAVIN1
GO_Biological_Process_2023,Receptor Recycling (GO:0001881),1/17,0.5482586299459163,0.6999480523751215,0,0,1.3069490131578947,0.785487009735076,NSG1
GO_Biological_Process_2023,Regulation Of Adenylate Cyclase Activity (GO:0045761),1/17,0.5482586299459163,0.6999480523751215,0,0,1.3069490131578947,0.785487009735076,EDNRB
GO_Biological_Process_2023,Regulation Of Establishment Of Cell Polarity (GO:2000114),1/17,0.5482586299459163,0.6999480523751215,0,0,1.3069490131578947,0.785487009735076,GSN
GO_Biological_Process_2023,Regulation Of Glucose Transmembrane Transport (GO:0010827),1/17,0.5482586299459163,0.6999480523751215,0,0,1.3069490131578947,0.785487009735076,NR4A3
GO_Biological_Process_2023,Regulation Of Oxidative Phosphorylation (GO:0002082),1/17,0.5482586299459163,0.6999480523751215,0,0,1.3069490131578947,0.785487009735076,MLXIPL
GO_Biological_Process_2023,Regulation Of Protein Sumoylation (GO:0033233),1/17,0.5482586299459163,0.6999480523751215,0,0,1.3069490131578947,0.785487009735076,EGR1
GO_Biological_Process_2023,Regulation Of Receptor Recycling (GO:0001919),1/17,0.5482586299459163,0.6999480523751215,0,0,1.3069490131578947,0.785487009735076,SNCA
GO_Biological_Process_2023,Regulation Of Ubiquitin Protein Ligase Activity (GO:1904666),1/17,0.5482586299459163,0.6999480523751215,0,0,1.3069490131578947,0.785487009735076,USP44
GO_Biological_Process_2023,Regulation Of Vacuole Organization (GO:0044088),1/17,0.5482586299459163,0.6999480523751215,0,0,1.3069490131578947,0.785487009735076,RNF186
GO_Biological_Process_2023,Regulation Of Viral Transcription (GO:0046782),1/17,0.5482586299459163,0.6999480523751215,0,0,1.3069490131578947,0.785487009735076,ZFP36
GO_Biological_Process_2023,Toll-Like Receptor 4 Signaling Pathway (GO:0034142),1/17,0.5482586299459163,0.6999480523751215,0,0,1.3069490131578947,0.785487009735076,TLR4
GO_Biological_Process_2023,Ventricular Cardiac Muscle Cell Action Potential (GO:0086005),1/17,0.5482586299459163,0.6999480523751215,0,0,1.3069490131578947,0.785487009735076,SCN3B
GO_Biological_Process_2023,Negative Regulation Of Secretion By Cell (GO:1903531),2/40,0.5507664406899475,0.70112000099376,0,0,1.100525738055347,0.6564024600582551,ANXA1;SNCA
GO_Biological_Process_2023,Positive Regulation Of Insulin Secretion (GO:0032024),2/40,0.5507664406899475,0.70112000099376,0,0,1.100525738055347,0.6564024600582551,GPER1;NNAT
GO_Biological_Process_2023,Protein Localization To Cilium (GO:0061512),2/40,0.5507664406899475,0.70112000099376,0,0,1.100525738055347,0.6564024600582551,ROPN1B;ROPN1
GO_Biological_Process_2023,Regulation Of Autophagosome Assembly (GO:2000785),2/40,0.5507664406899475,0.70112000099376,0,0,1.100525738055347,0.6564024600582551,FEZ1;RNF186
GO_Biological_Process_2023,Regulation Of Cytokine-Mediated Signaling Pathway (GO:0001959),2/40,0.5507664406899475,0.70112000099376,0,0,1.100525738055347,0.6564024600582551,TSLP;IL36RN
GO_Biological_Process_2023,Regulation Of Glycolytic Process (GO:0006110),2/40,0.5507664406899475,0.70112000099376,0,0,1.100525738055347,0.6564024600582551,MLXIPL;IGF1
GO_Biological_Process_2023,Regulation Of Microtubule Polymerization (GO:0031113),2/40,0.5507664406899475,0.70112000099376,0,0,1.100525738055347,0.6564024600582551,ANKRD53;SNCA
GO_Biological_Process_2023,Positive Regulation Of Mitotic Cell Cycle Phase Transition (GO:1901992),3/63,0.553539174799329,0.7043592055257744,0,0,1.0454395604395603,0.6182967427484712,ANXA1;ADAMTS1;FGF10
GO_Biological_Process_2023,Exocytosis (GO:0006887),4/86,0.5566165895412776,0.7079832764375459,0,0,1.0198824760524834,0.5975273429289549,SNAP25;CRHBP;NLRP5;ANK1
GO_Biological_Process_2023,Negative Regulation Of Developmental Process (GO:0051093),5/109,0.5597452728101534,0.7116695457845732,0,0,1.0051147915960692,0.5832414465807725,SFRP1;BMP2;PPARG;ALPK2;MGARP
GO_Biological_Process_2023,Cellular Response To Retinoic Acid (GO:0071300),2/41,0.5642564088721052,0.7138977533070847,0,0,1.0722508373441415,0.6135917942985323,RORB;AQP1
GO_Biological_Process_2023,Positive Regulation Of Response To Biotic Stimulus (GO:0002833),2/41,0.5642564088721052,0.7138977533070847,0,0,1.0722508373441415,0.6135917942985323,EMILIN2;BMP6
GO_Biological_Process_2023,Regulation Of Release Of Cytochrome C From Mitochondria (GO:0090199),2/41,0.5642564088721052,0.7138977533070847,0,0,1.0722508373441415,0.6135917942985323,GPER1;IGF1
GO_Biological_Process_2023,Response To Metal Ion (GO:0010038),3/64,0.5643014567660756,0.7138977533070847,0,0,1.0282471626733922,0.5883287575383749,CAV1;MT1X;SNCA
GO_Biological_Process_2023,Regulation Of JNK Cascade (GO:0046328),5/110,0.5679304911276059,0.7138977533070847,0,0,0.9954898258863016,0.5632045833650329,CCL21;SEMA3A;CCN2;MMP8;KLHL31
GO_Biological_Process_2023,3'-UTR-mediated mRNA Stabilization (GO:0070935),1/18,0.5688981124507381,0.7138977533070847,0,0,1.2300051599587205,0.6937892383973961,ZFP36
GO_Biological_Process_2023,T-helper Cell Differentiation (GO:0042093),1/18,0.5688981124507381,0.7138977533070847,0,0,1.2300051599587205,0.6937892383973961,IL6
GO_Biological_Process_2023,Epithelial Cell Development (GO:0002064),1/18,0.5688981124507381,0.7138977533070847,0,0,1.2300051599587205,0.6937892383973961,DACT2
GO_Biological_Process_2023,Icosanoid Biosynthetic Process (GO:0046456),1/18,0.5688981124507381,0.7138977533070847,0,0,1.2300051599587205,0.6937892383973961,CYP2C8
GO_Biological_Process_2023,Intracellular Lipid Transport (GO:0032365),1/18,0.5688981124507381,0.7138977533070847,0,0,1.2300051599587205,0.6937892383973961,ABCD2
GO_Biological_Process_2023,Maintenance Of Gastrointestinal Epithelium (GO:0030277),1/18,0.5688981124507381,0.7138977533070847,0,0,1.2300051599587205,0.6937892383973961,TLR4
GO_Biological_Process_2023,Membrane Repolarization (GO:0086009),1/18,0.5688981124507381,0.7138977533070847,0,0,1.2300051599587205,0.6937892383973961,KCNIP2
GO_Biological_Process_2023,Negative Regulation Of Amyloid Precursor Protein Catabolic Process (GO:1902992),1/18,0.5688981124507381,0.7138977533070847,0,0,1.2300051599587205,0.6937892383973961,IGF1
GO_Biological_Process_2023,Negative Regulation Of Signal Transduction By P53 Class Mediator (GO:1901797),1/18,0.5688981124507381,0.7138977533070847,0,0,1.2300051599587205,0.6937892383973961,SNAI2
GO_Biological_Process_2023,Neuromuscular Process (GO:0050905),1/18,0.5688981124507381,0.7138977533070847,0,0,1.2300051599587205,0.6937892383973961,KCNA1
GO_Biological_Process_2023,Neuron Fate Commitment (GO:0048663),1/18,0.5688981124507381,0.7138977533070847,0,0,1.2300051599587205,0.6937892383973961,BHLHE22
GO_Biological_Process_2023,Positive Regulation Of CREB Transcription Factor Activity (GO:0032793),1/18,0.5688981124507381,0.7138977533070847,0,0,1.2300051599587205,0.6937892383973961,RELN
GO_Biological_Process_2023,Positive Regulation Of DNA Replication (GO:0045740),1/18,0.5688981124507381,0.7138977533070847,0,0,1.2300051599587205,0.6937892383973961,STON1
GO_Biological_Process_2023,Positive Regulation Of Cyclin-Dependent Protein Kinase Activity (GO:1904031),1/18,0.5688981124507381,0.7138977533070847,0,0,1.2300051599587205,0.6937892383973961,PROX1
GO_Biological_Process_2023,Positive Regulation Of Epidermal Cell Differentiation (GO:0045606),1/18,0.5688981124507381,0.7138977533070847,0,0,1.2300051599587205,0.6937892383973961,SFRP4
GO_Biological_Process_2023,Positive Regulation Of Establishment Of Protein Localization (GO:1904951),1/18,0.5688981124507381,0.7138977533070847,0,0,1.2300051599587205,0.6937892383973961,CORO2B
GO_Biological_Process_2023,Positive Regulation Of Monocyte Chemotaxis (GO:0090026),1/18,0.5688981124507381,0.7138977533070847,0,0,1.2300051599587205,0.6937892383973961,CXCL12
GO_Biological_Process_2023,Positive Regulation Of Stress-Activated Protein Kinase Signaling Cascade (GO:0070304),1/18,0.5688981124507381,0.7138977533070847,0,0,1.2300051599587205,0.6937892383973961,IGFBP6
GO_Biological_Process_2023,Protein Autoprocessing (GO:0016540),1/18,0.5688981124507381,0.7138977533070847,0,0,1.2300051599587205,0.6937892383973961,KLK6
GO_Biological_Process_2023,Pulmonary Valve Morphogenesis (GO:0003184),1/18,0.5688981124507381,0.7138977533070847,0,0,1.2300051599587205,0.6937892383973961,SLIT2
GO_Biological_Process_2023,Regulation Of Cell-Cell Adhesion Mediated By Cadherin (GO:2000047),1/18,0.5688981124507381,0.7138977533070847,0,0,1.2300051599587205,0.6937892383973961,BMP6
GO_Biological_Process_2023,Regulation Of Collagen Biosynthetic Process (GO:0032965),1/18,0.5688981124507381,0.7138977533070847,0,0,1.2300051599587205,0.6937892383973961,IL6
GO_Biological_Process_2023,Regulation Of Epithelial Cell Differentiation (GO:0030856),1/18,0.5688981124507381,0.7138977533070847,0,0,1.2300051599587205,0.6937892383973961,CAV1
GO_Biological_Process_2023,Regulation Of Histone Modification (GO:0031056),1/18,0.5688981124507381,0.7138977533070847,0,0,1.2300051599587205,0.6937892383973961,MYOCD
GO_Biological_Process_2023,Regulation Of Lymphocyte Activation (GO:0051249),1/18,0.5688981124507381,0.7138977533070847,0,0,1.2300051599587205,0.6937892383973961,LEP
GO_Biological_Process_2023,Regulation Of Nervous System Process (GO:0031644),1/18,0.5688981124507381,0.7138977533070847,0,0,1.2300051599587205,0.6937892383973961,SLC8A2
GO_Biological_Process_2023,Vesicle Transport Along Actin Filament (GO:0030050),1/18,0.5688981124507381,0.7138977533070847,0,0,1.2300051599587205,0.6937892383973961,MYO1H
GO_Biological_Process_2023,Fatty Acid Biosynthetic Process (GO:0006633),3/65,0.5749038060283488,0.720600959333144,0,0,1.011609358383552,0.5599789359348563,CYP2C8;ACSM5;ACACB
GO_Biological_Process_2023,Positive Regulation Of Cell Cycle (GO:0045787),3/65,0.5749038060283488,0.720600959333144,0,0,1.011609358383552,0.5599789359348563,TGM1;TAL1;PROX1
GO_Biological_Process_2023,Positive Regulation Of Plasma Membrane Bounded Cell Projection Assembly (GO:0120034),4/88,0.5749401240160459,0.720600959333144,0,0,0.9954947875739956,0.5509957885396185,P2RY12;DOCK11;CCL21;NEURL1
GO_Biological_Process_2023,T Cell Activation (GO:0042110),5/111,0.5760368208409403,0.7216824942922009,0,0,0.9860464633031336,0.5438871519251094,DPP4;CCL21;LEP;KIT;LEPR
GO_Biological_Process_2023,Amino Acid Transmembrane Transport (GO:0003333),2/42,0.5774525022081153,0.7219910386052862,0,0,1.0453896816684962,0.574053881691516,SLC7A10;SLC38A4
GO_Biological_Process_2023,Cardiac Ventricle Morphogenesis (GO:0003208),2/42,0.5774525022081153,0.7219910386052862,0,0,1.0453896816684962,0.574053881691516,PROX1;TGFBR2
GO_Biological_Process_2023,Ceramide Biosynthetic Process (GO:0046513),2/42,0.5774525022081153,0.7219910386052862,0,0,1.0453896816684962,0.574053881691516,CERS3;TLCD3B
GO_Biological_Process_2023,Lipid Modification (GO:0030258),2/42,0.5774525022081153,0.7219910386052862,0,0,1.0453896816684962,0.574053881691516,CYP2C8;DGKI
GO_Biological_Process_2023,Regulation Of Neurotransmitter Receptor Activity (GO:0099601),2/42,0.5774525022081153,0.7219910386052862,0,0,1.0453896816684962,0.574053881691516,CRHBP;RELN
GO_Biological_Process_2023,Organic Anion Transport (GO:0015711),4/89,0.5839395969044852,0.7259267172344607,0,0,0.9837313143079014,0.5292058662124531,SLC22A12;SLC22A3;CA4;SLC2A4
GO_Biological_Process_2023,Sensory Perception Of Mechanical Stimulus (GO:0050954),4/89,0.5839395969044852,0.7259267172344607,0,0,0.9837313143079014,0.5292058662124531,COL11A1;PAX3;SNAI2;ROR1
GO_Biological_Process_2023,Regulation Of Endocytosis (GO:0030100),3/66,0.5853433933411268,0.7259267172344607,0,0,0.9954997383568812,0.5331464619460994,LRP1;STON1;SNCA
GO_Biological_Process_2023,Response To Reactive Oxygen Species (GO:0000302),3/66,0.5853433933411268,0.7259267172344607,0,0,0.9954997383568812,0.5331464619460994,PDGFRA;HBB;FOS
GO_Biological_Process_2023,Arp2/3 Complex-Mediated Actin Nucleation (GO:0034314),1/19,0.5885955857589423,0.7259267172344607,0,0,1.1616106237816763,0.615672149896405,MAGEL2
GO_Biological_Process_2023,DNA Catabolic Process (GO:0006308),1/19,0.5885955857589423,0.7259267172344607,0,0,1.1616106237816763,0.615672149896405,DNASE1L3
GO_Biological_Process_2023,Cardiac Ventricle Development (GO:0003231),1/19,0.5885955857589423,0.7259267172344607,0,0,1.1616106237816763,0.615672149896405,PDE2A
GO_Biological_Process_2023,Cellular Response To Lectin (GO:1990858),1/19,0.5885955857589423,0.7259267172344607,0,0,1.1616106237816763,0.615672149896405,PAK3
GO_Biological_Process_2023,Chondroitin Sulfate Proteoglycan Biosynthetic Process (GO:0050650),1/19,0.5885955857589423,0.7259267172344607,0,0,1.1616106237816763,0.615672149896405,CHST3
GO_Biological_Process_2023,Cyclic Nucleotide Biosynthetic Process (GO:0009190),1/19,0.5885955857589423,0.7259267172344607,0,0,1.1616106237816763,0.615672149896405,NPR1
GO_Biological_Process_2023,Dopamine Metabolic Process (GO:0042417),1/19,0.5885955857589423,0.7259267172344607,0,0,1.1616106237816763,0.615672149896405,SNCA
GO_Biological_Process_2023,Dopaminergic Neuron Differentiation (GO:0071542),1/19,0.5885955857589423,0.7259267172344607,0,0,1.1616106237816763,0.615672149896405,EN1
GO_Biological_Process_2023,Gastrulation (GO:0007369),1/19,0.5885955857589423,0.7259267172344607,0,0,1.1616106237816763,0.615672149896405,NR4A3
GO_Biological_Process_2023,Glycogen Metabolic Process (GO:0005977),1/19,0.5885955857589423,0.7259267172344607,0,0,1.1616106237816763,0.615672149896405,GYG2
GO_Biological_Process_2023,Insulin Secretion (GO:0030073),1/19,0.5885955857589423,0.7259267172344607,0,0,1.1616106237816763,0.615672149896405,ANXA1
GO_Biological_Process_2023,Leukotriene Biosynthetic Process (GO:0019370),1/19,0.5885955857589423,0.7259267172344607,0,0,1.1616106237816763,0.615672149896405,GGTA1
GO_Biological_Process_2023,Linoleic Acid Metabolic Process (GO:0043651),1/19,0.5885955857589423,0.7259267172344607,0,0,1.1616106237816763,0.615672149896405,RAPSN
GO_Biological_Process_2023,Multicellular Organismal-Level Water Homeostasis (GO:0050891),1/19,0.5885955857589423,0.7259267172344607,0,0,1.1616106237816763,0.615672149896405,AQP1
GO_Biological_Process_2023,Negative Regulation Of Calcium Ion Transmembrane Transport (GO:1903170),1/19,0.5885955857589423,0.7259267172344607,0,0,1.1616106237816763,0.615672149896405,PLN
GO_Biological_Process_2023,Negative Regulation Of Cyclin-Dependent Protein Serine/Threonine Kinase Activity (GO:0045736),1/19,0.5885955857589423,0.7259267172344607,0,0,1.1616106237816763,0.615672149896405,MYOCD
GO_Biological_Process_2023,Negative Regulation Of Execution Phase Of Apoptosis (GO:1900118),1/19,0.5885955857589423,0.7259267172344607,0,0,1.1616106237816763,0.615672149896405,CIDEA
GO_Biological_Process_2023,Negative Regulation Of Telomere Maintenance Via Telomerase (GO:0032211),1/19,0.5885955857589423,0.7259267172344607,0,0,1.1616106237816763,0.615672149896405,STON1
GO_Biological_Process_2023,Phosphate Ion Transport (GO:0006817),1/19,0.5885955857589423,0.7259267172344607,0,0,1.1616106237816763,0.615672149896405,SLC17A7
GO_Biological_Process_2023,Phosphatidylcholine Biosynthetic Process (GO:0006656),1/19,0.5885955857589423,0.7259267172344607,0,0,1.1616106237816763,0.615672149896405,CHAT
GO_Biological_Process_2023,Positive Regulation Of Activated T Cell Proliferation (GO:0042104),1/19,0.5885955857589423,0.7259267172344607,0,0,1.1616106237816763,0.615672149896405,IGF1
GO_Biological_Process_2023,Positive Regulation Of Mitochondrial Fission (GO:0090141),1/19,0.5885955857589423,0.7259267172344607,0,0,1.1616106237816763,0.615672149896405,DCN
GO_Biological_Process_2023,Receptor Clustering (GO:0043113),1/19,0.5885955857589423,0.7259267172344607,0,0,1.1616106237816763,0.615672149896405,PTN
GO_Biological_Process_2023,Regulation Of B Cell Differentiation (GO:0045577),1/19,0.5885955857589423,0.7259267172344607,0,0,1.1616106237816763,0.615672149896405,SFRP1
GO_Biological_Process_2023,Regulation Of Centriole Replication (GO:0046599),1/19,0.5885955857589423,0.7259267172344607,0,0,1.1616106237816763,0.615672149896405,C10ORF90
GO_Biological_Process_2023,Regulation Of Lymphocyte Differentiation (GO:0045619),1/19,0.5885955857589423,0.7259267172344607,0,0,1.1616106237816763,0.615672149896405,SPINK5
GO_Biological_Process_2023,Regulation Of Megakaryocyte Differentiation (GO:0045652),1/19,0.5885955857589423,0.7259267172344607,0,0,1.1616106237816763,0.615672149896405,RAB7B
GO_Biological_Process_2023,Stimulatory C-type Lectin Receptor Signaling Pathway (GO:0002223),1/19,0.5885955857589423,0.7259267172344607,0,0,1.1616106237816763,0.615672149896405,PAK3
GO_Biological_Process_2023,Superoxide Anion Generation (GO:0042554),1/19,0.5885955857589423,0.7259267172344607,0,0,1.1616106237816763,0.615672149896405,DUOX2
GO_Biological_Process_2023,Xenobiotic Catabolic Process (GO:0042178),1/19,0.5885955857589423,0.7259267172344607,0,0,1.1616106237816763,0.615672149896405,CYP2C8
GO_Biological_Process_2023,Ephrin Receptor Signaling Pathway (GO:0048013),2/43,0.5903534128090048,0.72722305879545,0,0,1.0198388262697116,0.5374896509638148,MMP2;PAK3
GO_Biological_Process_2023,Regulation Of Endothelial Cell Apoptotic Process (GO:2000351),2/43,0.5903534128090048,0.72722305879545,0,0,1.0198388262697116,0.5374896509638148,ANGPT1;GPER1
GO_Biological_Process_2023,Regulation Of Primary Metabolic Process (GO:0080090),2/43,0.5903534128090048,0.72722305879545,0,0,1.0198388262697116,0.5374896509638148,ANGPTL8;PPARG
GO_Biological_Process_2023,Response To Endoplasmic Reticulum Stress (GO:0034976),5/114,0.599863222914045,0.7386429075132258,0,0,0.9587560118013176,0.4899757224389536,RASGRF2;SEL1L2;RNF186;ATF3;THBS4
GO_Biological_Process_2023,Lymphocyte Differentiation (GO:0030098),4/91,0.6016027410810357,0.7393632791011832,0,0,0.9610156417940644,0.4883477384891744,LEP;KIT;LEPR;LY6D
GO_Biological_Process_2023,Regulation Of Intracellular Signal Transduction (GO:1902531),13/297,0.6017505871556307,0.7393632791011832,0,0,0.9563341158059468,0.4857337901063774,VWF;RASGRF2;PDE2A;SEZ6;AKAP6;ARHGAP28;FGF1;SEZ6L;SLC6A2;PREX2;AKAP12;ARHGAP20;PAK3
GO_Biological_Process_2023,Phosphatidylinositol Phosphate Biosynthetic Process (GO:0046854),2/44,0.6029585633835826,0.7393632791011832,0,0,0.9955046782708692,0.5036325882160662,SOCS3;PIK3C2G
GO_Biological_Process_2023,Positive Regulation Of Cytokine-Mediated Signaling Pathway (GO:0001961),2/44,0.6029585633835826,0.7393632791011832,0,0,0.9955046782708692,0.5036325882160662,EDN1;TSLP
GO_Biological_Process_2023,Regulation Of Insulin Receptor Signaling Pathway (GO:0046626),2/44,0.6029585633835826,0.7393632791011832,0,0,0.9955046782708692,0.5036325882160662,PID1;SORBS1
GO_Biological_Process_2023,Regulation Of Viral Entry Into Host Cell (GO:0046596),2/44,0.6029585633835826,0.7393632791011832,0,0,0.9955046782708692,0.5036325882160662,LRRC15;GSN
GO_Biological_Process_2023,Positive Regulation Of Cytokine Production (GO:0001819),14/320,0.603443165750968,0.7393632791011832,0,0,0.9557969275956584,0.4827762943513967,EGR1;IL33;ANXA1;TSLP;ADIPOQ;HTR2B;PTGS2;MMP8;IL6;LEP;SAA1;CNTN1;RAB7B;TLR4
GO_Biological_Process_2023,DNA Methylation (GO:0006306),1/20,0.6073939992875285,0.7393632791011832,0,0,1.100415512465374,0.5486425315478238,FOS
GO_Biological_Process_2023,T Cell Mediated Immunity (GO:0002456),1/20,0.6073939992875285,0.7393632791011832,0,0,1.100415512465374,0.5486425315478238,CR1
GO_Biological_Process_2023,Actin Filament-Based Transport (GO:0099515),1/20,0.6073939992875285,0.7393632791011832,0,0,1.100415512465374,0.5486425315478238,MYO1H
GO_Biological_Process_2023,Endothelial Cell Development (GO:0001885),1/20,0.6073939992875285,0.7393632791011832,0,0,1.100415512465374,0.5486425315478238,PDE2A
GO_Biological_Process_2023,Gamma-Aminobutyric Acid Signaling Pathway (GO:0007214),1/20,0.6073939992875285,0.7393632791011832,0,0,1.100415512465374,0.5486425315478238,GABRG1
GO_Biological_Process_2023,Glutamate Metabolic Process (GO:0006536),1/20,0.6073939992875285,0.7393632791011832,0,0,1.100415512465374,0.5486425315478238,TAT
GO_Biological_Process_2023,Intracellular Monoatomic Ion Homeostasis (GO:0006873),1/20,0.6073939992875285,0.7393632791011832,0,0,1.100415512465374,0.5486425315478238,SLC39A12
GO_Biological_Process_2023,Leukotriene Metabolic Process (GO:0006691),1/20,0.6073939992875285,0.7393632791011832,0,0,1.100415512465374,0.5486425315478238,CPA1
GO_Biological_Process_2023,Lipopolysaccharide-Mediated Signaling Pathway (GO:0031663),1/20,0.6073939992875285,0.7393632791011832,0,0,1.100415512465374,0.5486425315478238,TLR4
GO_Biological_Process_2023,Monocarboxylic Acid Catabolic Process (GO:0072329),1/20,0.6073939992875285,0.7393632791011832,0,0,1.100415512465374,0.5486425315478238,CYP26B1
GO_Biological_Process_2023,Negative Regulation Of B Cell Activation (GO:0050869),1/20,0.6073939992875285,0.7393632791011832,0,0,1.100415512465374,0.5486425315478238,SFRP1
GO_Biological_Process_2023,Negative Regulation Of Cyclin-Dependent Protein Kinase Activity (GO:1904030),1/20,0.6073939992875285,0.7393632791011832,0,0,1.100415512465374,0.5486425315478238,MYOCD
GO_Biological_Process_2023,Negative Regulation Of Cytokine Production Involved In Inflammatory Response (GO:1900016),1/20,0.6073939992875285,0.7393632791011832,0,0,1.100415512465374,0.5486425315478238,ABCD2
GO_Biological_Process_2023,Negative Regulation Of miRNA Transcription (GO:1902894),1/20,0.6073939992875285,0.7393632791011832,0,0,1.100415512465374,0.5486425315478238,PPARG
GO_Biological_Process_2023,Phosphatidylglycerol Metabolic Process (GO:0046471),1/20,0.6073939992875285,0.7393632791011832,0,0,1.100415512465374,0.5486425315478238,GPAM
GO_Biological_Process_2023,Positive Regulation Of Embryonic Development (GO:0040019),1/20,0.6073939992875285,0.7393632791011832,0,0,1.100415512465374,0.5486425315478238,NLRP5
GO_Biological_Process_2023,Positive Regulation Of Lipid Catabolic Process (GO:0050996),1/20,0.6073939992875285,0.7393632791011832,0,0,1.100415512465374,0.5486425315478238,ABCD2
GO_Biological_Process_2023,Pulmonary Valve Development (GO:0003177),1/20,0.6073939992875285,0.7393632791011832,0,0,1.100415512465374,0.5486425315478238,SLIT2
GO_Biological_Process_2023,Receptor Metabolic Process (GO:0043112),1/20,0.6073939992875285,0.7393632791011832,0,0,1.100415512465374,0.5486425315478238,NSG1
GO_Biological_Process_2023,Regulation Of Meiotic Cell Cycle (GO:0051445),1/20,0.6073939992875285,0.7393632791011832,0,0,1.100415512465374,0.5486425315478238,DUSP1
GO_Biological_Process_2023,Regulation Of Toll-Like Receptor Signaling Pathway (GO:0034121),1/20,0.6073939992875285,0.7393632791011832,0,0,1.100415512465374,0.5486425315478238,CD36
GO_Biological_Process_2023,Sulfur Compound Catabolic Process (GO:0044273),1/20,0.6073939992875285,0.7393632791011832,0,0,1.100415512465374,0.5486425315478238,FMO1
GO_Biological_Process_2023,Regulation Of Apoptotic Signaling Pathway (GO:2001233),2/45,0.615268043866669,0.7483579398803811,0,0,0.9723023511091824,0.4722445901998924,CTSK;CX3CL1
GO_Biological_Process_2023,Regulation Of Stem Cell Differentiation (GO:2000736),2/45,0.615268043866669,0.7483579398803811,0,0,0.9723023511091824,0.4722445901998924,PDGFRA;PTN
GO_Biological_Process_2023,Establishment Of Protein Localization To Membrane (GO:0090150),3/69,0.6156626107139044,0.7485429221243887,0,0,0.9500999000999,0.4608518237680427,ZDHHC22;SYNE3;NECTIN3
GO_Biological_Process_2023,Aminoglycan Biosynthetic Process (GO:0006023),1/21,0.6253343461850606,0.7552453547235063,0,0,1.0453399122807017,0.4907544934306312,HAS1
GO_Biological_Process_2023,Anaphase-Promoting Complex-Dependent Catabolic Process (GO:0031145),1/21,0.6253343461850606,0.7552453547235063,0,0,1.0453399122807017,0.4907544934306312,ECRG4
GO_Biological_Process_2023,Cellular Response To Nerve Growth Factor Stimulus (GO:1990090),1/21,0.6253343461850606,0.7552453547235063,0,0,1.0453399122807017,0.4907544934306312,NTF4
GO_Biological_Process_2023,Innate Immune Response In Mucosa (GO:0002227),1/21,0.6253343461850606,0.7552453547235063,0,0,1.0453399122807017,0.4907544934306312,DEFB1
GO_Biological_Process_2023,Mitochondrial Calcium Ion Homeostasis (GO:0051560),1/21,0.6253343461850606,0.7552453547235063,0,0,1.0453399122807017,0.4907544934306312,MICU3
GO_Biological_Process_2023,Negative Regulation Of Biomineral Tissue Development (GO:0070168),1/21,0.6253343461850606,0.7552453547235063,0,0,1.0453399122807017,0.4907544934306312,ASPN
GO_Biological_Process_2023,Negative Regulation Of miRNA Metabolic Process (GO:2000629),1/21,0.6253343461850606,0.7552453547235063,0,0,1.0453399122807017,0.4907544934306312,PPARG
GO_Biological_Process_2023,Negative Regulation Of Tumor Necrosis Factor-Mediated Signaling Pathway (GO:0010804),1/21,0.6253343461850606,0.7552453547235063,0,0,1.0453399122807017,0.4907544934306312,CCDC3
GO_Biological_Process_2023,Positive Regulation Of T Cell Cytokine Production (GO:0002726),1/21,0.6253343461850606,0.7552453547235063,0,0,1.0453399122807017,0.4907544934306312,IL6
GO_Biological_Process_2023,Positive Regulation Of Interferon-Alpha Production (GO:0032727),1/21,0.6253343461850606,0.7552453547235063,0,0,1.0453399122807017,0.4907544934306312,TLR4
GO_Biological_Process_2023,Positive Regulation Of Smoothened Signaling Pathway (GO:0045880),1/21,0.6253343461850606,0.7552453547235063,0,0,1.0453399122807017,0.4907544934306312,SFRP1
GO_Biological_Process_2023,Positive Regulation Of Transcription Regulatory Region DNA Binding (GO:2000679),1/21,0.6253343461850606,0.7552453547235063,0,0,1.0453399122807017,0.4907544934306312,IGF1
GO_Biological_Process_2023,Regulation Of Dendritic Spine Development (GO:0060998),1/21,0.6253343461850606,0.7552453547235063,0,0,1.0453399122807017,0.4907544934306312,NEURL1
GO_Biological_Process_2023,Regulation Of Neurotransmitter Transport (GO:0051588),1/21,0.6253343461850606,0.7552453547235063,0,0,1.0453399122807017,0.4907544934306312,CPLX2
GO_Biological_Process_2023,Regulation Of Steroid Metabolic Process (GO:0019218),1/21,0.6253343461850606,0.7552453547235063,0,0,1.0453399122807017,0.4907544934306312,ACADL
GO_Biological_Process_2023,Regulation Of Transferase Activity (GO:0051338),1/21,0.6253343461850606,0.7552453547235063,0,0,1.0453399122807017,0.4907544934306312,LDB2
GO_Biological_Process_2023,Sulfur Compound Transport (GO:0072348),1/21,0.6253343461850606,0.7552453547235063,0,0,1.0453399122807017,0.4907544934306312,SLC19A3
GO_Biological_Process_2023,Peptidyl-Lysine Modification (GO:0018205),4/94,0.6272300477995859,0.7564145458249111,0,0,0.9288351057327956,0.433247614523193,EGR2;LOX;NNAT;IVL
GO_Biological_Process_2023,Vesicle Organization (GO:0016050),4/94,0.6272300477995859,0.7564145458249111,0,0,0.9288351057327956,0.433247614523193,SRPX;CAV2;CAV1;CD34
GO_Biological_Process_2023,Positive Regulation Of Peptide Hormone Secretion (GO:0090277),2/46,0.6272825517692816,0.7564145458249111,0,0,0.9501546751821176,0.4431124231624527,GPER1;NNAT
GO_Biological_Process_2023,Regulation Of mRNA Catabolic Process (GO:0061013),2/46,0.6272825517692816,0.7564145458249111,0,0,0.9501546751821176,0.4431124231624527,ZFP36;PKP1
GO_Biological_Process_2023,Negative Regulation Of Supramolecular Fiber Organization (GO:1902904),3/71,0.6350252472065862,0.7654521429624098,0,0,0.9220588235294118,0.4186981720295735,SLIT2;CRYAB;SNCA
GO_Biological_Process_2023,Cell Junction Assembly (GO:0034329),4/95,0.6355349983857405,0.7657675800221626,0,0,0.9185797700649184,0.4163812948977758,CLDN5;PKP1;CDH7;ADGRL3
GO_Biological_Process_2023,Regulation Of Protein Kinase Activity (GO:0045859),5/119,0.6378344534164986,0.7675158311411454,0,0,0.9164637916376844,0.4121122363507888,RELN;CCL21;CARTPT;DDR2;SNCA
GO_Biological_Process_2023,Positive Regulation Of Lymphocyte Activation (GO:0051251),2/47,0.6390033364554026,0.7675158311411454,0,0,0.9289913404073668,0.416044687257162,IL6;FGF10
GO_Biological_Process_2023,Fc Receptor Mediated Stimulatory Signaling Pathway (GO:0002431),1/22,0.6424557524032134,0.7675158311411454,0,0,0.9955096073517126,0.4404705252864168,NR4A3
GO_Biological_Process_2023,Fc-epsilon Receptor Signaling Pathway (GO:0038095),1/22,0.6424557524032134,0.7675158311411454,0,0,0.9955096073517126,0.4404705252864168,NR4A3
GO_Biological_Process_2023,NAD Metabolic Process (GO:0019674),1/22,0.6424557524032134,0.7675158311411454,0,0,0.9955096073517126,0.4404705252864168,KRT17
GO_Biological_Process_2023,Homologous Chromosome Segregation (GO:0045143),1/22,0.6424557524032134,0.7675158311411454,0,0,0.9955096073517126,0.4404705252864168,IHO1
GO_Biological_Process_2023,Membrane Protein Ectodomain Proteolysis (GO:0006509),1/22,0.6424557524032134,0.7675158311411454,0,0,0.9955096073517126,0.4404705252864168,PRTN3
GO_Biological_Process_2023,Negative Regulation Of Axonogenesis (GO:0050771),1/22,0.6424557524032134,0.7675158311411454,0,0,0.9955096073517126,0.4404705252864168,SEMA3G
GO_Biological_Process_2023,Negative Regulation Of Cell Communication (GO:0010648),1/22,0.6424557524032134,0.7675158311411454,0,0,0.9955096073517126,0.4404705252864168,ADIPOQ
GO_Biological_Process_2023,Negative Regulation Of Extrinsic Apoptotic Signaling Pathway In Absence Of Ligand (GO:2001240),1/22,0.6424557524032134,0.7675158311411454,0,0,0.9955096073517126,0.4404705252864168,SNAI2
GO_Biological_Process_2023,Negative Regulation Of Macroautophagy (GO:0016242),1/22,0.6424557524032134,0.7675158311411454,0,0,0.9955096073517126,0.4404705252864168,FEZ1
GO_Biological_Process_2023,Negative Regulation Of Signal Transduction In Absence Of Ligand (GO:1901099),1/22,0.6424557524032134,0.7675158311411454,0,0,0.9955096073517126,0.4404705252864168,SNAI2
GO_Biological_Process_2023,peptidyl-L-cysteine S-palmitoylation (GO:0018230),1/22,0.6424557524032134,0.7675158311411454,0,0,0.9955096073517126,0.4404705252864168,ZDHHC22
GO_Biological_Process_2023,peptidyl-S-diacylglycerol-L-cysteine Biosynthetic Process From Peptidyl-Cysteine (GO:0018231),1/22,0.6424557524032134,0.7675158311411454,0,0,0.9955096073517126,0.4404705252864168,ZDHHC22
GO_Biological_Process_2023,Positive Regulation Of Phosphatase Activity (GO:0010922),1/22,0.6424557524032134,0.7675158311411454,0,0,0.9955096073517126,0.4404705252864168,BMP2
GO_Biological_Process_2023,Positive Regulation Of Protein Autophosphorylation (GO:0031954),1/22,0.6424557524032134,0.7675158311411454,0,0,0.9955096073517126,0.4404705252864168,GPNMB
GO_Biological_Process_2023,Positive Regulation Of Viral Life Cycle (GO:1903902),1/22,0.6424557524032134,0.7675158311411454,0,0,0.9955096073517126,0.4404705252864168,CD209
GO_Biological_Process_2023,Regulation Of Catabolic Process (GO:0009894),1/22,0.6424557524032134,0.7675158311411454,0,0,0.9955096073517126,0.4404705252864168,RARRES2
GO_Biological_Process_2023,Regulation Of Histone Acetylation (GO:0035065),1/22,0.6424557524032134,0.7675158311411454,0,0,0.9955096073517126,0.4404705252864168,MYOCD
GO_Biological_Process_2023,Regulation Of Protein Export From Nucleus (GO:0046825),1/22,0.6424557524032134,0.7675158311411454,0,0,0.9955096073517126,0.4404705252864168,PTPN14
GO_Biological_Process_2023,Regulation Of Regulatory T Cell Differentiation (GO:0045589),1/22,0.6424557524032134,0.7675158311411454,0,0,0.9955096073517126,0.4404705252864168,CR1
GO_Biological_Process_2023,Response To Gamma Radiation (GO:0010332),1/22,0.6424557524032134,0.7675158311411454,0,0,0.9955096073517126,0.4404705252864168,CRYAB
GO_Biological_Process_2023,Actin Filament Organization (GO:0007015),6/144,0.6476363988169171,0.773405633712891,0,0,0.9083457168879728,0.3946088629229132,CNN1;GSN;NLRP5;LMOD1;PROX1;MYO1H
GO_Biological_Process_2023,Chloride Transmembrane Transport (GO:1902476),2/48,0.6504321475237527,0.7761438111348374,0,0,0.9087481506228224,0.390869204819484,SLC1A7;GABRG1
GO_Biological_Process_2023,Regulation Of Tumor Necrosis Factor-Mediated Signaling Pathway (GO:0010803),2/48,0.6504321475237527,0.7761438111348374,0,0,0.9087481506228224,0.390869204819484,ADIPOQ;CCDC3
GO_Biological_Process_2023,Regulation Of Rho Protein Signal Transduction (GO:0035023),3/73,0.6536972745581924,0.7797385960437171,0,0,0.8956200941915228,0.3807378800868132,GPR17;COL3A1;SLC6A2
GO_Biological_Process_2023,Neuron Projection Development (GO:0031175),8/192,0.6539793922027711,0.7797738059984375,0,0,0.9081431659860676,0.3856697297311268,NTF4;IL6;TNXB;MGARP;BHLHE22;PAK3;KLK8;GAS7
GO_Biological_Process_2023,Cell-Cell Signaling By Wnt (GO:0198738),1/23,0.6587955618113952,0.7818923103851507,0,0,0.9502093301435408,0.3965622788687317,FERMT2
GO_Biological_Process_2023,Cholesterol Efflux (GO:0033344),1/23,0.6587955618113952,0.7818923103851507,0,0,0.9502093301435408,0.3965622788687317,ABCA8
GO_Biological_Process_2023,Heparan Sulfate Proteoglycan Biosynthetic Process (GO:0015012),1/23,0.6587955618113952,0.7818923103851507,0,0,0.9502093301435408,0.3965622788687317,EXTL1
GO_Biological_Process_2023,Hepaticobiliary System Development (GO:0061008),1/23,0.6587955618113952,0.7818923103851507,0,0,0.9502093301435408,0.3965622788687317,PROX1
GO_Biological_Process_2023,Immune Response-Activating Cell Surface Receptor Signaling Pathway (GO:0002429),1/23,0.6587955618113952,0.7818923103851507,0,0,0.9502093301435408,0.3965622788687317,CR1
GO_Biological_Process_2023,Positive Regulation Of Morphogenesis Of An Epithelium (GO:1905332),1/23,0.6587955618113952,0.7818923103851507,0,0,0.9502093301435408,0.3965622788687317,FGF2
GO_Biological_Process_2023,Positive Regulation Of Protein Targeting To Membrane (GO:0090314),1/23,0.6587955618113952,0.7818923103851507,0,0,0.9502093301435408,0.3965622788687317,KCNB1
GO_Biological_Process_2023,Protein Alkylation (GO:0008213),1/23,0.6587955618113952,0.7818923103851507,0,0,0.9502093301435408,0.3965622788687317,PRMT8
GO_Biological_Process_2023,Protein Localization To Cell Junction (GO:1902414),1/23,0.6587955618113952,0.7818923103851507,0,0,0.9502093301435408,0.3965622788687317,FERMT2
GO_Biological_Process_2023,"Regulation Of Nuclear-Transcribed mRNA Catabolic Process, Deadenylation-Dependent Decay (GO:1900151)",1/23,0.6587955618113952,0.7818923103851507,0,0,0.9502093301435408,0.3965622788687317,ZFP36
GO_Biological_Process_2023,Regulation Of Toll-Like Receptor 4 Signaling Pathway (GO:0034143),1/23,0.6587955618113952,0.7818923103851507,0,0,0.9502093301435408,0.3965622788687317,RAB7B
GO_Biological_Process_2023,Zinc Ion Transport (GO:0006829),1/23,0.6587955618113952,0.7818923103851507,0,0,0.9502093301435408,0.3965622788687317,SLC39A2
GO_Biological_Process_2023,MAPK Cascade (GO:0000165),4/98,0.6597211107336827,0.7826898804130971,0,0,0.8891229548486763,0.369820106068456,ZFP36;HTR2B;IGF1;FGF10
GO_Biological_Process_2023,Positive Regulation Of Cellular Catabolic Process (GO:0031331),6/146,0.6607587033726652,0.7833794604941361,0,0,0.8952748464325091,0.3709719526628026,MLXIPL;ABCD2;IGF1;FOXO1;DCN;SNCA
GO_Biological_Process_2023,Autophagy Of Mitochondrion (GO:0000422),2/49,0.6615711867535513,0.7833794604941361,0,0,0.8893663731695355,0.3674307663755012,MAP1LC3C;CTSK
GO_Biological_Process_2023,Erythrocyte Differentiation (GO:0030218),2/49,0.6615711867535513,0.7833794604941361,0,0,0.8893663731695355,0.3674307663755012,TAL1;KIT
GO_Biological_Process_2023,Neurogenesis (GO:0022008),2/49,0.6615711867535513,0.7833794604941361,0,0,0.8893663731695355,0.3674307663755012,FAT4;ASCL1
GO_Biological_Process_2023,Regulation Of Mitotic Metaphase/Anaphase Transition (GO:0030071),2/49,0.6615711867535513,0.7833794604941361,0,0,0.8893663731695355,0.3674307663755012,DUSP1;USP44
GO_Biological_Process_2023,Dicarboxylic Acid Metabolic Process (GO:0043648),2/50,0.6724230629581884,0.7933841960704094,0,0,0.8707921697768021,0.345589179860501,TAT;PCK1
GO_Biological_Process_2023,Positive Regulation Of Developmental Growth (GO:0048639),2/50,0.6724230629581884,0.7933841960704094,0,0,0.8707921697768021,0.345589179860501,UNC13A;LEP
GO_Biological_Process_2023,Ear Morphogenesis (GO:0042471),1/24,0.6743894170679476,0.7933841960704094,0,0,0.9088482074752098,0.3580385380933838,OTOP1
GO_Biological_Process_2023,Iron Ion Transport (GO:0006826),1/24,0.6743894170679476,0.7933841960704094,0,0,0.9088482074752098,0.3580385380933838,SCARA5
GO_Biological_Process_2023,Lipid Translocation (GO:0034204),1/24,0.6743894170679476,0.7933841960704094,0,0,0.9088482074752098,0.3580385380933838,ABCB1
GO_Biological_Process_2023,Negative Regulation Of Ossification (GO:0030279),1/24,0.6743894170679476,0.7933841960704094,0,0,0.9088482074752098,0.3580385380933838,SFRP1
GO_Biological_Process_2023,Peroxisome Organization (GO:0007031),1/24,0.6743894170679476,0.7933841960704094,0,0,0.9088482074752098,0.3580385380933838,ABCD2
GO_Biological_Process_2023,Positive Regulation Of ERBB Signaling Pathway (GO:1901186),1/24,0.6743894170679476,0.7933841960704094,0,0,0.9088482074752098,0.3580385380933838,GPER1
GO_Biological_Process_2023,Positive Regulation Of Interleukin-17 Production (GO:0032740),1/24,0.6743894170679476,0.7933841960704094,0,0,0.9088482074752098,0.3580385380933838,IL6
GO_Biological_Process_2023,Protein Exit From Endoplasmic Reticulum (GO:0032527),1/24,0.6743894170679476,0.7933841960704094,0,0,0.9088482074752098,0.3580385380933838,MAP1LC3C
GO_Biological_Process_2023,Protein Kinase B Signaling (GO:0043491),1/24,0.6743894170679476,0.7933841960704094,0,0,0.9088482074752098,0.3580385380933838,IGF1
GO_Biological_Process_2023,Regulation Of AMPA Receptor Activity (GO:2000311),1/24,0.6743894170679476,0.7933841960704094,0,0,0.9088482074752098,0.3580385380933838,RELN
GO_Biological_Process_2023,Regulation Of Actin Nucleation (GO:0051125),1/24,0.6743894170679476,0.7933841960704094,0,0,0.9088482074752098,0.3580385380933838,GSN
GO_Biological_Process_2023,Regulation Of Heterotypic Cell-Cell Adhesion (GO:0034114),1/24,0.6743894170679476,0.7933841960704094,0,0,0.9088482074752098,0.3580385380933838,KLF4
GO_Biological_Process_2023,Regulation Of Supramolecular Fiber Organization (GO:1902903),1/24,0.6743894170679476,0.7933841960704094,0,0,0.9088482074752098,0.3580385380933838,CSF3
GO_Biological_Process_2023,Regulation Of Viral Life Cycle (GO:1903900),1/24,0.6743894170679476,0.7933841960704094,0,0,0.9088482074752098,0.3580385380933838,CD209
GO_Biological_Process_2023,Secondary Alcohol Biosynthetic Process (GO:1902653),1/24,0.6743894170679476,0.7933841960704094,0,0,0.9088482074752098,0.3580385380933838,CES1
GO_Biological_Process_2023,Protein Complex Oligomerization (GO:0051259),4/100,0.6752297895299584,0.7937678447368551,0,0,0.8705078841217455,0.3418503761055759,PRMT8;KCNC1;KCNC2;SNCA
GO_Biological_Process_2023,Regulation Of Organelle Organization (GO:0033043),4/100,0.6752297895299584,0.7937678447368551,0,0,0.8705078841217455,0.3418503761055759,ZEB2;PDE2A;NEXN;MGARP
GO_Biological_Process_2023,Regulation Of Smoothened Signaling Pathway (GO:0008589),2/51,0.6829907505814548,0.8022802309912294,0,0,0.8529760971347925,0.3252175759124068,SFRP1;GAS1
GO_Biological_Process_2023,Regulation Of Stress-Activated MAPK Cascade (GO:0032872),2/51,0.6829907505814548,0.8022802309912294,0,0,0.8529760971347925,0.3252175759124068,IGFBP6;FOXO1
GO_Biological_Process_2023,Cellular Response To Starvation (GO:0009267),5/126,0.6870941378646614,0.804149893504811,0,0,0.8631266610842101,0.3239175988518581,SFRP1;MAP1LC3C;PDK4;CARTPT;FOXO1
GO_Biological_Process_2023,Cell Morphogenesis Involved In Neuron Differentiation (GO:0048667),3/77,0.6889568594810355,0.804149893504811,0,0,0.847029997029997,0.3155835760119144,CDHR1;PAK3;S100B
GO_Biological_Process_2023,Sphingolipid Biosynthetic Process (GO:0030148),3/77,0.6889568594810355,0.804149893504811,0,0,0.847029997029997,0.3155835760119144,CERS3;ABCA8;TLCD3B
GO_Biological_Process_2023,Cholesterol Biosynthetic Process (GO:0006695),1/25,0.689271337289838,0.804149893504811,0,0,0.8709338450292398,0.3240921395673428,CES1
GO_Biological_Process_2023,Long-Chain Fatty Acid Biosynthetic Process (GO:0042759),1/25,0.689271337289838,0.804149893504811,0,0,0.8709338450292398,0.3240921395673428,CYP2C8
GO_Biological_Process_2023,Negative Regulation Of Protein Transport (GO:0051224),1/25,0.689271337289838,0.804149893504811,0,0,0.8709338450292398,0.3240921395673428,ADTRP
GO_Biological_Process_2023,Negative Regulation Of Stress Fiber Assembly (GO:0051497),1/25,0.689271337289838,0.804149893504811,0,0,0.8709338450292398,0.3240921395673428,ARHGAP28
GO_Biological_Process_2023,Negative Regulation Of Telomere Maintenance Via Telomere Lengthening (GO:1904357),1/25,0.689271337289838,0.804149893504811,0,0,0.8709338450292398,0.3240921395673428,STON1
GO_Biological_Process_2023,Osteoclast Differentiation (GO:0030316),1/25,0.689271337289838,0.804149893504811,0,0,0.8709338450292398,0.3240921395673428,BMP2
GO_Biological_Process_2023,Positive Regulation Of Peptidase Activity (GO:0010952),1/25,0.689271337289838,0.804149893504811,0,0,0.8709338450292398,0.3240921395673428,CTSK
GO_Biological_Process_2023,Positive Regulation Of Release Of Cytochrome C From Mitochondria (GO:0090200),1/25,0.689271337289838,0.804149893504811,0,0,0.8709338450292398,0.3240921395673428,GPER1
GO_Biological_Process_2023,Regulation Of B Cell Activation (GO:0050864),1/25,0.689271337289838,0.804149893504811,0,0,0.8709338450292398,0.3240921395673428,IL6
GO_Biological_Process_2023,Regulation Of Actin Cytoskeleton Reorganization (GO:2000249),1/25,0.689271337289838,0.804149893504811,0,0,0.8709338450292398,0.3240921395673428,PDGFRA
GO_Biological_Process_2023,Regulation Of Cell Size (GO:0008361),1/25,0.689271337289838,0.804149893504811,0,0,0.8709338450292398,0.3240921395673428,EDN1
GO_Biological_Process_2023,Regulation Of Intracellular Estrogen Receptor Signaling Pathway (GO:0033146),1/25,0.689271337289838,0.804149893504811,0,0,0.8709338450292398,0.3240921395673428,ZNF366
GO_Biological_Process_2023,Regulation Of Synapse Organization (GO:0050807),1/25,0.689271337289838,0.804149893504811,0,0,0.8709338450292398,0.3240921395673428,KLK8
GO_Biological_Process_2023,Response To Zinc Ion (GO:0010043),1/25,0.689271337289838,0.804149893504811,0,0,0.8709338450292398,0.3240921395673428,MT1X
GO_Biological_Process_2023,Ventricular Cardiac Muscle Tissue Development (GO:0003229),1/25,0.689271337289838,0.804149893504811,0,0,0.8709338450292398,0.3240921395673428,PROX1
GO_Biological_Process_2023,Cellular Response To Ionizing Radiation (GO:0071479),2/52,0.6932775509296893,0.807907814163817,0,0,0.8358726673984632,0.3062009324974887,SLC6A2;CRYAB
GO_Biological_Process_2023,Negative Regulation Of Innate Immune Response (GO:0045824),2/52,0.6932775509296893,0.807907814163817,0,0,0.8358726673984632,0.3062009324974887,CR1;SERPING1
GO_Biological_Process_2023,Regulation Of Protein Localization To Nucleus (GO:1900180),2/52,0.6932775509296893,0.807907814163817,0,0,0.8358726673984632,0.3062009324974887,NGFR;FERMT2
GO_Biological_Process_2023,Positive Regulation Of NIK/NF-kappaB Signaling (GO:1901224),2/53,0.7032870560718352,0.8136469069183497,0,0,0.819439960396892,0.2884347867087501,MMP8;TLR4
GO_Biological_Process_2023,"Regulation Of Alternative mRNA Splicing, Via Spliceosome (GO:0000381)",2/53,0.7032870560718352,0.8136469069183497,0,0,0.819439960396892,0.2884347867087501,CELF2;CELF3
GO_Biological_Process_2023,Fc Receptor Signaling Pathway (GO:0038093),1/26,0.70347379156627,0.8136469069183497,0,0,0.8360526315789474,0.2940603254686033,KIT
GO_Biological_Process_2023,Calcium-Ion Regulated Exocytosis (GO:0017156),1/26,0.70347379156627,0.8136469069183497,0,0,0.8360526315789474,0.2940603254686033,SYT8
GO_Biological_Process_2023,Cell-Cell Adhesion Mediated By Cadherin (GO:0044331),1/26,0.70347379156627,0.8136469069183497,0,0,0.8360526315789474,0.2940603254686033,CDH7
GO_Biological_Process_2023,Dendritic Spine Organization (GO:0097061),1/26,0.70347379156627,0.8136469069183497,0,0,0.8360526315789474,0.2940603254686033,PAK3
GO_Biological_Process_2023,Meiosis I (GO:0007127),1/26,0.70347379156627,0.8136469069183497,0,0,0.8360526315789474,0.2940603254686033,BRDT
GO_Biological_Process_2023,miRNA-mediated Gene Silencing (GO:0035195),1/26,0.70347379156627,0.8136469069183497,0,0,0.8360526315789474,0.2940603254686033,ZFP36
GO_Biological_Process_2023,Negative Regulation Of Catalytic Activity (GO:0043086),1/26,0.70347379156627,0.8136469069183497,0,0,0.8360526315789474,0.2940603254686033,PLN
GO_Biological_Process_2023,Negative Regulation Of Insulin Receptor Signaling Pathway (GO:0046627),1/26,0.70347379156627,0.8136469069183497,0,0,0.8360526315789474,0.2940603254686033,PID1
GO_Biological_Process_2023,Negative Regulation Of Receptor-Mediated Endocytosis (GO:0048261),1/26,0.70347379156627,0.8136469069183497,0,0,0.8360526315789474,0.2940603254686033,ADIPOQ
GO_Biological_Process_2023,Nuclear Membrane Organization (GO:0071763),1/26,0.70347379156627,0.8136469069183497,0,0,0.8360526315789474,0.2940603254686033,GPER1
GO_Biological_Process_2023,Nucleic Acid Phosphodiester Bond Hydrolysis (GO:0090305),1/26,0.70347379156627,0.8136469069183497,0,0,0.8360526315789474,0.2940603254686033,IHO1
GO_Biological_Process_2023,Organelle Membrane Fusion (GO:0090174),1/26,0.70347379156627,0.8136469069183497,0,0,0.8360526315789474,0.2940603254686033,CAV2
GO_Biological_Process_2023,Positive Regulation Of Erythrocyte Differentiation (GO:0045648),1/26,0.70347379156627,0.8136469069183497,0,0,0.8360526315789474,0.2940603254686033,TAL1
GO_Biological_Process_2023,Positive Regulation Of Microtubule Polymerization Or Depolymerization (GO:0031112),1/26,0.70347379156627,0.8136469069183497,0,0,0.8360526315789474,0.2940603254686033,ANKRD53
GO_Biological_Process_2023,Protein Export From Nucleus (GO:0006611),1/26,0.70347379156627,0.8136469069183497,0,0,0.8360526315789474,0.2940603254686033,EGR2
GO_Biological_Process_2023,Regulation Of Actin Filament Bundle Assembly (GO:0032231),1/26,0.70347379156627,0.8136469069183497,0,0,0.8360526315789474,0.2940603254686033,CX3CL1
GO_Biological_Process_2023,Regulation Of Interferon-Alpha Production (GO:0032647),1/26,0.70347379156627,0.8136469069183497,0,0,0.8360526315789474,0.2940603254686033,TLR4
GO_Biological_Process_2023,Telomere Maintenance Via Telomere Lengthening (GO:0010833),1/26,0.70347379156627,0.8136469069183497,0,0,0.8360526315789474,0.2940603254686033,STON1
GO_Biological_Process_2023,Positive Regulation Of Endocytosis (GO:0045807),3/79,0.7055471999167765,0.8151288196643297,0,0,0.824652978600347,0.2876237912085085,LRP1;CCL21;SNCA
GO_Biological_Process_2023,Positive Regulation Of Protein Modification By Small Protein Conjugation Or Removal (GO:1903322),3/79,0.7055471999167765,0.8151288196643297,0,0,0.824652978600347,0.2876237912085085,ANGPT1;CAV1;FAM107A
GO_Biological_Process_2023,Vesicle Fusion (GO:0006906),3/79,0.7055471999167765,0.8151288196643297,0,0,0.824652978600347,0.2876237912085085,CAV2;RAB7B;SNCA
GO_Biological_Process_2023,Lysosomal Transport (GO:0007041),4/105,0.7118227803809033,0.8204094610507167,0,0,0.8271955908462133,0.281185538650002,CCL14;LRP1;GPRASP1;RAB7B
GO_Biological_Process_2023,Monoatomic Anion Transmembrane Transport (GO:0098656),2/54,0.7130231155352706,0.8204094610507167,0,0,0.803639280587689,0.2718241066930942,SLC1A7;GABRG1
GO_Biological_Process_2023,Negative Regulation Of Neuron Projection Development (GO:0010977),2/54,0.7130231155352706,0.8204094610507167,0,0,0.803639280587689,0.2718241066930942,SEMA3A;MGARP
GO_Biological_Process_2023,Negative Regulation Of Protein Modification By Small Protein Conjugation Or Removal (GO:1903321),2/54,0.7130231155352706,0.8204094610507167,0,0,0.803639280587689,0.2718241066930942,CAV1;SPRY2
GO_Biological_Process_2023,Negative Regulation Of Protein Ubiquitination (GO:0031397),2/54,0.7130231155352706,0.8204094610507167,0,0,0.803639280587689,0.2718241066930942,CAV1;SPRY2
GO_Biological_Process_2023,Protein K63-linked Ubiquitination (GO:0070534),2/54,0.7130231155352706,0.8204094610507167,0,0,0.803639280587689,0.2718241066930942,MAGEL2;RNF186
GO_Biological_Process_2023,Regulation Of Exocytosis (GO:0017157),2/54,0.7130231155352706,0.8204094610507167,0,0,0.803639280587689,0.2718241066930942,CPLX2;SNCA
GO_Biological_Process_2023,Regulation Of Cytokinesis (GO:0032465),3/80,0.7135846810585822,0.8204094610507167,0,0,0.8139003853289568,0.2746540749839273,MRGPRX2;ANKRD53;KLHL13
GO_Biological_Process_2023,Regulation Of Organelle Assembly (GO:1902115),3/80,0.7135846810585822,0.8204094610507167,0,0,0.8139003853289568,0.2746540749839273,C10ORF90;GSN;RNF186
GO_Biological_Process_2023,GPI Anchor Metabolic Process (GO:0006505),1/27,0.7170277699756507,0.8204094610507167,0,0,0.8038545883940621,0.2673947596886709,PGAP4
GO_Biological_Process_2023,Cellular Response To Acid Chemical (GO:0071229),1/27,0.7170277699756507,0.8204094610507167,0,0,0.8038545883940621,0.2673947596886709,NEURL1
GO_Biological_Process_2023,Clathrin-Dependent Endocytosis (GO:0072583),1/27,0.7170277699756507,0.8204094610507167,0,0,0.8038545883940621,0.2673947596886709,STON1
GO_Biological_Process_2023,Glycerophospholipid Catabolic Process (GO:0046475),1/27,0.7170277699756507,0.8204094610507167,0,0,0.8038545883940621,0.2673947596886709,ENPP2
GO_Biological_Process_2023,In Utero Embryonic Development (GO:0001701),1/27,0.7170277699756507,0.8204094610507167,0,0,0.8038545883940621,0.2673947596886709,BMP2
GO_Biological_Process_2023,Microtubule Polymerization Or Depolymerization (GO:0031109),1/27,0.7170277699756507,0.8204094610507167,0,0,0.8038545883940621,0.2673947596886709,MAP7D3
GO_Biological_Process_2023,Myeloid Cell Development (GO:0061515),1/27,0.7170277699756507,0.8204094610507167,0,0,0.8038545883940621,0.2673947596886709,KIT
GO_Biological_Process_2023,Negative Regulation Of NIK/NF-kappaB Signaling (GO:1901223),1/27,0.7170277699756507,0.8204094610507167,0,0,0.8038545883940621,0.2673947596886709,CCN3
GO_Biological_Process_2023,Negative Regulation Of Notch Signaling Pathway (GO:0045746),1/27,0.7170277699756507,0.8204094610507167,0,0,0.8038545883940621,0.2673947596886709,NEURL1
GO_Biological_Process_2023,Negative Regulation Of Cellular Response To Insulin Stimulus (GO:1900077),1/27,0.7170277699756507,0.8204094610507167,0,0,0.8038545883940621,0.2673947596886709,PID1
GO_Biological_Process_2023,Peptidyl-Lysine Methylation (GO:0018022),1/27,0.7170277699756507,0.8204094610507167,0,0,0.8038545883940621,0.2673947596886709,SMYD1
GO_Biological_Process_2023,Positive Regulation Of Cytosolic Calcium Ion Concentration Involved In Phospholipase C-activating G Protein-Coupled Signaling Pathway (GO:0051482),1/27,0.7170277699756507,0.8204094610507167,0,0,0.8038545883940621,0.2673947596886709,GPR17
GO_Biological_Process_2023,Positive Regulation Of Mitotic Cell Cycle (GO:0045931),1/27,0.7170277699756507,0.8204094610507167,0,0,0.8038545883940621,0.2673947596886709,TAL1
GO_Biological_Process_2023,Regulation Of Androgen Receptor Signaling Pathway (GO:0060765),1/27,0.7170277699756507,0.8204094610507167,0,0,0.8038545883940621,0.2673947596886709,SFRP1
GO_Biological_Process_2023,Regulation Of Chromatin Organization (GO:1902275),1/27,0.7170277699756507,0.8204094610507167,0,0,0.8038545883940621,0.2673947596886709,TAL1
GO_Biological_Process_2023,Regulation Of Extrinsic Apoptotic Signaling Pathway In Absence Of Ligand (GO:2001239),1/27,0.7170277699756507,0.8204094610507167,0,0,0.8038545883940621,0.2673947596886709,SNAI2
GO_Biological_Process_2023,Regulation Of Transcription Regulatory Region DNA Binding (GO:2000677),1/27,0.7170277699756507,0.8204094610507167,0,0,0.8038545883940621,0.2673947596886709,IGF1
GO_Biological_Process_2023,Macromolecule Modification (GO:0043412),3/81,0.7214516623198216,0.8245543434214326,0,0,0.8034234995773457,0.2623096573150097,TGM1;LOX;PADI4
GO_Biological_Process_2023,Negative Regulation Of NF-kappaB Transcription Factor Activity (GO:0032088),3/81,0.7214516623198216,0.8245543434214326,0,0,0.8034234995773457,0.2623096573150097,TCEAL7;PTGIS;KLF4
GO_Biological_Process_2023,Positive Regulation Of Growth (GO:0045927),3/81,0.7214516623198216,0.8245543434214326,0,0,0.8034234995773457,0.2623096573150097,SFRP1;LEP;AKAP6
GO_Biological_Process_2023,Ceramide Metabolic Process (GO:0006672),2/55,0.7224898053995131,0.8251298665439502,0,0,0.7884348528467576,0.2562823015579821,CERS3;TLCD3B
GO_Biological_Process_2023,Phosphatidylcholine Metabolic Process (GO:0046470),2/55,0.7224898053995131,0.8251298665439502,0,0,0.7884348528467576,0.2562823015579821,CHAT;ENPP2
GO_Biological_Process_2023,Plasma Membrane Bounded Cell Projection Organization (GO:0120036),5/132,0.7255426518904609,0.8269340621118987,0,0,0.8220888688473412,0.2637552264754864,ROPN1B;IL6;TNXB;CCL21;ROPN1
GO_Biological_Process_2023,Positive Regulation Of T Cell Activation (GO:0050870),4/107,0.7255874789731347,0.8269340621118987,0,0,0.8110480951007722,0.2601628467859674,IL6;ANXA1;CD209;LEP
GO_Biological_Process_2023,Establishment Of Endothelial Barrier (GO:0061028),1/28,0.7299628504227159,0.8269340621118987,0,0,0.7740415854450943,0.2436385957408227,PDE2A
GO_Biological_Process_2023,Glycosaminoglycan Metabolic Process (GO:0030203),1/28,0.7299628504227159,0.8269340621118987,0,0,0.7740415854450943,0.2436385957408227,HAS1
GO_Biological_Process_2023,Mucosal Immune Response (GO:0002385),1/28,0.7299628504227159,0.8269340621118987,0,0,0.7740415854450943,0.2436385957408227,DEFB1
GO_Biological_Process_2023,Negative Regulation Of G2/M Transition Of Mitotic Cell Cycle (GO:0010972),1/28,0.7299628504227159,0.8269340621118987,0,0,0.7740415854450943,0.2436385957408227,FHL1
GO_Biological_Process_2023,Negative Regulation Of Actin Filament Bundle Assembly (GO:0032232),1/28,0.7299628504227159,0.8269340621118987,0,0,0.7740415854450943,0.2436385957408227,ARHGAP28
GO_Biological_Process_2023,Negative Regulation Of Cation Channel Activity (GO:2001258),1/28,0.7299628504227159,0.8269340621118987,0,0,0.7740415854450943,0.2436385957408227,CASQ2
GO_Biological_Process_2023,Negative Regulation Of Cytoskeleton Organization (GO:0051494),1/28,0.7299628504227159,0.8269340621118987,0,0,0.7740415854450943,0.2436385957408227,SLIT2
GO_Biological_Process_2023,Negative Regulation Of Mitotic Metaphase/Anaphase Transition (GO:0045841),1/28,0.7299628504227159,0.8269340621118987,0,0,0.7740415854450943,0.2436385957408227,USP44
GO_Biological_Process_2023,Negative Regulation Of Signaling (GO:0023057),1/28,0.7299628504227159,0.8269340621118987,0,0,0.7740415854450943,0.2436385957408227,ADIPOQ
GO_Biological_Process_2023,Phospholipid Catabolic Process (GO:0009395),1/28,0.7299628504227159,0.8269340621118987,0,0,0.7740415854450943,0.2436385957408227,ENPP2
GO_Biological_Process_2023,Positive Regulation Of mRNA Processing (GO:0050685),1/28,0.7299628504227159,0.8269340621118987,0,0,0.7740415854450943,0.2436385957408227,CELF3
GO_Biological_Process_2023,Protein Depolymerization (GO:0051261),1/28,0.7299628504227159,0.8269340621118987,0,0,0.7740415854450943,0.2436385957408227,GSN
GO_Biological_Process_2023,Pyroptosis (GO:0070269),1/28,0.7299628504227159,0.8269340621118987,0,0,0.7740415854450943,0.2436385957408227,GSDMC
GO_Biological_Process_2023,"Regulation Of DNA Damage Response, Signal Transduction By P53 Class Mediator (GO:0043516)",1/28,0.7299628504227159,0.8269340621118987,0,0,0.7740415854450943,0.2436385957408227,SNAI2
GO_Biological_Process_2023,Regulation Of Chromosome Segregation (GO:0051983),1/28,0.7299628504227159,0.8269340621118987,0,0,0.7740415854450943,0.2436385957408227,IHO1
GO_Biological_Process_2023,Regulation Of Glucose Metabolic Process (GO:0010906),1/28,0.7299628504227159,0.8269340621118987,0,0,0.7740415854450943,0.2436385957408227,PDK4
GO_Biological_Process_2023,Regulation Of Protein Localization To Membrane (GO:1905475),1/28,0.7299628504227159,0.8269340621118987,0,0,0.7740415854450943,0.2436385957408227,GSN
GO_Biological_Process_2023,Regulation Of Protein Targeting To Membrane (GO:0090313),1/28,0.7299628504227159,0.8269340621118987,0,0,0.7740415854450943,0.2436385957408227,KCNB1
GO_Biological_Process_2023,Regulation Of Protein Transport (GO:0051223),1/28,0.7299628504227159,0.8269340621118987,0,0,0.7740415854450943,0.2436385957408227,SAA1
GO_Biological_Process_2023,Vascular Endothelial Growth Factor Receptor Signaling Pathway (GO:0048010),1/28,0.7299628504227159,0.8269340621118987,0,0,0.7740415854450943,0.2436385957408227,VEGFD
GO_Biological_Process_2023,Glycerophospholipid Biosynthetic Process (GO:0046474),4/108,0.732283787068477,0.8289549140742165,0,0,0.8032072438013033,0.2502690582847788,GPAM;CHAT;BMX;FGF2
GO_Biological_Process_2023,Positive Regulation Of DNA Metabolic Process (GO:0051054),4/108,0.732283787068477,0.8289549140742165,0,0,0.8032072438013033,0.2502690582847788,WT1;STON1;FGF2;FGF10
GO_Biological_Process_2023,Regulation Of NIK/NF-kappaB Signaling (GO:1901222),3/83,0.7366789120665413,0.8336245606852687,0,0,0.7832554945054945,0.2393653468157526,CCN3;MMP8;TLR4
GO_Biological_Process_2023,Monoatomic Anion Transport (GO:0006820),2/57,0.740632343640327,0.836009676012065,0,0,0.7596846622093604,0.2280960333576716,SLC17A7;NMUR1
GO_Biological_Process_2023,Carbohydrate Derivative Biosynthetic Process (GO:1901137),1/29,0.7423072633459897,0.836009676012065,0,0,0.746358082706767,0.2224087526991735,DDR2
GO_Biological_Process_2023,Heterotypic Cell-Cell Adhesion (GO:0034113),1/29,0.7423072633459897,0.836009676012065,0,0,0.746358082706767,0.2224087526991735,ITGA7
GO_Biological_Process_2023,Integrated Stress Response Signaling (GO:0140467),1/29,0.7423072633459897,0.836009676012065,0,0,0.746358082706767,0.2224087526991735,FOS
GO_Biological_Process_2023,Organic Cyclic Compound Biosynthetic Process (GO:1901362),1/29,0.7423072633459897,0.836009676012065,0,0,0.746358082706767,0.2224087526991735,CYP19A1
GO_Biological_Process_2023,Phosphatidic Acid Biosynthetic Process (GO:0006654),1/29,0.7423072633459897,0.836009676012065,0,0,0.746358082706767,0.2224087526991735,GPAM
GO_Biological_Process_2023,Positive Regulation Of Dephosphorylation (GO:0035306),1/29,0.7423072633459897,0.836009676012065,0,0,0.746358082706767,0.2224087526991735,BMP2
GO_Biological_Process_2023,Positive Regulation Of Microtubule Polymerization (GO:0031116),1/29,0.7423072633459897,0.836009676012065,0,0,0.746358082706767,0.2224087526991735,ANKRD53
GO_Biological_Process_2023,Protein Acetylation (GO:0006473),1/29,0.7423072633459897,0.836009676012065,0,0,0.746358082706767,0.2224087526991735,FOXO1
GO_Biological_Process_2023,Regulation Of Developmental Growth (GO:0048638),1/29,0.7423072633459897,0.836009676012065,0,0,0.746358082706767,0.2224087526991735,LEP
GO_Biological_Process_2023,Regulation Of Protein Modification By Small Protein Conjugation Or Removal (GO:1903320),1/29,0.7423072633459897,0.836009676012065,0,0,0.746358082706767,0.2224087526991735,EGR1
GO_Biological_Process_2023,Regulation Of Striated Muscle Contraction (GO:0006942),1/29,0.7423072633459897,0.836009676012065,0,0,0.746358082706767,0.2224087526991735,DMD
GO_Biological_Process_2023,Tube Closure (GO:0060606),1/29,0.7423072633459897,0.836009676012065,0,0,0.746358082706767,0.2224087526991735,FOLR1
GO_Biological_Process_2023,Positive Regulation Of Protein Ubiquitination (GO:0031398),3/84,0.7440419154716236,0.8373523124538469,0,0,0.7735449735449735,0.228704688418375,ANGPT1;CAV1;FAM107A
GO_Biological_Process_2023,Purine Ribonucleotide Metabolic Process (GO:0009150),3/84,0.7440419154716236,0.8373523124538469,0,0,0.7735449735449735,0.228704688418375,NT5E;ACSM5;GLYAT
GO_Biological_Process_2023,Inorganic Anion Transport (GO:0015698),2/58,0.7493172294788137,0.8423679123820459,0,0,0.7460796612827348,0.2153132541178261,SLC17A7;NMUR1
GO_Biological_Process_2023,Regulation Of Phagocytosis (GO:0050764),2/58,0.7493172294788137,0.8423679123820459,0,0,0.7460796612827348,0.2153132541178261,ADIPOQ;PRTN3
GO_Biological_Process_2023,Response To Organic Cyclic Compound (GO:0014070),2/58,0.7493172294788137,0.8423679123820459,0,0,0.7460796612827348,0.2153132541178261,SFRP1;ANXA1
GO_Biological_Process_2023,Regulation Of Transcription By RNA Polymerase II (GO:0006357),87/2028,0.7501164312546328,0.8429593823382058,0,0,0.9304145413175356,0.2675191555859939,CSF3;PID1;CSRNP3;TCF23;RORB;LDB2;HIF3A;FGF1;MEOX2;FGF2;MEOX1;BACH2;CX3CL1;SOX2;ZFP36;EDNRB;SOX17;GPER1;HOXA7;TP63;HOXA5;ZNF366;MYOCD;EDN1;FST;EBF1;PAX3;EN1;EBF2;FOS;PROX1;SOX10;KLF15;FOXP2;DCN;ZEB2;ETV3L;TAL1;PPARG;ERG;ZFPM2;VGLL1;TLR4;ATF3;CREB5;VGLL3;MAGEL2;BEX1;TMPRSS6;DBX2;TSHZ2;TWIST2;BHLHE22;ASCL1;FOXO1;PLAGL1;ATOH8;ALX4;NDN;CYTL1;SNCA;EGR1;IL33;EGR2;EGR3;PRRX1;IRX6;DMRT2;ZBTB16;CAV1;PDE2A;IGF1;KLF4;BMP6;TBX18;MLXIPL;TBX15;NR4A1;BMP2;IL6;NR4A3;WT1;ID4;SNAI2;FOSB;INSM1;VSX2
GO_Biological_Process_2023,Positive Regulation Of Protein Localization (GO:1903829),3/85,0.7512398686775412,0.8434309816993973,0,0,0.7640712945590994,0.2185475256938802,NGFR;CORO2B;FERMT2
GO_Biological_Process_2023,Cellular Component Assembly (GO:0022607),10/260,0.7537117562102102,0.8434309816993973,0,0,0.8344186046511628,0.2359279138800049,GSN;ELN;HAS1;KRT14;HAS3;FAM107A;HAS2;PKP1;DMD;JCHAIN
GO_Biological_Process_2023,GPI Anchor Biosynthetic Process (GO:0006506),1/30,0.7540879525397917,0.8434309816993973,0,0,0.7205837870538415,0.2033820860076411,PGAP4
GO_Biological_Process_2023,Homologous Chromosome Pairing At Meiosis (GO:0007129),1/30,0.7540879525397917,0.8434309816993973,0,0,0.7205837870538415,0.2033820860076411,IHO1
GO_Biological_Process_2023,Immunoglobulin Mediated Immune Response (GO:0016064),1/30,0.7540879525397917,0.8434309816993973,0,0,0.7205837870538415,0.2033820860076411,FCER1A
GO_Biological_Process_2023,Innate Immune Response Activating Cell Surface Receptor Signaling Pathway (GO:0002220),1/30,0.7540879525397917,0.8434309816993973,0,0,0.7205837870538415,0.2033820860076411,PAK3
GO_Biological_Process_2023,Intrinsic Apoptotic Signaling Pathway In Response To Endoplasmic Reticulum Stress (GO:0070059),1/30,0.7540879525397917,0.8434309816993973,0,0,0.7205837870538415,0.2033820860076411,RNF186
GO_Biological_Process_2023,Negative Regulation Of Carbohydrate Metabolic Process (GO:0045912),1/30,0.7540879525397917,0.8434309816993973,0,0,0.7205837870538415,0.2033820860076411,ADIPOQ
GO_Biological_Process_2023,Positive Regulation Of JUN Kinase Activity (GO:0043507),1/30,0.7540879525397917,0.8434309816993973,0,0,0.7205837870538415,0.2033820860076411,EDN1
GO_Biological_Process_2023,Protein Palmitoylation (GO:0018345),1/30,0.7540879525397917,0.8434309816993973,0,0,0.7205837870538415,0.2033820860076411,ZDHHC22
GO_Biological_Process_2023,Regulation Of Calcium-Mediated Signaling (GO:0050848),1/30,0.7540879525397917,0.8434309816993973,0,0,0.7205837870538415,0.2033820860076411,SLC8A2
GO_Biological_Process_2023,Regulation Of Dendritic Spine Morphogenesis (GO:0061001),1/30,0.7540879525397917,0.8434309816993973,0,0,0.7205837870538415,0.2033820860076411,RELN
GO_Biological_Process_2023,Response To Amino Acid (GO:0043200),1/30,0.7540879525397917,0.8434309816993973,0,0,0.7205837870538415,0.2033820860076411,NEURL1
GO_Biological_Process_2023,Glucose Metabolic Process (GO:0006006),2/59,0.7577507736538023,0.8464019300297969,0,0,0.7329520288096751,0.2033214366836606,KRT17;PCK1
GO_Biological_Process_2023,Positive Regulation Of Proteolysis (GO:0045862),2/59,0.7577507736538023,0.8464019300297969,0,0,0.7329520288096751,0.2033214366836606,CTSK;ANGPTL8
GO_Biological_Process_2023,Regulation Of Multicellular Organismal Development (GO:2000026),2/59,0.7577507736538023,0.8464019300297969,0,0,0.7329520288096751,0.2033214366836606,SOX17;PTN
GO_Biological_Process_2023,Regulation Of Protein Serine/Threonine Kinase Activity (GO:0071900),4/112,0.7578409247173175,0.8464019300297969,0,0,0.7732958481033289,0.2144208470745687,FGF16;ADRB2;SLC8A2;SNCA
GO_Biological_Process_2023,Negative Regulation Of Binding (GO:0051100),3/86,0.7582744360671739,0.8465798134319588,0,0,0.7548258969945717,0.2088678030082761,PLN;CAV1;ARHGAP28
GO_Biological_Process_2023,Regulation Of Protein Ubiquitination (GO:0031396),4/113,0.7639266395301163,0.8510719266467132,0,0,0.7661610197717019,0.206314533213567,ANGPT1;CAV1;FAM107A;SPRY2
GO_Biological_Process_2023,Regulation Of Type II Interferon Production (GO:0032649),3/87,0.7651473839858566,0.8510719266467132,0,0,0.7458006279434851,0.1996409871917394,CR1;IL36RN;TLR4
GO_Biological_Process_2023,Central Nervous System Neuron Differentiation (GO:0021953),1/31,0.7653306343930274,0.8510719266467132,0,0,0.6965277777777777,0.1862844991090801,PROX1
GO_Biological_Process_2023,Glutamine Family Amino Acid Metabolic Process (GO:0009064),1/31,0.7653306343930274,0.8510719266467132,0,0,0.6965277777777777,0.1862844991090801,TAT
GO_Biological_Process_2023,Negative Regulation Of Microtubule Polymerization Or Depolymerization (GO:0031111),1/31,0.7653306343930274,0.8510719266467132,0,0,0.6965277777777777,0.1862844991090801,SNCA
GO_Biological_Process_2023,Positive Regulation Of Lamellipodium Organization (GO:1902745),1/31,0.7653306343930274,0.8510719266467132,0,0,0.6965277777777777,0.1862844991090801,ENPP2
GO_Biological_Process_2023,Regulation Of Centrosome Duplication (GO:0010824),1/31,0.7653306343930274,0.8510719266467132,0,0,0.6965277777777777,0.1862844991090801,C10ORF90
GO_Biological_Process_2023,Regulation Of Extrinsic Apoptotic Signaling Pathway Via Death Domain Receptors (GO:1902041),1/31,0.7653306343930274,0.8510719266467132,0,0,0.6965277777777777,0.1862844991090801,SFRP1
GO_Biological_Process_2023,Regulation Of Gluconeogenesis (GO:0006111),1/31,0.7653306343930274,0.8510719266467132,0,0,0.6965277777777777,0.1862844991090801,FOXO1
GO_Biological_Process_2023,Regulation Of Protein Autophosphorylation (GO:0031952),1/31,0.7653306343930274,0.8510719266467132,0,0,0.6965277777777777,0.1862844991090801,GPNMB
GO_Biological_Process_2023,Toll-Like Receptor Signaling Pathway (GO:0002224),1/31,0.7653306343930274,0.8510719266467132,0,0,0.6965277777777777,0.1862844991090801,TLR4
GO_Biological_Process_2023,protein-DNA Complex Organization (GO:0071824),2/60,0.7659377958147254,0.8514403945552961,0,0,0.720277073318445,0.1920649925110142,SOX2;PADI4
GO_Biological_Process_2023,Negative Regulation Of Neuron Death (GO:1901215),3/88,0.7718605723155418,0.8574068322195313,0,0,0.7369877181641887,0.1908439653460944,NTF4;GPNMB;SNCA
GO_Biological_Process_2023,Negative Regulation Of Protein Kinase Activity (GO:0006469),3/88,0.7718605723155418,0.8574068322195313,0,0,0.7369877181641887,0.1908439653460944,PTPRB;CAV1;SNCA
GO_Biological_Process_2023,Negative Regulation Of Intrinsic Apoptotic Signaling Pathway (GO:2001243),2/61,0.7738831998560631,0.8590353966039794,0,0,0.7080317773353922,0.1814928451434363,CXCL12;SNAI2
GO_Biological_Process_2023,Negative Regulation Of Viral Process (GO:0048525),2/61,0.7738831998560631,0.8590353966039794,0,0,0.7080317773353922,0.1814928451434363,ZFP36;PROX1
GO_Biological_Process_2023,Chromosome Condensation (GO:0030261),1/32,0.7760598530757713,0.8592886536746435,0,0,0.6740237691001698,0.1708823017212991,GPER1
GO_Biological_Process_2023,Histone Lysine Methylation (GO:0034968),1/32,0.7760598530757713,0.8592886536746435,0,0,0.6740237691001698,0.1708823017212991,SMYD1
GO_Biological_Process_2023,Neural Tube Closure (GO:0001843),1/32,0.7760598530757713,0.8592886536746435,0,0,0.6740237691001698,0.1708823017212991,FOLR1
GO_Biological_Process_2023,Purine Ribonucleoside Triphosphate Metabolic Process (GO:0009205),1/32,0.7760598530757713,0.8592886536746435,0,0,0.6740237691001698,0.1708823017212991,NT5E
GO_Biological_Process_2023,Regulation Of Natural Killer Cell Mediated Cytotoxicity (GO:0042269),1/32,0.7760598530757713,0.8592886536746435,0,0,0.6740237691001698,0.1708823017212991,LEP
GO_Biological_Process_2023,Regulation Of Transcription By RNA Polymerase I (GO:0006356),1/32,0.7760598530757713,0.8592886536746435,0,0,0.6740237691001698,0.1708823017212991,ASIC2
GO_Biological_Process_2023,Transition Metal Ion Transport (GO:0000041),1/32,0.7760598530757713,0.8592886536746435,0,0,0.6740237691001698,0.1708823017212991,SLC39A2
GO_Biological_Process_2023,Cellular Response To Chemical Stress (GO:0062197),3/89,0.7784159460026776,0.861279578964253,0,0,0.7283797597751086,0.1824549508942699,CAV1;FOXO1;SNCA
GO_Biological_Process_2023,Regulation Of Vesicle-Mediated Transport (GO:0060627),3/89,0.7784159460026776,0.861279578964253,0,0,0.7283797597751086,0.1824549508942699,STON1;GAS1;CPLX2
GO_Biological_Process_2023,Protein Lipidation (GO:0006497),2/62,0.7815919560500516,0.8638647935290045,0,0,0.6961946578851079,0.1715580071632969,PGAP4;ZDHHC22
GO_Biological_Process_2023,Regulation Of Embryonic Development (GO:0045995),2/62,0.7815919560500516,0.8638647935290045,0,0,0.6961946578851079,0.1715580071632969,SOX17;NLRP5
GO_Biological_Process_2023,Spliceosomal Complex Assembly (GO:0000245),2/62,0.7815919560500516,0.8638647935290045,0,0,0.6961946578851079,0.1715580071632969,CELF2;CELF3
GO_Biological_Process_2023,Actin Filament Bundle Assembly (GO:0051017),1/33,0.7862990343164422,0.865658031003872,0,0,0.6529262609649122,0.1569752964041608,FAM107A
GO_Biological_Process_2023,Actin Filament Bundle Organization (GO:0061572),1/33,0.7862990343164422,0.865658031003872,0,0,0.6529262609649122,0.1569752964041608,FAM107A
GO_Biological_Process_2023,Negative Regulation Of Small Molecule Metabolic Process (GO:0062014),1/33,0.7862990343164422,0.865658031003872,0,0,0.6529262609649122,0.1569752964041608,ADIPOQ
GO_Biological_Process_2023,Phosphatidic Acid Metabolic Process (GO:0046473),1/33,0.7862990343164422,0.865658031003872,0,0,0.6529262609649122,0.1569752964041608,GPAM
GO_Biological_Process_2023,Positive Regulation Of Chromosome Organization (GO:2001252),1/33,0.7862990343164422,0.865658031003872,0,0,0.6529262609649122,0.1569752964041608,TAL1
GO_Biological_Process_2023,Positive Regulation Of Cytokine Production Involved In Immune Response (GO:0002720),1/33,0.7862990343164422,0.865658031003872,0,0,0.6529262609649122,0.1569752964041608,KIT
GO_Biological_Process_2023,Positive Regulation Of Epidermal Growth Factor Receptor Signaling Pathway (GO:0045742),1/33,0.7862990343164422,0.865658031003872,0,0,0.6529262609649122,0.1569752964041608,GPER1
GO_Biological_Process_2023,Positive Regulation Of Interleukin-12 Production (GO:0032735),1/33,0.7862990343164422,0.865658031003872,0,0,0.6529262609649122,0.1569752964041608,TLR4
GO_Biological_Process_2023,Positive Regulation Of Telomerase Activity (GO:0051973),1/33,0.7862990343164422,0.865658031003872,0,0,0.6529262609649122,0.1569752964041608,KLF4
GO_Biological_Process_2023,Regulation Of Activated T Cell Proliferation (GO:0046006),1/33,0.7862990343164422,0.865658031003872,0,0,0.6529262609649122,0.1569752964041608,IGF1
GO_Biological_Process_2023,Regulation Of Amyloid-Beta Formation (GO:1902003),1/33,0.7862990343164422,0.865658031003872,0,0,0.6529262609649122,0.1569752964041608,IGF1
GO_Biological_Process_2023,Cellular Response To Oxidative Stress (GO:0034599),4/117,0.7870814514123361,0.866210495725448,0,0,0.7388845079198185,0.1769063444216244,PDGFRA;FOS;FOXO1;SNCA
GO_Biological_Process_2023,Inorganic Anion Transmembrane Transport (GO:0098661),2/63,0.7890690848426056,0.8674701798109415,0,0,0.684745640711882,0.1622172022748296,SLC1A7;GABRG1
GO_Biological_Process_2023,Phosphatidylinositol Metabolic Process (GO:0046488),2/63,0.7890690848426056,0.8674701798109415,0,0,0.684745640711882,0.1622172022748296,BMX;FGF2
GO_Biological_Process_2023,Telomere Organization (GO:0032200),2/63,0.7890690848426056,0.8674701798109415,0,0,0.684745640711882,0.1622172022748296,STON1;HUS1B
GO_Biological_Process_2023,Regulation Of Programmed Cell Death (GO:0043067),7/195,0.7918094589283824,0.8701729440056662,0,0,0.7766955521112207,0.1813075365182448,ALK;BEX1;CIDEA;GAS1;ALPK2;CRYAB;CIDEC
GO_Biological_Process_2023,Positive Regulation Of Cell Cycle Process (GO:0090068),4/118,0.7925783138082275,0.8707079198313161,0,0,0.7323644645166271,0.1702483431655252,EDN1;EDN3;MRGPRX2;IGF1
GO_Biological_Process_2023,ATP Metabolic Process (GO:0046034),1/34,0.7960705362260159,0.8717158632194285,0,0,0.6331073896863371,0.1443912092867668,NT5E
GO_Biological_Process_2023,Embryonic Limb Morphogenesis (GO:0030326),1/34,0.7960705362260159,0.8717158632194285,0,0,0.6331073896863371,0.1443912092867668,CYP26B1
GO_Biological_Process_2023,Microtubule Polymerization (GO:0046785),1/34,0.7960705362260159,0.8717158632194285,0,0,0.6331073896863371,0.1443912092867668,MAP7D3
GO_Biological_Process_2023,Negative Regulation Of JNK Cascade (GO:0046329),1/34,0.7960705362260159,0.8717158632194285,0,0,0.6331073896863371,0.1443912092867668,KLHL31
GO_Biological_Process_2023,Negative Regulation Of Cell Cycle Process (GO:0010948),1/34,0.7960705362260159,0.8717158632194285,0,0,0.6331073896863371,0.1443912092867668,GPER1
GO_Biological_Process_2023,Negative Regulation Of Mitotic Cell Cycle (GO:0045930),1/34,0.7960705362260159,0.8717158632194285,0,0,0.6331073896863371,0.1443912092867668,GAS1
GO_Biological_Process_2023,Positive Regulation Of Immunoglobulin Production (GO:0002639),1/34,0.7960705362260159,0.8717158632194285,0,0,0.6331073896863371,0.1443912092867668,IL6
GO_Biological_Process_2023,Positive Regulation Of Transcription By RNA Polymerase I (GO:0045943),1/34,0.7960705362260159,0.8717158632194285,0,0,0.6331073896863371,0.1443912092867668,ASIC2
GO_Biological_Process_2023,Positive Regulation Of T Cell Differentiation (GO:0045582),2/64,0.7963196418136665,0.8717158632194285,0,0,0.6736659466732764,0.1534305274299016,CR1;PCK1
GO_Biological_Process_2023,Regulation Of Secretion By Cell (GO:1903530),2/64,0.7963196418136665,0.8717158632194285,0,0,0.6736659466732764,0.1534305274299016,SAA1;CPLX2
GO_Biological_Process_2023,Protein O-linked Glycosylation (GO:0006493),3/93,0.8031007448993224,0.8784758943658781,0,0,0.6958608058608059,0.1525849563211933,GALNT17;B3GALT1;GXYLT2
GO_Biological_Process_2023,Cellular Response To Light Stimulus (GO:0071482),2/65,0.8033487041771538,0.8784758943658781,0,0,0.6629379889533566,0.1451611498483994,TRPM1;RGR
GO_Biological_Process_2023,Positive Regulation Of DNA Biosynthetic Process (GO:2000573),2/65,0.8033487041771538,0.8784758943658781,0,0,0.6629379889533566,0.1451611498483994,KLF4;FGF2
GO_Biological_Process_2023,Regulation Of Cell Cycle (GO:0051726),11/298,0.8047391243462892,0.8794681709694432,0,0,0.7988442253760517,0.1735386214218965,TGM1;NR4A1;SFRP1;BRINP2;BMP2;BEX1;PLAGL1;GPER1;LEP;PROX1;INSM1
GO_Biological_Process_2023,Cellular Response To Amino Acid Stimulus (GO:0071230),1/35,0.8053956978719196,0.8794681709694432,0,0,0.614454334365325,0.1329811730781999,NEURL1
GO_Biological_Process_2023,Regulation Of G2/M Transition Of Mitotic Cell Cycle (GO:0010389),1/35,0.8053956978719196,0.8794681709694432,0,0,0.614454334365325,0.1329811730781999,FHL1
GO_Biological_Process_2023,Regulation Of Regulated Secretory Pathway (GO:1903305),1/35,0.8053956978719196,0.8794681709694432,0,0,0.614454334365325,0.1329811730781999,SYT8
GO_Biological_Process_2023,Negative Regulation Of Organelle Assembly (GO:1902116),1/36,0.814294885769992,0.8869895244784635,0,0,0.5968671679197995,0.1226160404436534,FEZ1
GO_Biological_Process_2023,Negative Regulation Of Protein Kinase B Signaling (GO:0051898),1/36,0.814294885769992,0.8869895244784635,0,0,0.5968671679197995,0.1226160404436534,GPER1
GO_Biological_Process_2023,Positive Regulation Of Interferon-Beta Production (GO:0032728),1/36,0.814294885769992,0.8869895244784635,0,0,0.5968671679197995,0.1226160404436534,TLR4
GO_Biological_Process_2023,Receptor Signaling Pathway Via JAK-STAT (GO:0007259),1/36,0.814294885769992,0.8869895244784635,0,0,0.5968671679197995,0.1226160404436534,LEP
GO_Biological_Process_2023,Regulation Of Intracellular Protein Transport (GO:0033157),1/36,0.814294885769992,0.8869895244784635,0,0,0.5968671679197995,0.1226160404436534,PTPN14
GO_Biological_Process_2023,Regulation Of Peptidyl-Threonine Phosphorylation (GO:0010799),1/36,0.814294885769992,0.8869895244784635,0,0,0.5968671679197995,0.1226160404436534,SPRY2
GO_Biological_Process_2023,Substrate Adhesion-Dependent Cell Spreading (GO:0034446),1/36,0.814294885769992,0.8869895244784635,0,0,0.5968671679197995,0.1226160404436534,FERMT2
GO_Biological_Process_2023,Positive Regulation Of I-kappaB kinase/NF-kappaB Signaling (GO:0043123),6/175,0.8153180319652231,0.8877907459176874,0,0,0.7405126465426695,0.151195664398059,CCL21;HTR2B;S100A12;ROR1;S100B;CX3CL1
GO_Biological_Process_2023,Negative Regulation Of DNA-binding Transcription Factor Activity (GO:0043433),5/149,0.8156338910138656,0.8878215167700293,0,0,0.7243866250611846,0.1476225240739649,SFRP4;TCEAL7;PTGIS;PROX1;KLF4
GO_Biological_Process_2023,Protein Secretion (GO:0009306),2/67,0.81676268825383,0.8887368412546962,0,0,0.6424723465338175,0.1300407033717426,ANXA1;PCSK5
GO_Biological_Process_2023,Protein-Containing Complex Assembly (GO:0065003),12/328,0.8218147044260738,0.8938051429191712,0,0,0.791146265050085,0.1552548039285234,CXCL12;NSG2;ANGPT1;CASQ2;DMD;NRG1;ADRB2;NSG1;FERMT2;CX3CL1;JCHAIN;SNCA
GO_Biological_Process_2023,Negative Regulation Of Transferase Activity (GO:0051348),1/37,0.8227875379002507,0.8938051429191712,0,0,0.5802570662768031,0.1131833576694466,ZFP36
GO_Biological_Process_2023,Positive Regulation Of Exocytosis (GO:0045921),1/37,0.8227875379002507,0.8938051429191712,0,0,0.5802570662768031,0.1131833576694466,SNCA
GO_Biological_Process_2023,Positive Regulation Of Immune Effector Process (GO:0002699),1/37,0.8227875379002507,0.8938051429191712,0,0,0.5802570662768031,0.1131833576694466,PCK1
GO_Biological_Process_2023,Neuropeptide Signaling Pathway (GO:0007218),2/68,0.8231577652475555,0.8938051429191712,0,0,0.6327046535608556,0.1231290084561139,KISS1R;NMUR1
GO_Biological_Process_2023,Telomere Maintenance (GO:0000723),2/68,0.8231577652475555,0.8938051429191712,0,0,0.6327046535608556,0.1231290084561139,STON1;HUS1B
GO_Biological_Process_2023,Regulation Of Mitotic Cell Cycle (GO:0007346),4/125,0.8279219872376112,0.8986621570332299,0,0,0.6897417014428716,0.1302483035139045,CAV2;TAL1;CCDC8;GAS1
GO_Biological_Process_2023,Phosphatidylinositol Biosynthetic Process (GO:0006661),3/98,0.8306662147390709,0.900619466665983,0,0,0.6590630422209369,0.1222741418030513,SOCS3;PGAP4;FGF2
GO_Biological_Process_2023,Amino Acid Catabolic Process (GO:0009063),1/38,0.8308922063701717,0.900619466665983,0,0,0.5645448079658606,0.1045848658813996,OTC
GO_Biological_Process_2023,mRNA Transcription By RNA Polymerase II (GO:0042789),1/38,0.8308922063701717,0.900619466665983,0,0,0.5645448079658606,0.1045848658813996,PPARG
GO_Biological_Process_2023,Positive Regulation Of Production Of Molecular Mediator Of Immune Response (GO:0002702),1/38,0.8308922063701717,0.900619466665983,0,0,0.5645448079658606,0.1045848658813996,IL6
GO_Biological_Process_2023,Negative Regulation Of Extrinsic Apoptotic Signaling Pathway (GO:2001237),2/70,0.8353493266853321,0.9044978503955176,0,0,0.6140311228772519,0.1104674449618367,SNAI2;IGF1
GO_Biological_Process_2023,Positive Regulation Of Protein Transport (GO:0051222),2/70,0.8353493266853321,0.9044978503955176,0,0,0.6140311228772519,0.1104674449618367,IGF1;BMP6
GO_Biological_Process_2023,Regulation Of Cellular Biosynthetic Process (GO:0031326),2/70,0.8353493266853321,0.9044978503955176,0,0,0.6140311228772519,0.1104674449618367,PDK4;CES1
GO_Biological_Process_2023,Positive Regulation Of ATP-dependent Activity (GO:0032781),1/39,0.8386265974020537,0.9058223604549124,0,0,0.5496595106186519,0.0967344279388906,FGF10
GO_Biological_Process_2023,Positive Regulation Of Cytokinesis (GO:0032467),1/39,0.8386265974020537,0.9058223604549124,0,0,0.5496595106186519,0.0967344279388906,MRGPRX2
GO_Biological_Process_2023,Positive Regulation Of Intrinsic Apoptotic Signaling Pathway (GO:2001244),1/39,0.8386265974020537,0.9058223604549124,0,0,0.5496595106186519,0.0967344279388906,CAV1
GO_Biological_Process_2023,Positive Regulation Of Pattern Recognition Receptor Signaling Pathway (GO:0062208),1/39,0.8386265974020537,0.9058223604549124,0,0,0.5496595106186519,0.0967344279388906,CAV1
GO_Biological_Process_2023,Regulation Of Mitochondrial Membrane Potential (GO:0051881),1/39,0.8386265974020537,0.9058223604549124,0,0,0.5496595106186519,0.0967344279388906,PID1
GO_Biological_Process_2023,Regulation Of Receptor-Mediated Endocytosis (GO:0048259),1/39,0.8386265974020537,0.9058223604549124,0,0,0.5496595106186519,0.0967344279388906,CCL21
GO_Biological_Process_2023,Vesicle Cytoskeletal Trafficking (GO:0099518),1/39,0.8386265974020537,0.9058223604549124,0,0,0.5496595106186519,0.0967344279388906,MYO1H
GO_Biological_Process_2023,Response To UV (GO:0009411),3/100,0.8407289457583236,0.9076015326057554,0,0,0.6454061402515011,0.1119689108596564,MFAP4;IVL;AQP1
GO_Biological_Process_2023,Regulation Of Hydrolase Activity (GO:0051336),2/71,0.8411558097781232,0.9076015326057554,0,0,0.6051003038546588,0.1046692635781828,CAV1;PLXNA4
GO_Biological_Process_2023,Synapse Assembly (GO:0007416),2/71,0.8411558097781232,0.9076015326057554,0,0,0.6051003038546588,0.1046692635781828,LGI2;ADGRL3
GO_Biological_Process_2023,Protein Targeting (GO:0006605),4/129,0.8457747633529885,0.9098494890867088,0,0,0.6675291529152916,0.1118125963336964,RASSF9;AKAP6;MGARP;ZDHHC22
GO_Biological_Process_2023,Cellular Response To Heat (GO:0034605),1/40,0.8460076102300123,0.9098494890867088,0,0,0.5355375618533513,0.0895562990869809,FGF1
GO_Biological_Process_2023,Negative Regulation Of Protein Localization (GO:1903828),1/40,0.8460076102300123,0.9098494890867088,0,0,0.5355375618533513,0.0895562990869809,CORO2B
GO_Biological_Process_2023,Nucleic Acid-Templated Transcription (GO:0097659),1/40,0.8460076102300123,0.9098494890867088,0,0,0.5355375618533513,0.0895562990869809,DTX1
GO_Biological_Process_2023,Positive Regulation Of Catalytic Activity (GO:0043085),1/40,0.8460076102300123,0.9098494890867088,0,0,0.5355375618533513,0.0895562990869809,CAV1
GO_Biological_Process_2023,Positive Regulation Of Myeloid Leukocyte Differentiation (GO:0002763),1/40,0.8460076102300123,0.9098494890867088,0,0,0.5355375618533513,0.0895562990869809,IL34
GO_Biological_Process_2023,Regulation Of Microtubule Cytoskeleton Organization (GO:0070507),1/40,0.8460076102300123,0.9098494890867088,0,0,0.5355375618533513,0.0895562990869809,FAM107A
GO_Biological_Process_2023,Water-Soluble Vitamin Metabolic Process (GO:0006767),1/40,0.8460076102300123,0.9098494890867088,0,0,0.5355375618533513,0.0895562990869809,SLC19A3
GO_Biological_Process_2023,Vesicle-Mediated Transport (GO:0016192),15/411,0.8463636320951852,0.9098494890867088,0,0,0.7884102719848822,0.1315117109087576,CCL14;SNAP25;SCARA5;CAV2;STAB2;RASSF9;NSG1;SYP;ADRB2;ANK1;NSG2;RHOJ;NLRP5;GPRASP1;RAB7B
GO_Biological_Process_2023,Positive Regulation Of Protein Localization To Nucleus (GO:1900182),2/72,0.8467760227230693,0.9098494890867088,0,0,0.5964246510898542,0.0991967845159526,NGFR;FERMT2
GO_Biological_Process_2023,Regulation Of Cellular Localization (GO:0060341),2/72,0.8467760227230693,0.9098494890867088,0,0,0.5964246510898542,0.0991967845159526,GSN;KRT5
GO_Biological_Process_2023,Response To Ionizing Radiation (GO:0010212),2/72,0.8467760227230693,0.9098494890867088,0,0,0.5964246510898542,0.0991967845159526,ANXA1;SLC6A2
GO_Biological_Process_2023,Protein Catabolic Process (GO:0030163),3/102,0.8502702887550023,0.9132861452284942,0,0,0.6323010323010323,0.1025598554875685,CPA2;CTSK;NCCRP1
GO_Biological_Process_2023,O-glycan Processing (GO:0016266),1/41,0.8530513734395274,0.9146820388356448,0,0,0.5221217105263158,0.08298367853202,GXYLT2
GO_Biological_Process_2023,Detection Of Chemical Stimulus Involved In Sensory Perception Of Bitter Taste (GO:0001580),1/41,0.8530513734395274,0.9146820388356448,0,0,0.5221217105263158,0.08298367853202,PIP
GO_Biological_Process_2023,Negative Regulation Of mRNA Catabolic Process (GO:1902373),1/41,0.8530513734395274,0.9146820388356448,0,0,0.5221217105263158,0.08298367853202,PKP1
GO_Biological_Process_2023,Positive Regulation Of Viral Process (GO:0048524),1/41,0.8530513734395274,0.9146820388356448,0,0,0.5221217105263158,0.08298367853202,CD209
GO_Biological_Process_2023,Regulation Of Microtubule-Based Process (GO:0032886),1/41,0.8530513734395274,0.9146820388356448,0,0,0.5221217105263158,0.08298367853202,FAM107A
GO_Biological_Process_2023,Negative Regulation Of Neuron Apoptotic Process (GO:0043524),2/74,0.857477113749428,0.919108281300168,0,0,0.5797963166239786,0.0891499395691201,NTF4;CX3CL1
GO_Biological_Process_2023,DNA Integrity Checkpoint Signaling (GO:0031570),1/42,0.8597732802124981,0.920291302363378,0,0,0.5093602909713307,0.0769574901651572,HUS1B
GO_Biological_Process_2023,Modulation By Host Of Symbiont Process (GO:0051851),1/42,0.8597732802124981,0.920291302363378,0,0,0.5093602909713307,0.0769574901651572,PIK3C2G
GO_Biological_Process_2023,Sensory Perception Of Bitter Taste (GO:0050913),1/42,0.8597732802124981,0.920291302363378,0,0,0.5093602909713307,0.0769574901651572,PIP
GO_Biological_Process_2023,Stress-Activated MAPK Cascade (GO:0051403),1/42,0.8597732802124981,0.920291302363378,0,0,0.5093602909713307,0.0769574901651572,ZFP36
GO_Biological_Process_2023,Intrinsic Apoptotic Signaling Pathway (GO:0097193),3/105,0.8636477815008671,0.9236346888811516,0,0,0.6136069812540401,0.0899488029891112,LGALS12;RNF186;SCN2A
GO_Biological_Process_2023,Regulation Of Neuron Apoptotic Process (GO:0043523),3/105,0.8636477815008671,0.9236346888811516,0,0,0.6136069812540401,0.0899488029891112,NTF4;EGR1;KCNB1
GO_Biological_Process_2023,SCF-dependent Proteasomal Ubiquitin-Dependent Protein Catabolic Process (GO:0031146),1/43,0.8661880221285825,0.9236346888811516,0,0,0.4972065580618212,0.0714253520896451,NCCRP1
GO_Biological_Process_2023,Glycolipid Biosynthetic Process (GO:0009247),1/43,0.8661880221285825,0.9236346888811516,0,0,0.4972065580618212,0.0714253520896451,PGAP4
GO_Biological_Process_2023,Intracellular Steroid Hormone Receptor Signaling Pathway (GO:0030518),1/43,0.8661880221285825,0.9236346888811516,0,0,0.4972065580618212,0.0714253520896451,GPER1
GO_Biological_Process_2023,Lysosome Organization (GO:0007040),1/43,0.8661880221285825,0.9236346888811516,0,0,0.4972065580618212,0.0714253520896451,SRPX
GO_Biological_Process_2023,mRNA Catabolic Process (GO:0006402),1/43,0.8661880221285825,0.9236346888811516,0,0,0.4972065580618212,0.0714253520896451,ZFP36
GO_Biological_Process_2023,mRNA Destabilization (GO:0061157),1/43,0.8661880221285825,0.9236346888811516,0,0,0.4972065580618212,0.0714253520896451,ZFP36
GO_Biological_Process_2023,mRNA Transcription (GO:0009299),1/43,0.8661880221285825,0.9236346888811516,0,0,0.4972065580618212,0.0714253520896451,PPARG
GO_Biological_Process_2023,Regulation Of JUN Kinase Activity (GO:0043506),1/43,0.8661880221285825,0.9236346888811516,0,0,0.4972065580618212,0.0714253520896451,EDN1
GO_Biological_Process_2023,Regulation Of Cell-Cell Adhesion (GO:0022407),1/43,0.8661880221285825,0.9236346888811516,0,0,0.4972065580618212,0.0714253520896451,DPP4
GO_Biological_Process_2023,Protein Autophosphorylation (GO:0046777),5/162,0.8671631165600143,0.924355159123192,0,0,0.663949605768961,0.0946315294818769,ALK;PDGFRA;KIT;BMX;DDR2
GO_Biological_Process_2023,Non-Membrane-Bounded Organelle Assembly (GO:0140694),4/135,0.8696075785921631,0.9266408681788084,0,0,0.636753751711049,0.0889629222077396,STARD9;LMOD1;GOLGA8M;PGM5
GO_Biological_Process_2023,Autophagosome Maturation (GO:0097352),1/44,0.8723096206046671,0.9282384690819054,0,0,0.4856181150550795,0.0663407027906087,MAP1LC3C
GO_Biological_Process_2023,Establishment Of Protein Localization To Mitochondrion (GO:0072655),1/44,0.8723096206046671,0.9282384690819054,0,0,0.4856181150550795,0.0663407027906087,MGARP
GO_Biological_Process_2023,Nucleobase-Containing Compound Catabolic Process (GO:0034655),1/44,0.8723096206046671,0.9282384690819054,0,0,0.4856181150550795,0.0663407027906087,DNASE1L3
GO_Biological_Process_2023,Response To Unfolded Protein (GO:0006986),1/44,0.8723096206046671,0.9282384690819054,0,0,0.4856181150550795,0.0663407027906087,HSPB7
GO_Biological_Process_2023,Protein Localization To Organelle (GO:0033365),4/137,0.8768154047573554,0.9322054848834688,0,0,0.6271123352936797,0.0824394310796723,ROPN1B;ANK2;RNF186;ROPN1
GO_Biological_Process_2023,I-kappaB kinase/NF-kappaB Signaling (GO:0007249),1/45,0.8781514577392703,0.9322054848834688,0,0,0.4745564194577352,0.0616620564556643,TLR4
GO_Biological_Process_2023,Chromosome Organization (GO:0051276),1/45,0.8781514577392703,0.9322054848834688,0,0,0.4745564194577352,0.0616620564556643,GEM
GO_Biological_Process_2023,Detection Of Chemical Stimulus Involved In Sensory Perception Of Taste (GO:0050912),1/45,0.8781514577392703,0.9322054848834688,0,0,0.4745564194577352,0.0616620564556643,PIP
GO_Biological_Process_2023,Hexose Metabolic Process (GO:0019318),1/45,0.8781514577392703,0.9322054848834688,0,0,0.4745564194577352,0.0616620564556643,PCK1
GO_Biological_Process_2023,Positive Regulation Of mRNA Catabolic Process (GO:0061014),1/45,0.8781514577392703,0.9322054848834688,0,0,0.4745564194577352,0.0616620564556643,ZFP36
GO_Biological_Process_2023,Regulation Of Telomerase Activity (GO:0051972),1/45,0.8781514577392703,0.9322054848834688,0,0,0.4745564194577352,0.0616620564556643,KLF4
GO_Biological_Process_2023,Regulation Of Cyclin-Dependent Protein Serine/Threonine Kinase Activity (GO:0000079),2/79,0.8813043635076943,0.9345882511890966,0,0,0.5420046473833521,0.0684835000252967,MYOCD;PROX1
GO_Biological_Process_2023,Protein Localization (GO:0008104),12/351,0.8820210764894546,0.9345882511890966,0,0,0.7365660573797059,0.0924680071450314,NGFR;FGF7;ANGPT1;DUOXA1;CAV1;MAL;ANK2;DMD;PHYHIP;FERMT2;GPIHBP1;FGF10
GO_Biological_Process_2023,Membrane Organization (GO:0061024),5/167,0.8834681169143438,0.9345882511890966,0,0,0.6432873769511067,0.079703354330476,DPP4;CR1;ANK2;SYP;SGCZ
GO_Biological_Process_2023,B Cell Receptor Signaling Pathway (GO:0050853),1/46,0.8837263055461525,0.9345882511890966,0,0,0.4639863547758284,0.0573523665976633,BMX
GO_Biological_Process_2023,Antiviral Innate Immune Response (GO:0140374),1/46,0.8837263055461525,0.9345882511890966,0,0,0.4639863547758284,0.0573523665976633,USP44
GO_Biological_Process_2023,Mitotic G2/M Transition Checkpoint (GO:0044818),1/46,0.8837263055461525,0.9345882511890966,0,0,0.4639863547758284,0.0573523665976633,HUS1B
GO_Biological_Process_2023,Negative Regulation Of Cellular Metabolic Process (GO:0031324),1/46,0.8837263055461525,0.9345882511890966,0,0,0.4639863547758284,0.0573523665976633,CIDEC
GO_Biological_Process_2023,Positive Regulation Of Cell-Cell Adhesion (GO:0022409),1/46,0.8837263055461525,0.9345882511890966,0,0,0.4639863547758284,0.0573523665976633,CX3CL1
GO_Biological_Process_2023,Protein Sumoylation (GO:0016925),1/46,0.8837263055461525,0.9345882511890966,0,0,0.4639863547758284,0.0573523665976633,EGR2
GO_Biological_Process_2023,Regulation Of Epidermal Growth Factor Receptor Signaling Pathway (GO:0042058),1/46,0.8837263055461525,0.9345882511890966,0,0,0.4639863547758284,0.0573523665976633,GPER1
GO_Biological_Process_2023,Vacuolar Transport (GO:0007034),1/46,0.8837263055461525,0.9345882511890966,0,0,0.4639863547758284,0.0573523665976633,LRP1
GO_Biological_Process_2023,Positive Regulation Of TOR Signaling (GO:0032008),1/47,0.8890463533082549,0.9392491761336698,0,0,0.4538758581235698,0.0533784805409181,LEP
GO_Biological_Process_2023,Protein Monoubiquitination (GO:0006513),1/47,0.8890463533082549,0.9392491761336698,0,0,0.4538758581235698,0.0533784805409181,NEURL1
GO_Biological_Process_2023,Regulation Of T Cell Differentiation (GO:0045580),1/47,0.8890463533082549,0.9392491761336698,0,0,0.4538758581235698,0.0533784805409181,SPINK5
GO_Biological_Process_2023,Spindle Assembly (GO:0051225),2/81,0.8897606211952596,0.9396821887204128,0,0,0.5282274312551237,0.0616984521894023,STARD9;GOLGA8M
GO_Biological_Process_2023,Negative Regulation Of Apoptotic Signaling Pathway (GO:2001234),2/82,0.8937758920567581,0.9423552151009796,0,0,0.5215971459934138,0.0585754717741194,IGF1;CX3CL1
GO_Biological_Process_2023,Cellular Defense Response (GO:0006968),1/48,0.8941232345418754,0.9423552151009796,0,0,0.4441955953714072,0.049710669580871,CXCR2
GO_Biological_Process_2023,Oligosaccharide Metabolic Process (GO:0009311),1/48,0.8941232345418754,0.9423552151009796,0,0,0.4441955953714072,0.049710669580871,B3GALT1
GO_Biological_Process_2023,Post-Translational Protein Modification (GO:0043687),1/48,0.8941232345418754,0.9423552151009796,0,0,0.4441955953714072,0.049710669580871,PADI4
GO_Biological_Process_2023,Regulation Of Intrinsic Apoptotic Signaling Pathway (GO:2001242),1/48,0.8941232345418754,0.9423552151009796,0,0,0.4441955953714072,0.049710669580871,CAV1
GO_Biological_Process_2023,"Retrograde Vesicle-Mediated Transport, Golgi To Endoplasmic Reticulum (GO:0006890)",1/48,0.8941232345418754,0.9423552151009796,0,0,0.4441955953714072,0.049710669580871,CCL13
GO_Biological_Process_2023,Negative Regulation Of DNA Metabolic Process (GO:0051053),1/49,0.8989680522129765,0.9461692387253524,0,0,0.4349186769005848,0.0463222237004242,ADIPOQ
GO_Biological_Process_2023,Nuclear Export (GO:0051168),1/49,0.8989680522129765,0.9461692387253524,0,0,0.4349186769005848,0.0463222237004242,EGR2
GO_Biological_Process_2023,Proton Transmembrane Transport (GO:1902600),1/49,0.8989680522129765,0.9461692387253524,0,0,0.4349186769005848,0.0463222237004242,OTOP1
GO_Biological_Process_2023,Unsaturated Fatty Acid Metabolic Process (GO:0033559),1/49,0.8989680522129765,0.9461692387253524,0,0,0.4349186769005848,0.0463222237004242,RAPSN
GO_Biological_Process_2023,Nucleocytoplasmic Transport (GO:0006913),1/50,0.9035914026695848,0.9500635763082452,0,0,0.4260204081632653,0.0431891007579537,BACH2
GO_Biological_Process_2023,Regulation Of Interferon-Beta Production (GO:0032648),1/50,0.9035914026695848,0.9500635763082452,0,0,0.4260204081632653,0.0431891007579537,TLR4
GO_Biological_Process_2023,Regulation Of Interleukin-12 Production (GO:0032655),1/50,0.9035914026695848,0.9500635763082452,0,0,0.4260204081632653,0.0431891007579537,TLR4
GO_Biological_Process_2023,Nuclear-Transcribed mRNA Catabolic Process (GO:0000956),2/85,0.9050198016793464,0.950917674535106,0,0,0.5026648856678084,0.050165179079422,ZFP36;SAMD4A
GO_Biological_Process_2023,Positive Regulation Of Amide Metabolic Process (GO:0034250),2/85,0.9050198016793464,0.950917674535106,0,0,0.5026648856678084,0.050165179079422,IL6;SAMD4A
GO_Biological_Process_2023,Metaphase Plate Congression (GO:0051310),1/51,0.908003399103927,0.9534035690591234,0,0,0.4174780701754386,0.040289621612933,GEM
GO_Biological_Process_2023,Regulation Of Telomere Maintenance Via Telomerase (GO:0032210),1/51,0.908003399103927,0.9534035690591234,0,0,0.4174780701754386,0.040289621612933,STON1
GO_Biological_Process_2023,Organelle Organization (GO:0006996),14/418,0.9121189640558358,0.9568480024533776,0,0,0.7201676229914427,0.0662445139236347,ROPN1B;CCL13;CCL24;ABCD2;DST;CAV2;CAV1;GOLGA8M;SYNE3;ANK1;CIDEC;GEM;KRT16;ROPN1
GO_Biological_Process_2023,Positive Regulation Of B Cell Activation (GO:0050871),1/52,0.9122136933010334,0.9568480024533776,0,0,0.4092707258341933,0.0376042050029235,IL6
GO_Biological_Process_2023,Regulation Of Proteolysis (GO:0030162),1/52,0.9122136933010334,0.9568480024533776,0,0,0.4092707258341933,0.0376042050029235,CAV1
GO_Biological_Process_2023,Glycoprotein Metabolic Process (GO:0009100),1/53,0.9162314967923292,0.9594323713018724,0,0,0.4013790485829959,0.0351151359411726,NCCRP1
GO_Biological_Process_2023,mRNA Stabilization (GO:0048255),1/53,0.9162314967923292,0.9594323713018724,0,0,0.4013790485829959,0.0351151359411726,ZFP36
GO_Biological_Process_2023,Mitochondrial Transport (GO:0006839),1/53,0.9162314967923292,0.9594323713018724,0,0,0.4013790485829959,0.0351151359411726,MGARP
GO_Biological_Process_2023,Negative Regulation Of Viral Genome Replication (GO:0045071),1/53,0.9162314967923292,0.9594323713018724,0,0,0.4013790485829959,0.0351151359411726,PROX1
GO_Biological_Process_2023,Spermatid Development (GO:0007286),1/53,0.9162314967923292,0.9594323713018724,0,0,0.4013790485829959,0.0351151359411726,JAM2
GO_Biological_Process_2023,Protein Stabilization (GO:0050821),6/208,0.9173390602107389,0.9602664221331132,0,0,0.6184571048064013,0.0533593198002266,C10ORF90;SOX17;ANK2;IGF1;CRYAB;GPIHBP1
GO_Biological_Process_2023,ERAD Pathway (GO:0036503),2/89,0.918286607877354,0.96093246051437,0,0,0.4794529189850738,0.0408713131551351,NCCRP1;SEL1L2
GO_Biological_Process_2023,ERBB Signaling Pathway (GO:0038127),1/54,0.9200656007588256,0.9615771690503232,0,0,0.3937851704733532,0.0328063631718828,NRG1
GO_Biological_Process_2023,Endoplasmic Reticulum Organization (GO:0007029),1/54,0.9200656007588256,0.9615771690503232,0,0,0.3937851704733532,0.0328063631718828,CAV2
GO_Biological_Process_2023,Nucleosome Assembly (GO:0006334),1/54,0.9200656007588256,0.9615771690503232,0,0,0.3937851704733532,0.0328063631718828,PADI4
GO_Biological_Process_2023,Protein Phosphorylation (GO:0006468),17/500,0.9201486742386314,0.9615771690503232,0,0,0.7308026471458149,0.0608174105914526,ALK;PDGFRA;BMX;TGFBR2;LIPE;BMP2;RELN;ACVR1C;KIT;PDK4;CTSG;ERG;PCK1;PAK3;SGK2;TLR4;DDR2
GO_Biological_Process_2023,Regulation Of DNA-templated Transcription (GO:0006355),76/1922,0.9224754323169924,0.9636824567047566,0,0,0.8480449834379866,0.0684325956457626,PRDM8;CSRNP3;BNC2;TCF23;RORB;HIF3A;MEOX2;FGF2;MEOX1;BACH2;SOX2;FGF7;SOX17;HOXA7;SOX7;TP63;HOXA5;MYOCD;ADIPOQ;EBF1;PAX3;EN1;EBF2;NRG1;FOS;PROX1;MYT1;SOX10;KLF15;FOXP2;SFRP1;ZEB2;ETV3L;TAL1;PPARG;ERG;ZFPM2;CRYAB;VGLL1;ATF3;CREB5;VGLL3;MAGEL2;TMPRSS6;DBX2;TSHZ2;TWIST2;ASCL1;FOXO1;TCEAL7;ATOH8;HAS3;ALX4;ASIC2;RUNX1T1;EGR1;EGR2;EGR3;IRX6;DMRT2;ZBTB16;IGF1;KLF4;TBX18;MLXIPL;TBX15;NR4A1;BMP2;IL6;NR4A3;WT1;ID4;SNAI2;FOSB;VSX2;BRDT
GO_Biological_Process_2023,Purine Ribonucleotide Biosynthetic Process (GO:0009152),1/55,0.9237243954239772,0.964660760715094,0,0,0.386472547108512,0.0306633213291298,NPR1
GO_Biological_Process_2023,Mitotic DNA Damage Checkpoint Signaling (GO:0044773),1/56,0.9272158882158934,0.9673252608727486,0,0,0.3794258373205741,0.0286727747211987,HUS1B
GO_Biological_Process_2023,Pattern Recognition Receptor Signaling Pathway (GO:0002221),1/56,0.9272158882158934,0.9673252608727486,0,0,0.3794258373205741,0.0286727747211987,TLR4
GO_Biological_Process_2023,Regulation Of Stem Cell Population Maintenance (GO:2000036),1/56,0.9272158882158934,0.9673252608727486,0,0,0.3794258373205741,0.0286727747211987,PTN
GO_Biological_Process_2023,RNA Catabolic Process (GO:0006401),1/57,0.9305477210174848,0.9701454963799312,0,0,0.3726307957393484,0.0268226797057418,ZFP36
GO_Biological_Process_2023,Membrane Lipid Biosynthetic Process (GO:0046467),1/57,0.9305477210174848,0.9701454963799312,0,0,0.3726307957393484,0.0268226797057418,CERS3
GO_Biological_Process_2023,"Regulation Of mRNA Splicing, Via Spliceosome (GO:0048024)",2/94,0.9324242308151776,0.9711179488955648,0,0,0.453276380470577,0.0317145628347481,CELF2;CELF3
GO_Biological_Process_2023,"Retrograde Transport, Endosome To Golgi (GO:0042147)",2/94,0.9324242308151776,0.9711179488955648,0,0,0.453276380470577,0.0317145628347481,MAGEL2;RAB7B
GO_Biological_Process_2023,Sphingolipid Metabolic Process (GO:0006665),2/94,0.9324242308151776,0.9711179488955648,0,0,0.453276380470577,0.0317145628347481,CERS3;ENPP2
GO_Biological_Process_2023,mRNA Transport (GO:0051028),1/58,0.93372718719574,0.9711643621540595,0,0,0.3660741766697445,0.0251020629299203,ZFP36
GO_Biological_Process_2023,Peptidyl-Threonine Phosphorylation (GO:0018107),1/58,0.93372718719574,0.9711643621540595,0,0,0.3660741766697445,0.0251020629299203,TGFBR2
GO_Biological_Process_2023,Positive Regulation Of Type II Interferon Production (GO:0032729),1/58,0.93372718719574,0.9711643621540595,0,0,0.3660741766697445,0.0251020629299203,TLR4
GO_Biological_Process_2023,Selective Autophagy (GO:0061912),1/58,0.93372718719574,0.9711643621540595,0,0,0.3660741766697445,0.0251020629299203,MAP1LC3C
GO_Biological_Process_2023,T Cell Receptor Signaling Pathway (GO:0050852),2/95,0.9349591095842752,0.9717908320830496,0,0,0.4483788345549614,0.0301545902689303,BTNL9;MOG
GO_Biological_Process_2023,Recombinational Repair (GO:0000725),2/95,0.9349591095842752,0.9717908320830496,0,0,0.4483788345549614,0.0301545902689303,STON1;HUS1B
GO_Biological_Process_2023,Negative Regulation Of Protein-Containing Complex Assembly (GO:0031333),1/59,0.9367612473422928,0.9723543949380156,0,0,0.3597436479128856,0.0235009137891643,CRYAB
GO_Biological_Process_2023,Phospholipid Transport (GO:0015914),1/59,0.9367612473422928,0.9723543949380156,0,0,0.3597436479128856,0.0235009137891643,ABCB1
GO_Biological_Process_2023,Protein Targeting To Mitochondrion (GO:0006626),1/59,0.9367612473422928,0.9723543949380156,0,0,0.3597436479128856,0.0235009137891643,MGARP
GO_Biological_Process_2023,protein-DNA Complex Assembly (GO:0065004),1/59,0.9367612473422928,0.9723543949380156,0,0,0.3597436479128856,0.0235009137891643,PADI4
GO_Biological_Process_2023,RNA Splicing (GO:0008380),2/98,0.942033763701794,0.9771701036785748,0,0,0.4342983900475667,0.0259337646268854,WT1;CELF3
GO_Biological_Process_2023,Negative Regulation Of Macromolecule Biosynthetic Process (GO:0010558),2/98,0.942033763701794,0.9771701036785748,0,0,0.4342983900475667,0.0259337646268854,EDN1;ADIPOQ
GO_Biological_Process_2023,Autophagosome Organization (GO:1905037),1/61,0.942419417383674,0.977241767370978,0,0,0.3477156432748538,0.0206212282787273,MAP1LC3C
GO_Biological_Process_2023,Negative Regulation Of Kinase Activity (GO:0033673),1/62,0.9450559174414562,0.9793177633909952,0,0,0.3419974115616911,0.0193266777436885,SNCA
GO_Biological_Process_2023,Protein-Containing Complex Disassembly (GO:0032984),1/62,0.9450559174414562,0.9793177633909952,0,0,0.3419974115616911,0.0193266777436885,MAP1LC3C
GO_Biological_Process_2023,Antigen Receptor-Mediated Signaling Pathway (GO:0050851),3/134,0.9474752849681322,0.9812660864553177,0,0,0.4770405167351732,0.025738447656141,BTNL9;MOG;BMX
GO_Biological_Process_2023,Regulation Of Cellular Catabolic Process (GO:0031329),1/63,0.947571818504471,0.9812660864553177,0,0,0.3364636389360498,0.0181194239309977,DEPP1
GO_Biological_Process_2023,Positive Regulation Of Protein Metabolic Process (GO:0051247),5/196,0.9479657375684728,0.9813448128349684,0,0,0.5447793897179233,0.0291113322223667,IL6;AGTR1;SAMD4A;KLF4;FOXO1
GO_Biological_Process_2023,Cellular Response To Virus (GO:0098586),1/64,0.9499726311704833,0.9821049941136242,0,0,0.3311055416318574,0.016993033074649,IL6
GO_Biological_Process_2023,Endocytic Recycling (GO:0032456),1/64,0.9499726311704833,0.9821049941136242,0,0,0.3311055416318574,0.016993033074649,TRARG1
GO_Biological_Process_2023,Positive Regulation Of Macroautophagy (GO:0016239),1/64,0.9499726311704833,0.9821049941136242,0,0,0.3311055416318574,0.016993033074649,DCN
GO_Biological_Process_2023,Positive Regulation Of Type I Interferon Production (GO:0032481),1/64,0.9499726311704833,0.9821049941136242,0,0,0.3311055416318574,0.016993033074649,TLR4
GO_Biological_Process_2023,Autophagosome Assembly (GO:0000045),1/65,0.9522636145504052,0.9838145174421354,0,0,0.3259148848684211,0.0159415974646019,MAP1LC3C
GO_Biological_Process_2023,Regulation Of Translational Initiation (GO:0006446),1/65,0.9522636145504052,0.9838145174421354,0,0,0.3259148848684211,0.0159415974646019,C8ORF88
GO_Biological_Process_2023,Peptidyl-Threonine Modification (GO:0018210),1/66,0.9544497877951624,0.9857432234605776,0,0,0.3208839406207827,0.01495968727605,TGFBR2
GO_Biological_Process_2023,Extrinsic Apoptotic Signaling Pathway (GO:0097191),1/67,0.9565359406630674,0.98700917386505,0,0,0.3160054492291334,0.0140423074841846,G0S2
GO_Biological_Process_2023,Regulation Of Viral Genome Replication (GO:0045069),1/67,0.9565359406630674,0.98700917386505,0,0,0.3160054492291334,0.0140423074841846,PROX1
GO_Biological_Process_2023,Regulation Of I-kappaB kinase/NF-kappaB Signaling (GO:0043122),6/232,0.9566347418866956,0.98700917386505,0,0,0.5520777434116166,0.0244756105752249,CCL21;HTR2B;S100A12;ROR1;S100B;CX3CL1
GO_Biological_Process_2023,Phosphorylation (GO:0016310),13/429,0.9582137950768704,0.9879253443835164,0,0,0.6482986111111111,0.0276722098590348,ALK;HTR2B;BMX;TGFBR2;LIPE;BMP2;ACVR1C;PDK4;CTSG;ERG;PAK3;SGK2;DGKI
GO_Biological_Process_2023,B Cell Differentiation (GO:0030183),1/68,0.958526644563962,0.9879253443835164,0,0,0.3112725844461901,0.013184858823644,KIT
GO_Biological_Process_2023,Negative Regulation Of Translation (GO:0017148),2/107,0.95912285620907,0.9879253443835164,0,0,0.3968846374993466,0.0165644183636404,ZFP36;C8ORF88
GO_Biological_Process_2023,Positive Regulation Of Autophagy (GO:0010508),2/107,0.95912285620907,0.9879253443835164,0,0,0.3968846374993466,0.0165644183636404,FOXO1;DCN
GO_Biological_Process_2023,Regulation Of Cellular Response To Stress (GO:0080135),2/107,0.95912285620907,0.9879253443835164,0,0,0.3968846374993466,0.0165644183636404,CRHBP;CORO2B
GO_Biological_Process_2023,Phospholipid Metabolic Process (GO:0006644),1/69,0.9604262620359584,0.9888815935884055,0,0,0.3066789215686274,0.0123831029979374,ENPP2
GO_Biological_Process_2023,Positive Regulation Of Translation (GO:0045727),2/108,0.960691901254172,0.9888815935884055,0,0,0.3931197315825446,0.015764700212804,IL6;SAMD4A
GO_Biological_Process_2023,Sensory Perception Of Chemical Stimulus (GO:0007606),2/110,0.9636583987631976,0.9915932620118608,0,0,0.3857990811887629,0.0142816667520958,CD36;OR3A2
GO_Biological_Process_2023,Protein Autoubiquitination (GO:0051865),1/71,0.9639687007766746,0.9915932620118608,0,0,0.2978853383458646,0.0109313353098598,RNF186
GO_Biological_Process_2023,Double-Strand Break Repair Via Homologous Recombination (GO:0000724),2/111,0.9650598005882955,0.992384944842128,0,0,0.3822394988871992,0.0135944280641317,STON1;HUS1B
GO_Biological_Process_2023,Protein Targeting To Membrane (GO:0006612),1/72,0.9656192872399452,0.992596047132848,0,0,0.2936743266617247,0.0102743828133354,ZDHHC22
GO_Biological_Process_2023,Regulation Of Autophagy (GO:0010506),6/241,0.9663324178922724,0.992596047132848,0,0,0.530680991813085,0.0181744368032905,LEP;LEPR;FOXO1;DCN;DEPP1;GFAP
GO_Biological_Process_2023,Negative Regulation Of Protein Metabolic Process (GO:0051248),3/147,0.9665616801514866,0.992596047132848,0,0,0.4336767399267399,0.0147494171839216,EDN1;EDNRB;CRYAB
GO_Biological_Process_2023,Endosomal Transport (GO:0016197),4/180,0.9669340312743282,0.992596047132848,0,0,0.4728222822282228,0.0158986520017331,MAGEL2;NSG2;RASSF9;NSG1
GO_Biological_Process_2023,DNA Replication (GO:0006260),1/73,0.9671943342324608,0.992596047132848,0,0,0.2895802875243665,0.0096591930444447,STON1
GO_Biological_Process_2023,Ubiquitin-Dependent ERAD Pathway (GO:0030433),1/73,0.9671943342324608,0.992596047132848,0,0,0.2895802875243665,0.0096591930444447,NCCRP1
GO_Biological_Process_2023,Import Into Nucleus (GO:0051170),1/74,0.968697295388035,0.9931479743815556,0,0,0.2855984138428262,0.0090829162162744,BACH2
GO_Biological_Process_2023,Regulation Of Cell Cycle G1/S Phase Transition (GO:1902806),1/74,0.968697295388035,0.9931479743815556,0,0,0.2855984138428262,0.0090829162162744,SOX2
GO_Biological_Process_2023,Regulation Of mRNA Stability (GO:0043488),1/74,0.968697295388035,0.9931479743815556,0,0,0.2855984138428262,0.0090829162162744,ZFP36
GO_Biological_Process_2023,Nucleosome Organization (GO:0034728),1/75,0.9701314663266865,0.9933116961007044,0,0,0.2817241583688952,0.0085429144585788,PADI4
GO_Biological_Process_2023,Regulation Of DNA Replication (GO:0006275),1/75,0.9701314663266865,0.9933116961007044,0,0,0.2817241583688952,0.0085429144585788,STON1
GO_Biological_Process_2023,Regulation Of Plasma Membrane Bounded Cell Projection Assembly (GO:0120032),1/75,0.9701314663266865,0.9933116961007044,0,0,0.2817241583688952,0.0085429144585788,CAV1
GO_Biological_Process_2023,Plasma Membrane Bounded Cell Projection Assembly (GO:0120031),7/275,0.9701440763665772,0.9933116961007044,0,0,0.5425397845211031,0.0164447531476264,P2RY12;GSN;CCL21;KIT;S1PR1;EMP1;MYLK
GO_Biological_Process_2023,Phosphate-Containing Compound Metabolic Process (GO:0006796),4/184,0.9709651145571664,0.9938227150656408,0,0,0.4622173328443955,0.0136191129218269,ALK;SLC22A3;PTPRB;HTR2B
GO_Biological_Process_2023,Proteolysis Involved In Protein Catabolic Process (GO:0051603),1/78,0.9740519782756172,0.9959915392304836,0,0,0.2707051720209615,0.0071170043671868,CTSK
GO_Biological_Process_2023,Regulation Of TOR Signaling (GO:0032006),1/78,0.9740519782756172,0.9959915392304836,0,0,0.2707051720209615,0.0071170043671868,LEP
GO_Biological_Process_2023,Regulation Of Innate Immune Response (GO:0045088),1/78,0.9740519782756172,0.9959915392304836,0,0,0.2707051720209615,0.0071170043671868,CFH
GO_Biological_Process_2023,Regulation Of Nucleic Acid-Templated Transcription (GO:1903506),13/452,0.9747322261797536,0.9963570802042714,0,0,0.6135763097949886,0.0157029428240567,PRDM8;BNC2;RORB;MYT1;SOX2;MLXIPL;BMP2;SOX17;WT1;SNAI2;SOX7;VGLL1;BRDT
GO_Biological_Process_2023,Positive Regulation Of Catabolic Process (GO:0009896),1/79,0.9752410364624317,0.9965471961468144,0,0,0.2672205353126405,0.0066993849386827,FOXO1
GO_Biological_Process_2023,Glycoprotein Biosynthetic Process (GO:0009101),1/80,0.9763756578571448,0.9971625484152182,0,0,0.2638241172551632,0.0063074730350575,IGF1
GO_Biological_Process_2023,Peptide Biosynthetic Process (GO:0043043),3/158,0.9773935312897328,0.9971625484152182,0,0,0.4026657213753988,0.0092073191321727,DMD;PCSK5;GGTA1
GO_Biological_Process_2023,Peptidyl-Serine Phosphorylation (GO:0018105),3/158,0.9773935312897328,0.9971625484152182,0,0,0.4026657213753988,0.0092073191321727,PCK1;SGK2;TGFBR2
GO_Biological_Process_2023,Regulation Of Protein Catabolic Process (GO:0042176),2/122,0.9774146617327784,0.9971625484152182,0,0,0.3469996341017197,0.0079269614888903,FOXO1;GFAP
GO_Biological_Process_2023,Cytoskeleton-Dependent Cytokinesis (GO:0061640),1/81,0.977458332200988,0.9971625484152182,0,0,0.2605126096491228,0.0059395871858496,ROPN1B
GO_Biological_Process_2023,Protein Dephosphorylation (GO:0006470),2/124,0.9791516829242431,0.9984577699648556,0,0,0.3412751255151068,0.0071902272845898,PTPRB;DUSP1
GO_Biological_Process_2023,Positive Regulation Of Proteasomal Ubiquitin-Dependent Protein Catabolic Process (GO:0032436),1/83,0.9794772341740938,0.9984577699648556,0,0,0.2541318998716303,0.0052697512900007,CAV1
GO_Biological_Process_2023,Mitochondrion Organization (GO:0007005),3/162,0.980430646605725,0.9984577699648556,0,0,0.3924528301886792,0.0077561899132583,PID1;CAV2;MGARP
GO_Biological_Process_2023,Endomembrane System Organization (GO:0010256),4/196,0.9804695078860376,0.9984577699648556,0,0,0.4330537220388705,0.0085414357130354,CR1;CAV2;GOLGA8M;SYP
GO_Biological_Process_2023,Protein-Containing Complex Organization (GO:0043933),2/126,0.9807589438054732,0.9984577699648556,0,0,0.335735278495804,0.006522857897741,DMD;JCHAIN
GO_Biological_Process_2023,Cellular Respiration (GO:0045333),1/85,0.9813154758903052,0.9984577699648556,0,0,0.2480550334168755,0.0046786367032108,NR4A3
GO_Biological_Process_2023,mRNA Metabolic Process (GO:0016071),1/85,0.9813154758903052,0.9984577699648556,0,0,0.2480550334168755,0.0046786367032108,ZFP36
GO_Biological_Process_2023,Macromolecule Catabolic Process (GO:0009057),1/85,0.9813154758903052,0.9984577699648556,0,0,0.2480550334168755,0.0046786367032108,DNASE1L3
GO_Biological_Process_2023,Peptidyl-Serine Modification (GO:0018209),3/166,0.983075953619258,0.9999194295956012,0,0,0.3827411851951729,0.0065329689717299,PCK1;SGK2;TGFBR2
GO_Biological_Process_2023,Positive Regulation Of DNA Repair (GO:0045739),1/89,0.9845131364782314,0.9999959751195848,0,0,0.2367299641148325,0.0036948902028736,FGF10
GO_Biological_Process_2023,rRNA Metabolic Process (GO:0016072),1/91,0.985900657094212,0.9999959751195848,0,0,0.2314449317738791,0.0032864446422272,CAVIN1
GO_Biological_Process_2023,Regulation Of RNA Metabolic Process (GO:0051252),1/91,0.985900657094212,0.9999959751195848,0,0,0.2314449317738791,0.0032864446422272,BRDT
GO_Biological_Process_2023,B Cell Activation (GO:0042113),1/92,0.9865471197661811,0.9999959751195848,0,0,0.2288895315211104,0.0031001233204215,KIT
GO_Biological_Process_2023,Positive Regulation Of Protein Catabolic Process (GO:0045732),1/92,0.9865471197661811,0.9999959751195848,0,0,0.2288895315211104,0.0031001233204215,FOXO1
GO_Biological_Process_2023,Negative Regulation Of Amide Metabolic Process (GO:0034249),1/93,0.9871639669609988,0.9999959751195848,0,0,0.2263896834477498,0.0029247570129233,IGF1
GO_Biological_Process_2023,Regulation Of Macroautophagy (GO:0016241),1/96,0.9888500620339812,0.9999959751195848,0,0,0.2192059095106186,0.0024578603949264,DCN
GO_Biological_Process_2023,Regulation Of Protein Localization (GO:0032880),1/97,0.9893613948180056,0.9999959751195848,0,0,0.2169110928362573,0.0023199942261589,KRT5
GO_Biological_Process_2023,Protein Modification Process (GO:0036211),21/711,0.9894733617339332,0.9999959751195848,0,0,0.6277003314486255,0.0066425981062914,ANXA1;EPB42;F13A1;BMX;TGFBR2;TGM1;LIPE;COL3A1;PTPRB;BMP2;ACVR1C;LOX;PDK4;CTSG;PADI4;ERG;PAK3;SPRR1A;SGK2;IVL;SPRR1B
GO_Biological_Process_2023,Protein Transport (GO:0015031),7/313,0.9898764199499822,0.9999959751195848,0,0,0.4742060915609805,0.0048251285349125,NGFR;LRP1;PPARG;CD36;APOB;RAMP1;GPIHBP1
GO_Biological_Process_2023,RNA Processing (GO:0006396),3/183,0.9909598534668256,0.9999959751195848,0,0,0.3462820512820513,0.0031446761657865,WT1;CELF2;CELF3
GO_Biological_Process_2023,Activation Of GTPase Activity (GO:0090630),1/102,0.9915873238622496,0.9999959751195848,0,0,0.2061186381796074,0.0017413443454321,CCL21
GO_Biological_Process_2023,Regulation Of RNA Splicing (GO:0043484),1/102,0.9915873238622496,0.9999959751195848,0,0,0.2061186381796074,0.0017413443454321,BRDT
GO_Biological_Process_2023,Protein Glycosylation (GO:0006486),2/147,0.9918023365878004,0.9999959751195848,0,0,0.2867935955183769,0.0023607268618179,GALNT17;B3GALT1
GO_Biological_Process_2023,Macroautophagy (GO:0016236),1/104,0.9923414109754126,0.9999959751195848,0,0,0.2020950434338272,0.0015537201571834,MAP1LC3C
GO_Biological_Process_2023,protein-RNA Complex Assembly (GO:0022618),2/150,0.9927535051492156,0.9999959751195848,0,0,0.2809357106832408,0.0020432112142231,CELF2;CELF3
GO_Biological_Process_2023,Intracellular Protein Transport (GO:0006886),7/325,0.9929226799423664,0.9999959751195848,0,0,0.4560199647354464,0.0032388740846047,TRARG1;NGFR;EGR2;MAP1LC3C;RASSF9;AKAP6;GPIHBP1
GO_Biological_Process_2023,RNA Metabolic Process (GO:0016070),1/111,0.9944871145828844,0.9999959751195848,0,0,0.1891646730462519,0.0010457283134538,CELF2
GO_Biological_Process_2023,Mitotic Sister Chromatid Segregation (GO:0000070),1/111,0.9944871145828844,0.9999959751195848,0,0,0.1891646730462519,0.0010457283134538,ANKRD53
GO_Biological_Process_2023,Protein Deubiquitination (GO:0016579),1/112,0.9947400585790896,0.9999959751195848,0,0,0.18745060850324,0.0009885814455577657,USP44
GO_Biological_Process_2023,Protein Modification By Small Protein Removal (GO:0070646),1/114,0.9952116790874176,0.9999959751195848,0,0,0.1841134916938363,0.0008837119232425376,USP44
GO_Biological_Process_2023,Double-Strand Break Repair (GO:0006302),2/168,0.9965645907959092,0.9999959751195848,0,0,0.25023474799307,0.0008611387868865314,STON1;HUS1B
GO_Biological_Process_2023,Positive Regulation Of Intracellular Protein Transport (GO:0090316),1/126,0.9972749935905586,0.9999959751195848,0,0,0.1663333333333333,0.0004538780910360419,KCNB1
GO_Biological_Process_2023,Cytosolic Transport (GO:0016482),1/127,0.9974000489684258,0.9999959751195848,0,0,0.1650045252018936,0.00042956234834117663,MAGEL2
GO_Biological_Process_2023,Regulation Of DNA Repair (GO:0006282),1/129,0.9976332048326068,0.9999959751195848,0,0,0.1624091968201754,0.0003848449065690693,FGF10
GO_Biological_Process_2023,Golgi Organization (GO:0007030),1/130,0.9977418194818316,0.9999959751195848,0,0,0.161141710866313,0.0003642985530733892,GOLGA8M
GO_Biological_Process_2023,Proteasomal Protein Catabolic Process (GO:0010498),3/220,0.9977943094835604,0.9999959751195848,0,0,0.2866764571833696,0.0006330179206311688,USP44;SEL1L2;RNF186
GO_Biological_Process_2023,Protein Polyubiquitination (GO:0000209),3/226,0.9982538235015896,0.9999959751195848,0,0,0.2788744887399595,0.0004873897364468575,C10ORF90;MAGEL2;RNF186
GO_Biological_Process_2023,Cilium Organization (GO:0044782),3/228,0.9983850527629108,0.9999959751195848,0,0,0.2763663003663004,0.0004466777708755982,ROPN1B;GSN;ROPN1
GO_Biological_Process_2023,Detection Of Chemical Stimulus Involved In Sensory Perception Of Smell (GO:0050911),1/139,0.9985203481624092,0.9999959751195848,0,0,0.1505609585558098,0.0002229427785479965,OR10A6
GO_Biological_Process_2023,Defense Response To Virus (GO:0051607),2/189,0.9985784842398452,0.9999959751195848,0,0,0.2218869785215752,0.00031564023391428275,IL6;USP44
GO_Biological_Process_2023,Detection Of Chemical Stimulus Involved In Sensory Perception (GO:0050907),1/141,0.9986529990292512,0.9999959751195848,0,0,0.1483944235588972,0.0002000221778853847,OR10A6
GO_Biological_Process_2023,Transcription By RNA Polymerase II (GO:0006366),2/192,0.9987478871563908,0.9999959751195848,0,0,0.2183488358657346,0.0002735686869717136,DTX1;PPARG
GO_Biological_Process_2023,Dephosphorylation (GO:0016311),1/147,0.9989836939137772,0.9999959751195848,0,0,0.142250961307378,0.00014464403150881667,PTPRB
GO_Biological_Process_2023,Golgi Vesicle Transport (GO:0048193),2/197,0.9989869535315574,0.9999959751195848,0,0,0.2126938557234934,0.00021557797309827,CCL13;RAB7B
GO_Biological_Process_2023,Defense Response To Symbiont (GO:0140546),1/148,0.9990302945085464,0.9999959751195848,0,0,0.1412758085690416,0.00013706239320216074,IL6
GO_Biological_Process_2023,Regulation Of Translation (GO:0006417),2/202,0.9991807287800112,0.9999959751195848,0,0,0.2073216245883644,0.0001699222560218817,IL6;SAMD4A
GO_Biological_Process_2023,DNA Metabolic Process (GO:0006259),4/288,0.9992682116267696,0.9999959751195848,0,0,0.2913432188289251,0.00021327962745571036,NT5E;STON1;HUS1B;DNASE1L3
GO_Biological_Process_2023,Chromatin Organization (GO:0006325),3/268,0.9996684859770198,0.9999959751195848,0,0,0.2341530167945262,7.763787832434308e-05,SOX2;PADI4;BRDT
GO_Biological_Process_2023,Chromatin Remodeling (GO:0006338),2/228,0.9997294931624784,0.9999959751195848,0,0,0.1832178972829624,4.956839856904306e-05,PADI4;BRDT
GO_Biological_Process_2023,Proteasome-Mediated Ubiquitin-Dependent Protein Catabolic Process (GO:0043161),4/319,0.9997727669236646,0.9999959751195848,0,0,0.2622382873207955,5.959598410670706e-05,USP44;NCCRP1;RNF186;ECRG4
GO_Biological_Process_2023,Organelle Assembly (GO:0070925),4/322,0.999797192513516,0.9999959751195848,0,0,0.2597228276286748,5.267907588993751e-05,SRPX;GSN;MAP1LC3C;CD34
GO_Biological_Process_2023,Protein Modification By Small Protein Conjugation (GO:0032446),5/364,0.9998162905727928,0.9999959751195848,0,0,0.2872639367798461,5.277794133422586e-05,C10ORF90;TRIM50;EGR2;DTX1;KLHL13
GO_Biological_Process_2023,DNA Repair (GO:0006281),3/291,0.9998676122699846,0.9999959751195848,0,0,0.2151900183150183,2.849040397827724e-05,USP44;STON1;HUS1B
GO_Biological_Process_2023,Modification-Dependent Protein Catabolic Process (GO:0019941),1/192,0.9998753333937628,0.9999959751195848,0,0,0.1084780012859373,1.3524427311447156e-05,RNF150
GO_Biological_Process_2023,DNA-templated Transcription (GO:0006351),1/199,0.9999094825177596,0.9999959751195848,0,0,0.1046041555909977,9.468933354451849e-06,DTX1
GO_Biological_Process_2023,Protein Ubiquitination (GO:0016567),6/434,0.9999400088835734,0.9999959751195848,0,0,0.2883955527620068,1.730169016171073e-05,C10ORF90;TRIM50;NEURL1;DTX1;KLHL13;RNF186
GO_Biological_Process_2023,Sensory Perception Of Smell (GO:0007608),1/230,0.9999764533978998,0.9999959751195848,0,0,0.0902953344058837,2.1261733429409004e-06,OR10A6
GO_Biological_Process_2023,Cilium Assembly (GO:0060271),1/243,0.9999856591119992,0.9999959751195848,0,0,0.0853858561693489,1.2245177805424602e-06,GSN
GO_Biological_Process_2023,Ubiquitin-Dependent Protein Catabolic Process (GO:0006511),3/367,0.9999906341813156,0.9999959751195848,0,0,0.1695719116048786,1.5881872154036125e-06,USP44;RNF150;RNF186
GO_Biological_Process_2023,Gene Expression (GO:0010467),1/296,0.9999954419304984,0.9999959751195848,0,0,0.0698483496877787,3.183743580289931e-07,CELF2
GO_Biological_Process_2023,DNA Damage Response (GO:0006974),1/384,0.9999959751195848,0.9999959751195848,0,0,0.0535477073885758,2.155235524684933e-07,FOXO1
