Gene_set,Term,Overlap,P-value,Adjusted P-value,Old P-value,Old Adjusted P-value,Odds Ratio,Combined Score,Genes
GO_Molecular_Function_2023,Serine-Type Peptidase Activity (GO:0008236),23/142,1.185285134228567e-07,3.782900994048125e-05,0,0,4.119195543385894,65.6933930527281,KLK1;C1S;F10;CMA1;MMP2;MMP3;OVCH2;KLK5;MMP8;KLK8;PCSK5;KLK10;KLK7;KLK6;DPP4;CTSK;CNTN1;NAALAD2;MMP19;PRTN3;CTSG;TLL1;MASP1
GO_Molecular_Function_2023,Metalloendopeptidase Activity (GO:0004222),19/101,1.3226926552615822e-07,3.782900994048125e-05,0,0,4.9257243411360285,78.01572097473117,MME;TMPRSS6;MMP2;MMP3;ADAM33;MMP8;KLK7;ADAMTS16;ADAMTS5;ADAMTS2;MMP27;ADAMTS1;ADAM12;MMP28;CLCA2;MMP19;TLL1;CLCA4;PAPPA2
GO_Molecular_Function_2023,Voltage-Gated Sodium Channel Activity (GO:0005248),8/19,8.819496670162047e-07,0.00013663083558687066,0,0,15.32978402812657,213.7145250298146,SCN9A;SCN4A;SCN2A;SCN3B;NALCN;SCN3A;SCN4B;SCN2B
GO_Molecular_Function_2023,Serine-Type Endopeptidase Activity (GO:0004252),20/125,9.554603887193752e-07,0.00013663083558687066,0,0,4.048845518050445,56.12134138927815,KLK1;C1S;F10;CMA1;MMP2;MMP3;OVCH2;KLK5;MMP8;KLK8;PCSK5;KLK6;DPP4;CTSK;CNTN1;MMP19;PRTN3;CTSG;TLL1;MASP1
GO_Molecular_Function_2023,G Protein-Coupled Receptor Activity (GO:0004930),30/250,1.3710399388957491e-06,0.0001568469690096737,0,0,2.913672397817358,39.33440554134736,ADCYAP1R1;GPR26;NPR1;NPR3;MRGPRF;PTH1R;RORB;HCAR2;ADGRG4;GPER1;CXCR2;KISS1R;S1PR1;P2RY12;GPR17;MAS1L;LHCGR;GPR15;GPR34;HTR1E;MRGPRX2;GLP2R;SCTR;GPBAR1;PDGFRL;ADGRD1;ADGRD2;NMUR1;RGR;ADGRL3
GO_Molecular_Function_2023,Endopeptidase Activity (GO:0004175),36/335,1.8048700804508108e-06,0.0001720642810029773,0,0,2.579361840875896,34.11211695318601,KLK1;C1S;TMPRSS6;KLK5;KLK8;PCSK5;KLK7;KLK6;ADAMTS16;DPP4;ADAMTS5;ADAMTS2;MMP27;ADAMTS1;CTSK;MMP28;CLCA2;CTSG;CLCA4;MME;F10;CMA1;MMP2;MMP3;OVCH2;ADAM33;MMP8;SFRP1;PIP;ADAM12;CNTN1;MMP19;PRTN3;TLL1;MASP1;PAPPA2
GO_Molecular_Function_2023,Metallopeptidase Activity (GO:0008237),19/124,3.4502129949882345e-06,0.00028193169044761,0,0,3.842100777671248,48.32238806748266,MME;TMPRSS6;MMP2;MMP3;ADAM33;MMP8;KLK7;ADAMTS16;ADAMTS5;ADAMTS2;MMP27;ADAMTS1;ADAM12;MMP28;CLCA2;MMP19;TLL1;CLCA4;PAPPA2
GO_Molecular_Function_2023,Receptor Ligand Activity (GO:0048018),34/319,4.161557463905028e-06,0.0002975513586692095,0,0,2.55181526056324,31.61602435735094,CSF3;SEMA3D;SEMA3A;SEMA3G;PTN;FGF1;FGF2;CX3CL1;NTF4;DPP4;FGF7;GPNMB;CTSG;LEFTY2;CCL16;GDF10;CCL24;IL33;EDN1;TSLP;EDN3;IL34;VEGFD;NRG1;IGF1;SLURP1;BMP6;FGF16;GREM2;BMP2;IL6;VGF;LEP;FGF10
GO_Molecular_Function_2023,Cytokine Activity (GO:0005125),23/178,6.712491571215631e-06,0.0004266161309705934,0,0,3.156476984414643,37.59850297574299,CCL14;GDF10;CCL13;CCL24;IL33;CSF3;EDN1;CCL23;TSLP;CCL21;IL34;NRG1;CXCL3;FGF2;CXCL2;BMP6;CX3CL1;SLURP1;BMP2;IL6;CXCL12;LEFTY2;CCL16
GO_Molecular_Function_2023,Zinc Ion Binding (GO:0008270),34/341,1.739212077158499e-05,0.0009948293081346617,0,0,2.3661771408878165,25.93210248318132,ADH1C;ADH1B;DPYS;ADH1A;MT1X;TRHDE;ADH4;GRIN2A;NT5E;TIMP2;ENPP2;S100A12;SNCA;EGR1;CPA2;MME;LVRN;BHMT2;PDE2A;ADAM33;BBOX1;NRG1;MMP8;KLF4;S100B;GRIN2B;MYT1;BHMT;WT1;MSRB3;PPARG;ZFPM2;CDO1;PAPPA2
GO_Molecular_Function_2023,Chemokine Activity (GO:0008009),10/46,3.408015600472705e-05,0.0017721681122458,0,0,5.860403592961733,60.28477200965659,CCL14;CCL13;CCL24;CCL23;CXCL12;CCL21;CXCL3;CXCL2;CX3CL1;CCL16
GO_Molecular_Function_2023,High Voltage-Gated Calcium Channel Activity (GO:0008331),7/23,5.20208804338326e-05,0.0024547593688829,0,0,9.209230132450331,90.83860621709243,SCN11A;SCN9A;SCN7A;SCN4A;SCN2A;SCN3A;CACNA1G
GO_Molecular_Function_2023,Calcium Ion Binding (GO:0005509),33/346,5.578998565643041e-05,0.0024547593688829,0,0,2.2492811501597445,22.029271034637283,LRP1;THBS4;CDH7;CALB2;CLEC3B;ENPP2;SLIT1;S100A12;SLIT2;DUOX2;SNCA;AOC3;ANXA1;GSN;S100A2;KCNIP2;S100B;SYT8;ASPN;SELP;PLSCR4;CASQ2;SPARCL1;MICU3;PADI4;MASP1;DSG3;DSG4;DNASE1L3;DSC1;DDR2;ADGRL3;FBN1
GO_Molecular_Function_2023,Chemokine Receptor Binding (GO:0042379),10/50,7.278547482647546e-05,0.0029738065429102,0,0,5.273255813953488,50.24355051665548,CCL14;CCL13;CCL24;CCL23;CXCL12;CCL21;CXCL3;CXCL2;CX3CL1;CCL16
GO_Molecular_Function_2023,Retinal Dehydrogenase Activity (GO:0001758),4/7,0.00013517515138642588,0.0051546791062023,0,0,27.992665933259996,249.38495892279872,ALDH1A3;ALDH1A2;ALDH1A1;AKR1C3
GO_Molecular_Function_2023,Amyloid-Beta Binding (GO:0001540),12/79,0.00023236015685805576,0.0083068756076754,0,0,3.780873656136631,31.63540919618884,GRIA2;NGFR;GRIN2A;LRP1;COL25A1;CD36;ADRB2;CRYAB;TLR4;GRIN2B;ITM2A;GRIA4
GO_Molecular_Function_2023,Transition Metal Ion Binding (GO:0046914),38/456,0.0002725388053676971,0.0083683566199871,0,0,1.939636363636364,15.920010696095336,ADH1C;ADH1B;DPYS;ADH1A;MT1X;TRHDE;ADH4;GRIN2A;NT5E;TIMP2;ENPP2;S100A12;PCK1;SNCA;AOC3;CPA2;EGR1;MME;LVRN;BHMT2;PDE2A;ADAM33;BBOX1;NRG1;KLF4;MMP8;S100B;GRIN2B;MYT1;SOD3;BHMT;DCT;WT1;MSRB3;PPARG;CDO1;ZFPM2;PAPPA2
GO_Molecular_Function_2023,Aldehyde Dehydrogenase (NAD+) Activity (GO:0004029),5/14,0.000277969887726845,0.0083683566199871,0,0,11.672785119921684,95.57673850440727,ALDH1A3;ALDH1L1;ALDH1A2;ALDH1A1;ALDH1L2
GO_Molecular_Function_2023,Aldehyde Dehydrogenase [NAD(P)+] Activity (GO:0004030),5/14,0.000277969887726845,0.0083683566199871,0,0,11.672785119921684,95.57673850440727,ALDH1A3;ALDH1L1;ALDH1A2;ALDH1A1;ALDH1L2
GO_Molecular_Function_2023,Monoatomic Cation Channel Activity (GO:0005261),14/105,0.0002967766662597478,0.0084878126550287,0,0,3.250791477710276,26.40465347129997,KCNG1;KCNF1;KCNA1;KCNA2;ABCC9;OTOP1;NALCN;CALHM5;AQP1;TRPM1;UNC80;TRPM6;TRPM3;KCNK3
GO_Molecular_Function_2023,Fibroblast Growth Factor Receptor Binding (GO:0005104),6/22,0.000353826606344361,0.0096375628013797,0,0,7.884922822491731,62.659144401131655,KLB;KL;FGF16;FGF7;FGF2;FGF10
GO_Molecular_Function_2023,Potassium Ion Transmembrane Transporter Activity (GO:0015079),7/31,0.0004054129028752991,0.0105407354747577,0,0,6.136911331861663,47.93298724593674,KCNG1;KCNF1;KCNA1;KCNA2;ABCC9;KCNK3;AQP1
GO_Molecular_Function_2023,"3',5'-Cyclic-Nucleotide Phosphodiesterase Activity (GO:0004114)",5/16,0.0005619194563317022,0.0133924137092389,0,0,9.549459351221463,71.46960563160033,PDE11A;PDE1C;PDE1B;PDE2A;PDE3B
GO_Molecular_Function_2023,Ionotropic Glutamate Receptor Activity (GO:0004970),5/16,0.0005619194563317022,0.0133924137092389,0,0,9.549459351221463,71.46960563160033,GRIA2;GRIN2A;GRIN2C;GRIN2B;GRIA4
GO_Molecular_Function_2023,G Protein-Coupled Peptide Receptor Activity (GO:0008528),11/77,0.0007157357922570749,0.0163760349268418,0,0,3.51459719142646,25.45341389708569,MAS1L;OXTR;EDNRB;NPR1;AVPR2;GLP2R;NPR3;KISS1R;SCTR;NMUR1;PTH1R
GO_Molecular_Function_2023,CCR Chemokine Receptor Binding (GO:0048020),8/44,0.0007502170704870766,0.0165047755507156,0,0,4.677961939840393,33.658628336439115,CCL14;CCL13;CCL24;CCL23;CCL21;DEFB1;CX3CL1;CCL16
GO_Molecular_Function_2023,Chemoattractant Activity (GO:0042056),7/35,0.0008843457706921374,0.0182071181807045,0,0,5.2591059602649,36.974998682263,FGF7;GPNMB;VEGFD;FGF2;CX3CL1;CCL16;FGF10
GO_Molecular_Function_2023,Potassium Channel Activity (GO:0005267),11/79,0.0008912575333212019,0.0182071181807045,0,0,3.4108680057388807,23.95410692369933,KCNG1;KCNF1;KCNC1;KCNC2;KCNS2;KCNA1;KCNMB1;KCNA2;ABCC9;KCNK3;AQP1
GO_Molecular_Function_2023,Metal Ion Binding (GO:0046872),40/521,0.0009681416780425942,0.0189054261438469,0,0,1.7723671331918756,12.300462069113117,LRP1;MT1X;THBS4;CDH7;CALB2;CLEC3B;ACVR1C;ENPP2;SLIT1;S100A12;SLIT2;PCK1;DUOX2;SNCA;AOC3;ANXA1;GSN;S100A2;KCNIP2;PDE2A;NRG1;S100B;SYT8;ASPN;GEM;SELP;FCER2;PLSCR4;CASQ2;SPARCL1;MICU3;PADI4;DSG3;MASP1;DSG4;DSC1;DNASE1L3;ADGRL3;DDR2;FBN1
GO_Molecular_Function_2023,Voltage-Gated Potassium Channel Activity (GO:0005249),11/80,0.0009915433292227412,0.0189054261438469,0,0,3.361258395192648,23.24729635166482,KCNG1;KCNF1;KCNC1;KCNC2;KCNB1;KCNIP2;KCNS2;KCNA1;KCNA2;KCNJ16;KCNJ3
GO_Molecular_Function_2023,Sodium Channel Activity (GO:0005272),7/37,0.0012507248809495,0.0230778913517147,0,0,4.907983811626195,32.80512080816097,SCN9A;SCN4A;ASIC2;SCN2A;NALCN;SCN3A;SCN4B
GO_Molecular_Function_2023,NAD-retinol Dehydrogenase Activity (GO:0004745),5/19,0.0013345441702461,0.0238549770431499,0,0,7.501966645689112,49.6567587353599,ADH4;ADH1C;ADH1B;AKR1C3;RDH5
GO_Molecular_Function_2023,Growth Factor Activity (GO:0008083),11/85,0.001642845893431,0.0284759954861379,0,0,3.133322346736981,20.088748647218647,NTF4;FGF16;CSF3;FGF7;IL6;NRG1;VEGFD;PTN;FGF1;FGF2;FGF10
GO_Molecular_Function_2023,"Alcohol Dehydrogenase Activity, Zinc-Dependent (GO:0004024)",3/6,0.0017093973454798,0.0287580965180719,0,0,20.97142857142857,133.62185627700006,ADH4;ADH1C;ADH1B
GO_Molecular_Function_2023,Heme Binding (GO:0020037),11/87,0.0019859848618828,0.0324566668856279,0,0,3.0505455712451863,18.97939737226639,CYP2A7;CYP26B1;CYP2C8;PTGIS;CYP2A13;CYP11A1;HBB;NRG1;PXDNL;PTGS2;CYP19A1
GO_Molecular_Function_2023,Neurotransmitter Receptor Activity Involved In Regulation Of Postsynaptic Membrane Potential (GO:0099529),5/21,0.0021648641781924,0.0333480586548073,0,0,6.563532488986784,40.26988183974996,GRIA2;GRIN2A;GRIN2C;GRIN2B;GRIA4
GO_Molecular_Function_2023,"3',5'-cyclic-AMP Phosphodiesterase Activity (GO:0004115)",4/13,0.0022154304700746,0.0333480586548073,0,0,9.327955017723994,57.015339220215054,PDE1C;PDE1B;PDE2A;PDE3B
GO_Molecular_Function_2023,Metalloendopeptidase Inhibitor Activity (GO:0008191),4/13,0.0022154304700746,0.0333480586548073,0,0,9.327955017723994,57.015339220215054,TIMP2;FETUB;RECK;TIMP4
GO_Molecular_Function_2023,"Steroid Dehydrogenase Activity, Acting On The CH-OH Group Of Donors, NAD Or NADP As Acceptor (GO:0033764)",5/22,0.0026975242982526,0.0393600069468783,0,0,6.177118424462296,36.54025514062211,AKR1C1;HSD17B2;AKR1C3;AKR1C2;RDH5
GO_Molecular_Function_2023,"3',5'-cyclic-GMP Phosphodiesterase Activity (GO:0047555)",3/7,0.0028900704401554,0.0393600069468783,0,0,15.727747252747251,91.95187173631004,PDE1C;PDE1B;PDE2A
GO_Molecular_Function_2023,NMDA Glutamate Receptor Activity (GO:0004972),3/7,0.0028900704401554,0.0393600069468783,0,0,15.727747252747251,91.95187173631004,GRIN2A;GRIN2C;GRIN2B
GO_Molecular_Function_2023,Androsterone Dehydrogenase Activity (GO:0047023),3/7,0.0028900704401554,0.0393600069468783,0,0,15.727747252747251,91.95187173631004,AKR1C3;AKR1C2;RDH5
GO_Molecular_Function_2023,Hyaluronic Acid Binding (GO:0005540),4/14,0.0029904179831415,0.039779513636208,0,0,8.394719471947194,48.79298146876644,CHODL;ITIH2;STAB2;LYVE1
GO_Molecular_Function_2023,Chemorepellent Activity (GO:0045499),5/24,0.0040370428672168,0.0524815572738196,0,0,5.526315789473684,30.462394523761272,DPP4;SEMA3D;SEMA3A;SEMA3G;NRG1
GO_Molecular_Function_2023,Growth Factor Receptor Binding (GO:0070851),11/96,0.0043212982065611,0.0549285016478434,0,0,2.7262553802008607,14.84227793537702,KLB;PDGFRA;KL;FGF16;CSF3;IL6;TSLP;VEGFD;FGF1;FGF2;FGF10
GO_Molecular_Function_2023,Alcohol Dehydrogenase (NAD+) Activity (GO:0004022),3/8,0.0044677808076644,0.0555558830866102,0,0,12.58153846153846,68.07698669746422,ADH4;ADH1C;ADH1B
GO_Molecular_Function_2023,Inorganic Cation Transmembrane Transporter Activity (GO:0022890),6/35,0.0046432207665013,0.0565089846476332,0,0,4.347336805687564,23.3554019452739,GRIA2;GRIN2A;SLC39A2;GRIN2C;GRIN2B;GRIA4
GO_Molecular_Function_2023,Voltage-Gated Calcium Channel Activity (GO:0005245),7/47,0.0051489451469322,0.061358263000942,0,0,3.679056291390729,19.384812986805425,SCN11A;SCN9A;SCN7A;SCN4A;SCN2A;SCN3A;CACNA1G
GO_Molecular_Function_2023,Transmembrane Receptor Protein Kinase Activity (GO:0019199),6/37,0.0061563543424452,0.0677198977668982,0,0,4.06643667532098,20.699262665424342,ALK;PDGFRA;KIT;ROR1;TGFBR2;DDR2
GO_Molecular_Function_2023,Monoatomic Cation Transmembrane Transporter Activity (GO:0008324),6/37,0.0061563543424452,0.0677198977668982,0,0,4.06643667532098,20.699262665424342,UNC80;SLC39A2;NALCN;TRPM6;TRPM3;CALHM5
GO_Molecular_Function_2023,Monoatomic Ion Channel Activity (GO:0005216),6/37,0.0061563543424452,0.0677198977668982,0,0,4.06643667532098,20.699262665424342,UNC80;NALCN;TRPM6;TRPM3;CALHM5;KCNK3
GO_Molecular_Function_2023,Peptidase Inhibitor Activity (GO:0030414),6/37,0.0061563543424452,0.0677198977668982,0,0,4.06643667532098,20.699262665424342,ITIH2;SPINK1;PROS1;TIMP2;A2ML1;RECK
GO_Molecular_Function_2023,"Oxidoreductase Activity, Acting On Paired Donors, With Incorporation Or Reduction Of Molecular Oxygen, NAD(P)H As One Donor, And Incorporation Of One Atom Of Oxygen (GO:0016709)",5/27,0.0068486734065447,0.0739139846895015,0,0,4.771976371645975,23.782100116678237,CYP26B1;AKR1C3;AKR1C2;FMO1;FMO2
GO_Molecular_Function_2023,Ligand-Gated Calcium Channel Activity (GO:0099604),4/18,0.0079044878215009,0.0835140308756514,0,0,5.994970925663995,29.01760526056801,GRIN2A;GRIN2C;GRIN2B;RYR3
GO_Molecular_Function_2023,Delayed Rectifier Potassium Channel Activity (GO:0005251),5/28,0.0080301952765049,0.0835140308756514,0,0,4.564259720360084,22.020482952920243,KCNG1;KCNC1;KCNC2;KCNB1;KCNA2
GO_Molecular_Function_2023,Vinculin Binding (GO:0017166),3/10,0.0089396749526064,0.08633599243234,0,0,8.985871271585557,42.38865561345812,SYNM;DMD;CORO2B
GO_Molecular_Function_2023,alditol:NADP+ 1-Oxidoreductase Activity (GO:0004032),3/10,0.0089396749526064,0.08633599243234,0,0,8.985871271585557,42.38865561345812,AKR1C1;AKR1C3;AKR1C2
GO_Molecular_Function_2023,Dipeptidyl-Peptidase Activity (GO:0008239),3/10,0.0089396749526064,0.08633599243234,0,0,8.985871271585557,42.38865561345812,DPP4;DPP6;NAALAD2
GO_Molecular_Function_2023,Exopeptidase Activity (GO:0008238),7/52,0.0090029370739721,0.08633599243234,0,0,3.2694137846455726,15.3996072374437,DPP4;CPA2;DPP6;MME;XPNPEP2;NAALAD2;TRHDE
GO_Molecular_Function_2023,Transmitter-Gated Monoatomic Ion Channel Activity (GO:0022824),6/40,0.0090562229824132,0.08633599243234,0,0,3.707049743822557,17.439085732236958,GRIA2;GRIN2A;GRIN2C;GRIN2B;GRIA4;GABRG1
GO_Molecular_Function_2023,Retinoid Binding (GO:0005501),5/30,0.0108028731479442,0.1012990727971166,0,0,4.198678414096916,19.01137715582945,ADH4;CYP26B1;ALDH1A2;UGT2B4;PTGDS
GO_Molecular_Function_2023,"Oxidoreductase Activity, Acting On The Aldehyde Or Oxo Group Of Donors, NAD Or NADP As Acceptor (GO:0016620)",4/20,0.0116423187163198,0.1074097791247572,0,0,5.245049504950496,23.35677534159426,ALDH1A3;ALDH1A2;ALDH1A1;AKR1C3
GO_Molecular_Function_2023,Endopeptidase Inhibitor Activity (GO:0004866),11/112,0.0133818748185372,0.1214989269238616,0,0,2.2924414392658776,9.889257931889452,SPINK1;ITIH2;PROS1;SERPINF1;SPINK5;TIMP2;FETUB;SERPING1;NRG1;RECK;TIMP4
GO_Molecular_Function_2023,Transmitter-Gated Monoatomic Ion Channel Activity Involved In Regulation Of Postsynaptic Membrane Potential (GO:1904315),5/34,0.0181681607725506,0.1560756470596959,0,0,3.6187908248518914,14.504419866188409,GRIA2;GRIN2A;GRIN2C;GRIN2B;GRIA4
GO_Molecular_Function_2023,Sterol Esterase Activity (GO:0004771),2/5,0.0189845702253605,0.1560756470596959,0,0,13.96560556165386,55.36145814305519,LIPE;CES1
GO_Molecular_Function_2023,Vasopressin Receptor Activity (GO:0005000),2/5,0.0189845702253605,0.1560756470596959,0,0,13.96560556165386,55.36145814305519,OXTR;AVPR2
GO_Molecular_Function_2023,LBD Domain Binding (GO:0050693),2/5,0.0189845702253605,0.1560756470596959,0,0,13.96560556165386,55.36145814305519,PPARG;PROX1
GO_Molecular_Function_2023,Double-Stranded Methylated DNA Binding (GO:0010385),2/5,0.0189845702253605,0.1560756470596959,0,0,13.96560556165386,55.36145814305519,EGR1;WT1
GO_Molecular_Function_2023,Retinyl-Palmitate Esterase Activity (GO:0050253),2/5,0.0189845702253605,0.1560756470596959,0,0,13.96560556165386,55.36145814305519,LIPE;RPE65
GO_Molecular_Function_2023,Steroid Hydroxylase Activity (GO:0008395),4/23,0.0191001665982145,0.1560756470596959,0,0,4.416188987319785,17.479533129170736,CYP39A1;CYP2C8;CYP11A1;CYP19A1
GO_Molecular_Function_2023,Aldo-Keto Reductase (NADP) Activity (GO:0004033),3/14,0.0236680854751239,0.1906780970671955,0,0,5.717082917082917,21.40263021600924,AKR7A3;AKR1C1;AKR1C3
GO_Molecular_Function_2023,Sphingosine N-acyltransferase Activity (GO:0050291),2/6,0.0276221800573257,0.2070939754876554,0,0,10.473655323819978,37.59137550808554,CERS3;TLCD3B
GO_Molecular_Function_2023,Roundabout Binding (GO:0048495),2/6,0.0276221800573257,0.2070939754876554,0,0,10.473655323819978,37.59137550808554,SLIT1;SLIT2
GO_Molecular_Function_2023,Clathrin Light Chain Binding (GO:0032051),2/6,0.0276221800573257,0.2070939754876554,0,0,10.473655323819978,37.59137550808554,NSG2;NSG1
GO_Molecular_Function_2023,Nitric-Oxide Synthase Binding (GO:0050998),2/6,0.0276221800573257,0.2070939754876554,0,0,10.473655323819978,37.59137550808554,CAV1;DMD
GO_Molecular_Function_2023,E-box Binding (GO:0070888),6/51,0.0279174793967163,0.2070939754876554,0,0,2.7992649761117234,10.017176112358325,TAL1;ATOH8;SNAI2;PPARG;BHLHE22;ASCL1
GO_Molecular_Function_2023,Carboxypeptidase Activity (GO:0004180),5/38,0.028252032108829,0.2070939754876554,0,0,3.179482045120812,11.33990852049224,CPA2;CPA1;CPXM2;NAALAD2;CPXM1
GO_Molecular_Function_2023,BMP Binding (GO:0036122),3/15,0.0286021399711971,0.2070939754876554,0,0,5.240384615384615,18.62576142484945,GREM2;SOSTDC1;CHRDL1
GO_Molecular_Function_2023,"Oxidoreductase Activity, Acting On NAD(P)H, Quinone Or Similar Compound As Acceptor (GO:0016655)",3/15,0.0286021399711971,0.2070939754876554,0,0,5.240384615384615,18.62576142484945,AKR1C1;AKR1C3;AKR1C2
GO_Molecular_Function_2023,"Oxidoreductase Activity, Acting On The CH-OH Group Of Donors, NAD Or NADP As Acceptor (GO:0016616)",9/95,0.0294226070928336,0.2103716407137606,0,0,2.199642416135007,7.75592145523089,ADH4;AKR7A3;ADH1C;ADH1B;ADH1A;AKR1C1;AKR1C3;RDH5;HSD17B13
GO_Molecular_Function_2023,CXCR Chemokine Receptor Binding (GO:0045236),3/16,0.0340360497909165,0.2374222009805401,0,0,4.837024513947591,16.350763396305,CXCL12;CXCL3;CXCL2
GO_Molecular_Function_2023,Arachidonic Acid Monooxygenase Activity (GO:0008391),3/16,0.0340360497909165,0.2374222009805401,0,0,4.837024513947591,16.350763396305,CYP2A7;CYP2C8;CYP2A13
GO_Molecular_Function_2023,Monocarboxylic Acid Binding (GO:0033293),4/28,0.0369396825279747,0.2438477975323461,0,0,3.4952328566189954,11.528916870606697,CYP26B1;AKR1C3;AKR1C2;UGT2B4
GO_Molecular_Function_2023,S-methyltransferase Activity (GO:0008172),2/7,0.0375150457742071,0.2438477975323461,0,0,8.378485181119649,27.506677494447743,BHMT;BHMT2
GO_Molecular_Function_2023,Alcohol Dehydrogenase [NAD(P)+] Activity (GO:0018455),2/7,0.0375150457742071,0.2438477975323461,0,0,8.378485181119649,27.506677494447743,ADH4;ADH1C
GO_Molecular_Function_2023,Fucose Binding (GO:0042806),2/7,0.0375150457742071,0.2438477975323461,0,0,8.378485181119649,27.506677494447743,SELP;CLEC10A
GO_Molecular_Function_2023,Neutral L-amino Acid:Sodium Symporter Activity (GO:0005295),2/7,0.0375150457742071,0.2438477975323461,0,0,8.378485181119649,27.506677494447743,SLC6A2;SLC38A4
GO_Molecular_Function_2023,Protein-Glutamine Gamma-Glutamyltransferase Activity (GO:0003810),2/7,0.0375150457742071,0.2438477975323461,0,0,8.378485181119649,27.506677494447743,TGM1;F13A1
GO_Molecular_Function_2023,Carboxylic Acid Binding (GO:0031406),3/17,0.0399634450737496,0.2539898953576086,0,0,4.491287284144427,14.461002404980958,AKR1C1;AKR1C2;PCK1
GO_Molecular_Function_2023,Chemokine Binding (GO:0019956),3/17,0.0399634450737496,0.2539898953576086,0,0,4.491287284144427,14.461002404980958,ZFP36;PDPN;FGF2
GO_Molecular_Function_2023,Metallocarboxypeptidase Activity (GO:0004181),4/29,0.0413546824443038,0.2571182430232804,0,0,3.355247524752475,10.688374598005687,CPA2;CPA1;CPXM2;CPXM1
GO_Molecular_Function_2023,Protein Tyrosine Kinase Activator Activity (GO:0030296),4/29,0.0413546824443038,0.2571182430232804,0,0,3.355247524752475,10.688374598005687,ALK;ANGPT4;NRG1;CD36
GO_Molecular_Function_2023,Metalloexopeptidase Activity (GO:0008235),6/57,0.0448367298907722,0.2748478178819798,0,0,2.469161424216875,7.666073651837775,CPA2;CPA1;CPXM2;LVRN;CPXM1;TRHDE
GO_Molecular_Function_2023,Receptor Antagonist Activity (GO:0048019),4/30,0.046054966529992,0.2748478178819798,0,0,3.226030295337226,9.929462106170588,FST;WFIKKN2;IL36RN;AGTR2
GO_Molecular_Function_2023,RAGE Receptor Binding (GO:0050786),2/8,0.0485308209896502,0.2748478178819798,0,0,6.981705085986096,21.123541099357983,S100A12;S100B
GO_Molecular_Function_2023,Activin Receptor Activity (GO:0017002),2/8,0.0485308209896502,0.2748478178819798,0,0,6.981705085986096,21.123541099357983,ACVR1C;TGFBR2
GO_Molecular_Function_2023,Adenylate Cyclase Binding (GO:0008179),2/8,0.0485308209896502,0.2748478178819798,0,0,6.981705085986096,21.123541099357983,AKAP12;AKAP6
GO_Molecular_Function_2023,Bile Acid Binding (GO:0032052),2/8,0.0485308209896502,0.2748478178819798,0,0,6.981705085986096,21.123541099357983,AKR1C3;AKR1C2
GO_Molecular_Function_2023,Cyclic-Nucleotide Phosphodiesterase Activity (GO:0004112),2/8,0.0485308209896502,0.2748478178819798,0,0,6.981705085986096,21.123541099357983,PDE11A;PDE3B
GO_Molecular_Function_2023,Nuclear Glucocorticoid Receptor Binding (GO:0035259),2/8,0.0485308209896502,0.2748478178819798,0,0,6.981705085986096,21.123541099357983,NR4A1;NR4A3
GO_Molecular_Function_2023,Retinal Binding (GO:0016918),2/8,0.0485308209896502,0.2748478178819798,0,0,6.981705085986096,21.123541099357983,ADH4;ALDH1A2
GO_Molecular_Function_2023,Hormone Activity (GO:0005179),7/74,0.0516711338051164,0.2847171360230044,0,0,2.1933379460314324,6.49854447966223,EDN1;EDN3;VGF;LEP;ADIPOQ;SPX;IGF1
GO_Molecular_Function_2023,Transcription Regulatory Region Nucleic Acid Binding (GO:0001067),16/224,0.0517425024227532,0.2847171360230044,0,0,1.6189863648057627,4.794588839610287,EGR1;EGR2;FOS;PROX1;KLF4;SOX10;KLF15;TBX18;SOX2;SOX17;TAL1;WT1;PPARG;SOX7;ATF3;SNCA
GO_Molecular_Function_2023,Copper Ion Binding (GO:0005507),5/45,0.0531474374913738,0.2847171360230044,0,0,2.6221090308370045,7.695065058866873,AOC3;DCT;S100A12;SOD3;SNCA
GO_Molecular_Function_2023,Potassium Channel Regulator Activity (GO:0015459),5/45,0.0531474374913738,0.2847171360230044,0,0,2.6221090308370045,7.695065058866873,DPP6;KCNIP2;KCNMB1;ADRB2;SGK2
GO_Molecular_Function_2023,Alcohol Dehydrogenase (NADP+) Activity (GO:0008106),3/19,0.0532600236966109,0.2847171360230044,0,0,3.929464285714286,11.523426147692732,AKR1C1;AKR1C3;AKR1C2
GO_Molecular_Function_2023,Chemokine Receptor Activity (GO:0004950),3/19,0.0532600236966109,0.2847171360230044,0,0,3.929464285714286,11.523426147692732,GPR17;CXCR2;ACKR4
GO_Molecular_Function_2023,UDP-glycosyltransferase Activity (GO:0008194),6/61,0.0590335663614519,0.2962878512219521,0,0,2.28910494136514,6.477363680988338,EXTL1;HAS1;HAS3;UGT2B4;HAS2;GXYLT2
GO_Molecular_Function_2023,Type I Transforming Growth Factor Beta Receptor Binding (GO:0034713),2/9,0.0605466040837572,0.2962878512219521,0,0,5.984005018033558,16.781195972272872,FERMT2;TGFBR2
GO_Molecular_Function_2023,G Protein-Coupled Purinergic Nucleotide Receptor Activity (GO:0045028),2/9,0.0605466040837572,0.2962878512219521,0,0,5.984005018033558,16.781195972272872,P2RY12;GPR34
GO_Molecular_Function_2023,cAMP Response Element Binding (GO:0035497),2/9,0.0605466040837572,0.2962878512219521,0,0,5.984005018033558,16.781195972272872,NR4A3;CREB5
GO_Molecular_Function_2023,Cardiolipin Binding (GO:1901612),2/9,0.0605466040837572,0.2962878512219521,0,0,5.984005018033558,16.781195972272872,MME;RPE65
GO_Molecular_Function_2023,Phospholipase Inhibitor Activity (GO:0004859),2/9,0.0605466040837572,0.2962878512219521,0,0,5.984005018033558,16.781195972272872,ANXA1;SNCA
GO_Molecular_Function_2023,Prostaglandin Receptor Activity (GO:0004955),2/9,0.0605466040837572,0.2962878512219521,0,0,5.984005018033558,16.781195972272872,PTGFR;PPARG
GO_Molecular_Function_2023,Retinoic Acid 4-Hydroxylase Activity (GO:0008401),2/9,0.0605466040837572,0.2962878512219521,0,0,5.984005018033558,16.781195972272872,CYP26B1;CYP2C8
GO_Molecular_Function_2023,Gap Junction Channel Activity (GO:0005243),3/20,0.0606043332044902,0.2962878512219521,0,0,3.698125404007757,10.367283647157375,GJB4;GJB3;GJB5
GO_Molecular_Function_2023,Phosphatidic Acid Binding (GO:0070300),3/20,0.0606043332044902,0.2962878512219521,0,0,3.698125404007757,10.367283647157375,JPH2;CIDEA;CIDEC
GO_Molecular_Function_2023,Sodium Channel Regulator Activity (GO:0017080),4/34,0.0676804586109076,0.320662316110056,0,0,2.7953061972863957,7.527641592544671,SCN3B;SCN4B;SGK2;SCN2B
GO_Molecular_Function_2023,Transforming Growth Factor Beta Binding (GO:0050431),3/21,0.0683930114780189,0.320662316110056,0,0,3.4924908424908425,9.368553008706485,WFIKKN2;CD36;TGFBR2
GO_Molecular_Function_2023,G Protein-Coupled Serotonin Receptor Activity (GO:0004993),3/21,0.0683930114780189,0.320662316110056,0,0,3.4924908424908425,9.368553008706485,HTR1E;HTR2B;HTR2A
GO_Molecular_Function_2023,Cyclic Nucleotide Binding (GO:0030551),3/21,0.0683930114780189,0.320662316110056,0,0,3.4924908424908425,9.368553008706485,PDE11A;PDE2A;CNGA1
GO_Molecular_Function_2023,"Oxidoreductase Activity, Acting On Single Donors With Incorporation Of Molecular Oxygen, Incorporation Of Two Atoms Of Oxygen (GO:0016702)",3/21,0.0683930114780189,0.320662316110056,0,0,3.4924908424908425,9.368553008706485,PTGS2;CDO1;RPE65
GO_Molecular_Function_2023,ABC-type Xenobiotic Transporter Activity (GO:0008559),2/10,0.0734483531884578,0.3308067560928966,0,0,5.235729967069155,13.671395664883796,ABCB1;ABCA8
GO_Molecular_Function_2023,cGMP Binding (GO:0030553),2/10,0.0734483531884578,0.3308067560928966,0,0,5.235729967069155,13.671395664883796,PDE11A;PDE2A
GO_Molecular_Function_2023,Ligand-Gated Monoatomic Ion Channel Activity Involved In Regulation Of Presynaptic Membrane Potential (GO:0099507),2/10,0.0734483531884578,0.3308067560928966,0,0,5.235729967069155,13.671395664883796,GRIN2B;GRIA4
GO_Molecular_Function_2023,Platelet-Derived Growth Factor Binding (GO:0048407),2/10,0.0734483531884578,0.3308067560928966,0,0,5.235729967069155,13.671395664883796,PDGFRA;COL3A1
GO_Molecular_Function_2023,Protein Serine/Threonine Phosphatase Inhibitor Activity (GO:0004865),2/10,0.0734483531884578,0.3308067560928966,0,0,5.235729967069155,13.671395664883796,PPP1R14A;PPP1R1A
GO_Molecular_Function_2023,Semaphorin Receptor Binding (GO:0030215),3/22,0.0766094519563297,0.3423484884298485,0,0,3.308502024291498,8.499656889747971,SEMA3D;SEMA3A;SEMA3G
GO_Molecular_Function_2023,"DNA-binding Transcription Activator Activity, RNA Polymerase II-specific (GO:0001228)",22/348,0.0777639475165566,0.3448137827865922,0,0,1.420964932212376,3.62925435523001,EGR1;EGR2;PRRX1;IRX6;ZBTB16;FOS;MEOX2;KLF4;SOX10;KLF15;FOXO1;NR4A1;ZNF729;NR4A3;SOX17;WT1;PLAGL1;ALX4;ERG;HOXA7;HOXA5;ATF3
GO_Molecular_Function_2023,Lipoprotein Particle Binding (GO:0071813),3/23,0.0852358522486945,0.3747259517345402,0,0,3.142912087912088,7.738896566970856,STAB2;CD36;GPIHBP1
GO_Molecular_Function_2023,Cytokine Receptor Binding (GO:0005126),8/100,0.0866468535875397,0.3747259517345402,0,0,1.8251261109776604,4.464102556458494,CSF3;IL6;CXCL12;TSLP;CCL21;IL34;IL36RN;VEGFD
GO_Molecular_Function_2023,D-glucose Transmembrane Transporter Activity (GO:0055056),2/11,0.0871303349312829,0.3747259517345402,0,0,4.653738260763507,11.356750996302557,SLC2A12;SLC2A4
GO_Molecular_Function_2023,Monoamine Transmembrane Transporter Activity (GO:0008504),2/11,0.0871303349312829,0.3747259517345402,0,0,4.653738260763507,11.356750996302557,SLC22A3;SLC6A2
GO_Molecular_Function_2023,Notch Binding (GO:0005112),3/24,0.0942534386173075,0.3993553102896292,0,0,2.9930926216640503,7.06899028304304,ATRNL1;DTX1;CCN3
GO_Molecular_Function_2023,Peptidase Activator Activity (GO:0016504),3/24,0.0942534386173075,0.3993553102896292,0,0,2.9930926216640503,7.06899028304304,PCOLCE2;CAV1;MAL
GO_Molecular_Function_2023,Transmembrane Receptor Protein Tyrosine Kinase Activator Activity (GO:0030297),2/12,0.1014946048277815,0.4146779568677933,0,0,4.18814489571899,9.581426962032952,ANGPT4;NRG1
GO_Molecular_Function_2023,CoA-ligase Activity (GO:0016405),2/12,0.1014946048277815,0.4146779568677933,0,0,4.18814489571899,9.581426962032952,ACSL1;SLC27A2
GO_Molecular_Function_2023,L-glutamate Transmembrane Transporter Activity (GO:0005313),2/12,0.1014946048277815,0.4146779568677933,0,0,4.18814489571899,9.581426962032952,SLC17A7;SLC1A7
GO_Molecular_Function_2023,Acid-Thiol Ligase Activity (GO:0016878),2/12,0.1014946048277815,0.4146779568677933,0,0,4.18814489571899,9.581426962032952,ACSL1;SLC27A2
GO_Molecular_Function_2023,Platelet-Derived Growth Factor Receptor Binding (GO:0005161),2/12,0.1014946048277815,0.4146779568677933,0,0,4.18814489571899,9.581426962032952,PDGFRA;VEGFD
GO_Molecular_Function_2023,Wide Pore Channel Activity (GO:0022829),3/25,0.1036426688859717,0.4174901873434917,0,0,2.8568931068931067,6.476022927777677,GJB4;GJB3;GJB5
GO_Molecular_Function_2023,"Oxidoreductase Activity, Acting On Paired Donors, With Incorporation Or Reduction Of Molecular Oxygen, Reduced Flavin Or Flavoprotein As One Donor, And Incorporation Of One Atom Of Oxygen (GO:0016712)",3/25,0.1036426688859717,0.4174901873434917,0,0,2.8568931068931067,6.476022927777677,CYP2A7;CYP2C8;CYP2A13
GO_Molecular_Function_2023,Inward Rectifier Potassium Channel Activity (GO:0005242),3/26,0.1133834152723902,0.4500655146166692,0,0,2.7325370281892023,5.948678864552662,KCNJ16;ABCC9;KCNJ3
GO_Molecular_Function_2023,Serotonin Receptor Activity (GO:0099589),3/26,0.1133834152723902,0.4500655146166692,0,0,2.7325370281892023,5.948678864552662,HTR1E;HTR2B;HTR2A
GO_Molecular_Function_2023,"Phosphatidylinositol-4,5-Bisphosphate Binding (GO:0005546)",6/73,0.115863437851632,0.4500655146166692,0,0,1.877931182017147,4.047585905182694,GSDMC;JPH2;AMER3;GSN;PLCZ1;FRMPD4
GO_Molecular_Function_2023,G Protein-Coupled Chemoattractant Receptor Activity (GO:0001637),2/13,0.1164505177679493,0.4500655146166692,0,0,3.807204869773476,8.186590129336194,GPR17;ACKR4
GO_Molecular_Function_2023,"Oxidoreductase Activity, Acting On The CH-NH Group Of Donors, NAD Or NADP As Acceptor (GO:0016646)",2/13,0.1164505177679493,0.4500655146166692,0,0,3.807204869773476,8.186590129336194,ALDH1L1;ALDH1L2
GO_Molecular_Function_2023,Phosphatidylglycerol Binding (GO:1901611),2/13,0.1164505177679493,0.4500655146166692,0,0,3.807204869773476,8.186590129336194,MME;RPE65
GO_Molecular_Function_2023,Voltage-Gated Monoatomic Ion Channel Activity (GO:0005244),3/27,0.1234551289959387,0.4652007462698591,0,0,2.618543956043956,5.477673228667475,GRIN2A;GRIN2C;GRIN2B
GO_Molecular_Function_2023,Lipoprotein Particle Receptor Binding (GO:0070325),3/27,0.1234551289959387,0.4652007462698591,0,0,2.618543956043956,5.477673228667475,RELN;LRP1;APOB
GO_Molecular_Function_2023,Protein Phosphatase Inhibitor Activity (GO:0004864),3/27,0.1234551289959387,0.4652007462698591,0,0,2.618543956043956,5.477673228667475,PPP1R14A;PPP1R1A;PTN
GO_Molecular_Function_2023,Endopeptidase Regulator Activity (GO:0061135),4/42,0.1236197787290534,0.4652007462698591,0,0,2.20589427363789,4.611520636957702,ITIH2;SPINK1;PROS1;RECK
GO_Molecular_Function_2023,Voltage-Gated Potassium Channel Activity Involved In Cardiac Muscle Cell Action Potential Repolarization (GO:0086008),2/14,0.1319142668556706,0.478467231293378,0,0,3.489754848152214,7.068858102297425,KCNIP2;KCNJ3
GO_Molecular_Function_2023,Water Channel Activity (GO:0015250),2/14,0.1319142668556706,0.478467231293378,0,0,3.489754848152214,7.068858102297425,PDPN;AQP7
GO_Molecular_Function_2023,Acetylcholine Receptor Regulator Activity (GO:0030548),2/14,0.1319142668556706,0.478467231293378,0,0,3.489754848152214,7.068858102297425,SLURP1;GPIHBP1
GO_Molecular_Function_2023,Purinergic Nucleotide Receptor Activity (GO:0001614),2/14,0.1319142668556706,0.478467231293378,0,0,3.489754848152214,7.068858102297425,P2RY12;GPR34
GO_Molecular_Function_2023,Phosphatidylinositol Bisphosphate Binding (GO:1902936),7/93,0.132465304639001,0.478467231293378,0,0,1.7070563170593973,3.450702566249744,GSDMC;JPH2;AMER3;GSN;PLCZ1;FRMPD4;RLBP1
GO_Molecular_Function_2023,Voltage-Gated Monoatomic Cation Channel Activity (GO:0022843),6/76,0.1332547606891548,0.478467231293378,0,0,1.7971649078595051,3.622172373421881,KCNF1;KCNC1;KCNC2;KCNS2;KCNA1;KCNA2
GO_Molecular_Function_2023,Cytokine Receptor Activity (GO:0004896),6/76,0.1332547606891548,0.478467231293378,0,0,1.7971649078595051,3.622172373421881,IL1RL1;GPR17;LEPR;ACKR4;GFRA2;IL22RA2
GO_Molecular_Function_2023,G Protein-Coupled Amine Receptor Activity (GO:0008227),3/28,0.1338369877743714,0.478467231293378,0,0,2.5136703296703296,5.05532466922649,HTR1E;HTR2B;HTR2A
GO_Molecular_Function_2023,Aminopeptidase Activity (GO:0004177),3/29,0.1445080277208232,0.5093158610083957,0,0,2.416863905325444,4.675230402160095,LVRN;XPNPEP2;TRHDE
GO_Molecular_Function_2023,Metal Ion Transmembrane Transporter Activity (GO:0046873),3/29,0.1445080277208232,0.5093158610083957,0,0,2.416863905325444,4.675230402160095,KCNA1;SLC39A2;SLC8A2
GO_Molecular_Function_2023,Transmembrane Receptor Protein Serine/Threonine Kinase Activity (GO:0004675),2/15,0.1478084491737651,0.5093158610083957,0,0,3.2211432913957614,6.158304488855916,SOSTDC1;TGFBR2
GO_Molecular_Function_2023,Acidic Amino Acid Transmembrane Transporter Activity (GO:0015172),2/15,0.1478084491737651,0.5093158610083957,0,0,3.2211432913957614,6.158304488855916,SLC17A7;SLC1A7
GO_Molecular_Function_2023,Arachidonic Acid Epoxygenase Activity (GO:0008392),2/15,0.1478084491737651,0.5093158610083957,0,0,3.2211432913957614,6.158304488855916,CYP2A7;CYP2C8
GO_Molecular_Function_2023,Peptidoglycan Binding (GO:0042834),2/15,0.1478084491737651,0.5093158610083957,0,0,3.2211432913957614,6.158304488855916,RNASE7;JCHAIN
GO_Molecular_Function_2023,L-amino Acid Transmembrane Transporter Activity (GO:0015179),5/63,0.1597489596571834,0.5456003931092908,0,0,1.806642108461188,3.3136556910276496,SLC17A7;SLC7A10;SLC1A7;SLC7A3;SLC38A4
GO_Molecular_Function_2023,RNA Polymerase II-specific DNA-binding Transcription Factor Binding (GO:0061629),14/228,0.1608614722385986,0.5456003931092908,0,0,1.3733951534934974,2.5094837003975634,EGR2;MYOCD;BEX1;PRRX1;TCF23;FOS;PROX1;KLF4;MLXIPL;SOX17;TAL1;PPARG;ZFPM2;CD34
GO_Molecular_Function_2023,Syntaxin-1 Binding (GO:0017075),2/16,0.1640616566692272,0.5456003931092908,0,0,2.990904814175945,5.406099233223966,SNAP25;UNC13A
GO_Molecular_Function_2023,Water Transmembrane Transporter Activity (GO:0005372),2/16,0.1640616566692272,0.5456003931092908,0,0,2.990904814175945,5.406099233223966,PDPN;AQP7
GO_Molecular_Function_2023,Glutamate Receptor Activity (GO:0008066),2/16,0.1640616566692272,0.5456003931092908,0,0,2.990904814175945,5.406099233223966,GRIA2;GRIA4
GO_Molecular_Function_2023,Hexose Transmembrane Transporter Activity (GO:0015149),2/16,0.1640616566692272,0.5456003931092908,0,0,2.990904814175945,5.406099233223966,SLC2A12;SLC2A4
GO_Molecular_Function_2023,Protein Tyrosine Kinase Activity (GO:0004713),7/99,0.1664211829735936,0.5498060401152172,0,0,1.5952226701218928,2.8606066637037126,ALK;PDGFRA;CCL13;KIT;ROR1;BMX;DDR2
GO_Molecular_Function_2023,Chloride Channel Activity (GO:0005254),5/64,0.167248690524559,0.5498060401152172,0,0,1.7759277234376167,3.175844324935706,CLCA2;SLC17A7;SLC1A7;CLCA4;GABRG1
GO_Molecular_Function_2023,Intracellular Calcium Activated Chloride Channel Activity (GO:0005229),2/17,0.1806080911686345,0.5842225639590336,0,0,2.791364800585437,4.7772138413437,CLCA2;CLCA4
GO_Molecular_Function_2023,Transmembrane Receptor Protein Tyrosine Kinase Activity (GO:0004714),4/50,0.1934354784661819,0.5842225639590336,0,0,1.821495192997561,2.992372825362829,PDGFRA;KIT;ROR1;DDR2
GO_Molecular_Function_2023,Transforming Growth Factor Beta Receptor Binding (GO:0005160),2/18,0.1973872019574395,0.5842225639590336,0,0,2.616767288693743,4.245935167740995,FERMT2;TGFBR2
GO_Molecular_Function_2023,Amino Acid:Sodium Symporter Activity (GO:0005283),2/18,0.1973872019574395,0.5842225639590336,0,0,2.616767288693743,4.245935167740995,SLC1A7;SLC38A4
GO_Molecular_Function_2023,Intracellular Chloride Channel Activity (GO:0061778),2/18,0.1973872019574395,0.5842225639590336,0,0,2.616767288693743,4.245935167740995,CLCA2;CLCA4
GO_Molecular_Function_2023,Leak Channel Activity (GO:0022840),2/18,0.1973872019574395,0.5842225639590336,0,0,2.616767288693743,4.245935167740995,NALCN;KCNK3
GO_Molecular_Function_2023,Ligand-Gated Monoatomic Anion Channel Activity (GO:0099095),2/18,0.1973872019574395,0.5842225639590336,0,0,2.616767288693743,4.245935167740995,SLC1A7;GABRG1
GO_Molecular_Function_2023,Mannose Binding (GO:0005537),2/18,0.1973872019574395,0.5842225639590336,0,0,2.616767288693743,4.245935167740995,CD209;CLEC10A
GO_Molecular_Function_2023,Protein Homodimerization Activity (GO:0042803),35/662,0.206105098980732,0.5842225639590336,0,0,1.173647517011622,1.8536225652309315,ABCD2;HSPB6;NPR3;PTH1R;ADRB2;JCHAIN;HSD11B1;DPP4;PLN;SLIT2;PDGFRA;CADM3;PRMT8;DGAT2;MME;CAV2;ZBTB16;ADIPOQ;PDE2A;CIDEA;S100B;FOXP2;TBX18;MLXIPL;ALDH1A3;NR4A3;ADRB3;KIT;CASQ2;RDH5;MASP1;CRYAB;NECTIN3;ATF3;DDR2
GO_Molecular_Function_2023,Testosterone Dehydrogenase [NAD(P)] Activity (GO:0030283),1/5,0.2083590962371378,0.5842225639590336,0,0,5.231085526315789,8.204917178366577,HSD17B2
GO_Molecular_Function_2023,Thiamine Transmembrane Transporter Activity (GO:0015234),1/5,0.2083590962371378,0.5842225639590336,0,0,5.231085526315789,8.204917178366577,SLC19A3
GO_Molecular_Function_2023,ATP-activated Inward Rectifier Potassium Channel Activity (GO:0015272),1/5,0.2083590962371378,0.5842225639590336,0,0,5.231085526315789,8.204917178366577,ABCC9
GO_Molecular_Function_2023,BMP Receptor Activity (GO:0098821),1/5,0.2083590962371378,0.5842225639590336,0,0,5.231085526315789,8.204917178366577,SOSTDC1
GO_Molecular_Function_2023,CoA Carboxylase Activity (GO:0016421),1/5,0.2083590962371378,0.5842225639590336,0,0,5.231085526315789,8.204917178366577,ACACB
GO_Molecular_Function_2023,"N,N-dimethylaniline Monooxygenase Activity (GO:0004499)",1/5,0.2083590962371378,0.5842225639590336,0,0,5.231085526315789,8.204917178366577,FMO2
GO_Molecular_Function_2023,[Heparan Sulfate]-Glucosamine 3-Sulfotransferase 1 Activity (GO:0008467),1/5,0.2083590962371378,0.5842225639590336,0,0,5.231085526315789,8.204917178366577,HS3ST4
GO_Molecular_Function_2023,Alkaline Phosphatase Activity (GO:0004035),1/5,0.2083590962371378,0.5842225639590336,0,0,5.231085526315789,8.204917178366577,CILP
GO_Molecular_Function_2023,arachidonate-CoA Ligase Activity (GO:0047676),1/5,0.2083590962371378,0.5842225639590336,0,0,5.231085526315789,8.204917178366577,ACSL1
GO_Molecular_Function_2023,Axon Guidance Receptor Activity (GO:0008046),1/5,0.2083590962371378,0.5842225639590336,0,0,5.231085526315789,8.204917178366577,HMCN2
GO_Molecular_Function_2023,Beta-Glucosidase Activity (GO:0008422),1/5,0.2083590962371378,0.5842225639590336,0,0,5.231085526315789,8.204917178366577,KL
GO_Molecular_Function_2023,Bile Acid:Sodium Symporter Activity (GO:0008508),1/5,0.2083590962371378,0.5842225639590336,0,0,5.231085526315789,8.204917178366577,SLC10A6
GO_Molecular_Function_2023,Chondroitin Sulfotransferase Activity (GO:0034481),1/5,0.2083590962371378,0.5842225639590336,0,0,5.231085526315789,8.204917178366577,CHST3
GO_Molecular_Function_2023,"Coreceptor Activity Involved In Wnt Signaling Pathway, Planar Cell Polarity Pathway (GO:1904929)",1/5,0.2083590962371378,0.5842225639590336,0,0,5.231085526315789,8.204917178366577,ROR1
GO_Molecular_Function_2023,Diacylglycerol O-acyltransferase Activity (GO:0004144),1/5,0.2083590962371378,0.5842225639590336,0,0,5.231085526315789,8.204917178366577,DGAT2
GO_Molecular_Function_2023,Dihydropyrimidinase Activity (GO:0004157),1/5,0.2083590962371378,0.5842225639590336,0,0,5.231085526315789,8.204917178366577,DPYS
GO_Molecular_Function_2023,Epinephrine Binding (GO:0051379),1/5,0.2083590962371378,0.5842225639590336,0,0,5.231085526315789,8.204917178366577,ADRB3
GO_Molecular_Function_2023,Keratin Filament Binding (GO:1990254),1/5,0.2083590962371378,0.5842225639590336,0,0,5.231085526315789,8.204917178366577,KRT14
GO_Molecular_Function_2023,Pyruvate Transmembrane Transporter Activity (GO:0050833),1/5,0.2083590962371378,0.5842225639590336,0,0,5.231085526315789,8.204917178366577,SLC16A7
GO_Molecular_Function_2023,rDNA Binding (GO:0000182),1/5,0.2083590962371378,0.5842225639590336,0,0,5.231085526315789,8.204917178366577,ASIC2
GO_Molecular_Function_2023,Secondary Active Monocarboxylate Transmembrane Transporter Activity (GO:0015355),1/5,0.2083590962371378,0.5842225639590336,0,0,5.231085526315789,8.204917178366577,SLC16A7
GO_Molecular_Function_2023,Protease Binding (GO:0002020),8/125,0.212116215358979,0.5894441974162097,0,0,1.4332530575624498,2.222432244729628,DPP4;COL3A1;VWF;ADAMTSL4;CNTN1;TIMP2;CTSG;TIMP4
GO_Molecular_Function_2023,R-SMAD Binding (GO:0070412),2/19,0.2143433445149853,0.5894441974162097,0,0,2.462710660554013,3.793008189345228,PPARG;FOS
GO_Molecular_Function_2023,Metalloaminopeptidase Activity (GO:0070006),2/19,0.2143433445149853,0.5894441974162097,0,0,2.462710660554013,3.793008189345228,LVRN;TRHDE
GO_Molecular_Function_2023,Retinoic Acid Binding (GO:0001972),2/19,0.2143433445149853,0.5894441974162097,0,0,2.462710660554013,3.793008189345228,CYP26B1;UGT2B4
GO_Molecular_Function_2023,DNA-binding Transcription Factor Binding (GO:0140297),16/282,0.2195747912774093,0.5926174265469393,0,0,1.262084978332118,1.91339954308212,EGR2;MYOCD;BEX1;PRRX1;TCF23;FOS;ASCL1;KLF4;MLXIPL;SOX17;TAL1;PPARG;HOXA7;ZFPM2;CD34;RUNX1T1
GO_Molecular_Function_2023,Serine-Type Endopeptidase Inhibitor Activity (GO:0004867),4/53,0.2222467461766288,0.5926174265469393,0,0,1.7097056644439954,2.571340976093991,SERPINF1;SPINK5;SERPING1;NRG1
GO_Molecular_Function_2023,Neuropeptide Receptor Activity (GO:0008188),3/36,0.2255602535491733,0.5926174265469393,0,0,1.9034965034965037,2.8346259972818557,KISS1R;NMUR1;TACR1
GO_Molecular_Function_2023,Fibroblast Growth Factor Binding (GO:0017134),2/20,0.2314254597650591,0.5926174265469393,0,0,2.32577143554092,3.403760554407798,KLB;KL
GO_Molecular_Function_2023,Sequence-Specific Double-Stranded DNA Binding (GO:1990837),37/715,0.2365601938908624,0.5926174265469393,0,0,1.146827561589957,1.6532122345964475,RORB;BHLHE22;ASCL1;MEOX2;MEOX1;BACH2;SOX2;SOX17;ALX4;HOXA7;ASIC2;SOX7;HOXA5;SNCA;EGR1;EMX2;EGR2;EGR3;EN1;PAX3;FOS;PROX1;KLF4;SOX10;KLF15;TBX18;NR4A1;TBX15;TAL1;WT1;SNAI2;FOSB;PPARG;ERG;ATF3;VSX2;CREB5
GO_Molecular_Function_2023,N-acyltransferase Activity (GO:0016410),3/37,0.2378062341163024,0.5926174265469393,0,0,1.847414350355527,2.65343953045142,CERS3;GLYAT;TLCD3B
GO_Molecular_Function_2023,Sequence-Specific DNA Binding (GO:0043565),37/717,0.2418372571904954,0.5926174265469393,0,0,1.1433303115766855,1.6229462526760658,CSRNP3;STON1;RORB;BHLHE22;ASCL1;MEOX2;MEOX1;BACH2;FOXO1;SOX2;ALX4;HOXA7;SOX7;HOXA5;EGR1;EMX2;EGR2;EGR3;EN1;PAX3;FOS;PROX1;KLF4;SOX10;KLF15;FOXP2;TBX18;NR4A1;TBX15;WT1;SNAI2;FOSB;PPARG;ERG;ATF3;VSX2;CREB5
GO_Molecular_Function_2023,Sphingosine-1-Phosphate Phosphatase Activity (GO:0042392),1/6,0.2445064906732126,0.5926174265469393,0,0,4.184649122807017,5.894134462943352,PLPP7
GO_Molecular_Function_2023,1-Phosphatidylinositol-4-Phosphate 3-Kinase Activity (GO:0035005),1/6,0.2445064906732126,0.5926174265469393,0,0,4.184649122807017,5.894134462943352,PIK3C2G
GO_Molecular_Function_2023,Symporter Activity (GO:0015293),1/6,0.2445064906732126,0.5926174265469393,0,0,4.184649122807017,5.894134462943352,SLC2A12
GO_Molecular_Function_2023,Vascular Endothelial Growth Factor Receptor Activity (GO:0005021),1/6,0.2445064906732126,0.5926174265469393,0,0,4.184649122807017,5.894134462943352,PDGFRA
GO_Molecular_Function_2023,L-serine Transmembrane Transporter Activity (GO:0015194),1/6,0.2445064906732126,0.5926174265469393,0,0,4.184649122807017,5.894134462943352,SLC7A10
GO_Molecular_Function_2023,N-acetylglucosamine 6-O-sulfotransferase Activity (GO:0001517),1/6,0.2445064906732126,0.5926174265469393,0,0,4.184649122807017,5.894134462943352,CHST3
GO_Molecular_Function_2023,NAD(P)H Oxidase H2O2-forming Activity (GO:0016174),1/6,0.2445064906732126,0.5926174265469393,0,0,4.184649122807017,5.894134462943352,DUOX2
GO_Molecular_Function_2023,acyl-CoA Oxidase Activity (GO:0003997),1/6,0.2445064906732126,0.5926174265469393,0,0,4.184649122807017,5.894134462943352,ACADL
GO_Molecular_Function_2023,Arachidonic Acid Binding (GO:0050544),1/6,0.2445064906732126,0.5926174265469393,0,0,4.184649122807017,5.894134462943352,PPARG
GO_Molecular_Function_2023,fatty-acyl-CoA Synthase Activity (GO:0004321),1/6,0.2445064906732126,0.5926174265469393,0,0,4.184649122807017,5.894134462943352,ACSM5
GO_Molecular_Function_2023,Glycerol Channel Activity (GO:0015254),1/6,0.2445064906732126,0.5926174265469393,0,0,4.184649122807017,5.894134462943352,AQP7
GO_Molecular_Function_2023,Icosatetraenoic Acid Binding (GO:0050543),1/6,0.2445064906732126,0.5926174265469393,0,0,4.184649122807017,5.894134462943352,PPARG
GO_Molecular_Function_2023,Insulin-Like Growth Factor II Binding (GO:0031995),1/6,0.2445064906732126,0.5926174265469393,0,0,4.184649122807017,5.894134462943352,IGFBP6
GO_Molecular_Function_2023,Interleukin-6 Receptor Binding (GO:0005138),1/6,0.2445064906732126,0.5926174265469393,0,0,4.184649122807017,5.894134462943352,IL6
GO_Molecular_Function_2023,Intracellular cGMP-activated Cation Channel Activity (GO:0005223),1/6,0.2445064906732126,0.5926174265469393,0,0,4.184649122807017,5.894134462943352,CNGA1
GO_Molecular_Function_2023,Lipoprotein Lipase Activity (GO:0004465),1/6,0.2445064906732126,0.5926174265469393,0,0,4.184649122807017,5.894134462943352,LIPN
GO_Molecular_Function_2023,"Oxidoreductase Activity, Acting On A Sulfur Group Of Donors, Disulfide As Acceptor (GO:0016671)",1/6,0.2445064906732126,0.5926174265469393,0,0,4.184649122807017,5.894134462943352,MSRB3
GO_Molecular_Function_2023,Patched Binding (GO:0005113),1/6,0.2445064906732126,0.5926174265469393,0,0,4.184649122807017,5.894134462943352,CAV1
GO_Molecular_Function_2023,Primary Amine Oxidase Activity (GO:0008131),1/6,0.2445064906732126,0.5926174265469393,0,0,4.184649122807017,5.894134462943352,AOC3
GO_Molecular_Function_2023,Protein Tyrosine Kinase Inhibitor Activity (GO:0030292),1/6,0.2445064906732126,0.5926174265469393,0,0,4.184649122807017,5.894134462943352,SOCS3
GO_Molecular_Function_2023,Proton Channel Activity (GO:0015252),1/6,0.2445064906732126,0.5926174265469393,0,0,4.184649122807017,5.894134462943352,OTOP1
GO_Molecular_Function_2023,Triglyceride Lipase Activity (GO:0004806),2/21,0.2485867720315944,0.5974438386641682,0,0,2.2032468657923623,3.066838802633252,LIPE;LIPN
GO_Molecular_Function_2023,Lipid Kinase Activity (GO:0001727),2/21,0.2485867720315944,0.5974438386641682,0,0,2.2032468657923623,3.066838802633252,PIK3C2G;DGKI
GO_Molecular_Function_2023,Amino Acid Transmembrane Transporter Activity (GO:0015171),4/56,0.2520825642074032,0.6033105720779691,0,0,1.6108149276466108,2.2197007302783325,SLC7A10;SLC1A7;SLC7A3;SLC38A4
GO_Molecular_Function_2023,Peptidase Activator Activity Involved In Apoptotic Process (GO:0016505),2/22,0.2657845049965303,0.6108088291308066,0,0,2.0929747530186606,2.773336863251314,CTSK;MAL
GO_Molecular_Function_2023,C-C Chemokine Binding (GO:0019957),1/7,0.2790050701679555,0.6108088291308066,0,0,3.4870248538011697,4.451275533668872,ZFP36
GO_Molecular_Function_2023,CD4 Receptor Binding (GO:0042609),1/7,0.2790050701679555,0.6108088291308066,0,0,3.4870248538011697,4.451275533668872,PLSCR4
GO_Molecular_Function_2023,Urate Transmembrane Transporter Activity (GO:0015143),1/7,0.2790050701679555,0.6108088291308066,0,0,3.4870248538011697,4.451275533668872,SLC22A12
GO_Molecular_Function_2023,Xylosyltransferase Activity (GO:0042285),1/7,0.2790050701679555,0.6108088291308066,0,0,3.4870248538011697,4.451275533668872,GXYLT2
GO_Molecular_Function_2023,O-acetyltransferase Activity (GO:0016413),1/7,0.2790050701679555,0.6108088291308066,0,0,3.4870248538011697,4.451275533668872,CHAT
GO_Molecular_Function_2023,Acetylcholine Receptor Binding (GO:0033130),1/7,0.2790050701679555,0.6108088291308066,0,0,3.4870248538011697,4.451275533668872,RAPSN
GO_Molecular_Function_2023,Calcium:Monoatomic Cation Antiporter Activity (GO:0015368),1/7,0.2790050701679555,0.6108088291308066,0,0,3.4870248538011697,4.451275533668872,SLC8A2
GO_Molecular_Function_2023,Coreceptor Activity Involved In Wnt Signaling Pathway (GO:0071936),1/7,0.2790050701679555,0.6108088291308066,0,0,3.4870248538011697,4.451275533668872,ROR1
GO_Molecular_Function_2023,Estrogen 16-Alpha-Hydroxylase Activity (GO:0101020),1/7,0.2790050701679555,0.6108088291308066,0,0,3.4870248538011697,4.451275533668872,CYP2C8
GO_Molecular_Function_2023,Glucosidase Activity (GO:0015926),1/7,0.2790050701679555,0.6108088291308066,0,0,3.4870248538011697,4.451275533668872,KL
GO_Molecular_Function_2023,Icosanoid Binding (GO:0050542),1/7,0.2790050701679555,0.6108088291308066,0,0,3.4870248538011697,4.451275533668872,PPARG
GO_Molecular_Function_2023,Immunoglobulin Receptor Binding (GO:0034987),1/7,0.2790050701679555,0.6108088291308066,0,0,3.4870248538011697,4.451275533668872,JCHAIN
GO_Molecular_Function_2023,Inorganic Phosphate Transmembrane Transporter Activity (GO:0005315),1/7,0.2790050701679555,0.6108088291308066,0,0,3.4870248538011697,4.451275533668872,SLC17A7
GO_Molecular_Function_2023,Neurotrophin Binding (GO:0043121),1/7,0.2790050701679555,0.6108088291308066,0,0,3.4870248538011697,4.451275533668872,NGFR
GO_Molecular_Function_2023,"Oxidoreductase Activity, Acting On Paired Donors, With Oxidation Of A Pair Of Donors Resulting In The Reduction Of Molecular Oxygen To Two Molecules Of Water (GO:0016717)",1/7,0.2790050701679555,0.6108088291308066,0,0,3.4870248538011697,4.451275533668872,RAPSN
GO_Molecular_Function_2023,"Oxidoreductase Activity, Acting On The CH-NH2 Group Of Donors, Oxygen As Acceptor (GO:0016641)",1/7,0.2790050701679555,0.6108088291308066,0,0,3.4870248538011697,4.451275533668872,AOC3
GO_Molecular_Function_2023,Peptide Transmembrane Transporter Activity (GO:1904680),1/7,0.2790050701679555,0.6108088291308066,0,0,3.4870248538011697,4.451275533668872,SLC15A1
GO_Molecular_Function_2023,Protein Kinase B Binding (GO:0043422),1/7,0.2790050701679555,0.6108088291308066,0,0,3.4870248538011697,4.451275533668872,PDE3B
GO_Molecular_Function_2023,Sodium Channel Inhibitor Activity (GO:0019871),1/7,0.2790050701679555,0.6108088291308066,0,0,3.4870248538011697,4.451275533668872,SCN3B
GO_Molecular_Function_2023,Carboxylic Acid Transmembrane Transporter Activity (GO:0046943),4/59,0.2826825431387642,0.6108088291308066,0,0,1.5227122712271226,1.9238415322560387,PDPN;SLC16A7;SLC7A3;SLC38A4
GO_Molecular_Function_2023,Receptor Tyrosine Kinase Binding (GO:0030971),4/59,0.2826825431387642,0.6108088291308066,0,0,1.5227122712271226,1.9238415322560387,ANGPT4;ANGPT1;NRG1;PTPN14
GO_Molecular_Function_2023,Zinc Ion Transmembrane Transporter Activity (GO:0005385),2/23,0.282979614894517,0.6108088291308066,0,0,1.993204746223407,2.5161826369263287,SLC39A12;SLC39A2
GO_Molecular_Function_2023,Alpha-Actinin Binding (GO:0051393),2/23,0.282979614894517,0.6108088291308066,0,0,1.993204746223407,2.5161826369263287,PDLIM3;PPARG
GO_Molecular_Function_2023,Ligand-Gated Monoatomic Ion Channel Activity (GO:0015276),2/23,0.282979614894517,0.6108088291308066,0,0,1.993204746223407,2.5161826369263287,GRIN2B;GRIA4
GO_Molecular_Function_2023,mRNA 3'-UTR AU-rich Region Binding (GO:0035925),2/23,0.282979614894517,0.6108088291308066,0,0,1.993204746223407,2.5161826369263287,ZFP36;RBMS3
GO_Molecular_Function_2023,Neutral L-amino Acid Transmembrane Transporter Activity (GO:0015175),3/41,0.2877118961060382,0.6186887389949394,0,0,1.6526026604973971,2.0588052226212303,SLC7A10;SLC1A7;SLC38A4
GO_Molecular_Function_2023,Glucose Transmembrane Transporter Activity (GO:0005355),2/24,0.3001365393300347,0.6429891404373776,0,0,1.902504740045904,2.2896982750278965,SLC2A12;SLC2A4
GO_Molecular_Function_2023,Superoxide-Generating NAD(P)H Oxidase Activity (GO:0016175),1/8,0.3119299638999372,0.6463055908261515,0,0,2.988721804511278,3.4817909394180115,DUOX2
GO_Molecular_Function_2023,Urea Transmembrane Transporter Activity (GO:0015204),1/8,0.3119299638999372,0.6463055908261515,0,0,2.988721804511278,3.4817909394180115,AQP7
GO_Molecular_Function_2023,L-lysine Transmembrane Transporter Activity (GO:0015189),1/8,0.3119299638999372,0.6463055908261515,0,0,2.988721804511278,3.4817909394180115,SLC7A3
GO_Molecular_Function_2023,UDP-xylosyltransferase Activity (GO:0035252),1/8,0.3119299638999372,0.6463055908261515,0,0,2.988721804511278,3.4817909394180115,GXYLT2
GO_Molecular_Function_2023,Cuprous Ion Binding (GO:1903136),1/8,0.3119299638999372,0.6463055908261515,0,0,2.988721804511278,3.4817909394180115,SNCA
GO_Molecular_Function_2023,Glycerol Transmembrane Transporter Activity (GO:0015168),1/8,0.3119299638999372,0.6463055908261515,0,0,2.988721804511278,3.4817909394180115,AQP7
GO_Molecular_Function_2023,Histone Reader Activity (GO:0140566),1/8,0.3119299638999372,0.6463055908261515,0,0,2.988721804511278,3.4817909394180115,BRDT
GO_Molecular_Function_2023,Long-Chain Fatty Acid Binding (GO:0036041),1/8,0.3119299638999372,0.6463055908261515,0,0,2.988721804511278,3.4817909394180115,FABP4
GO_Molecular_Function_2023,Serine Transmembrane Transporter Activity (GO:0022889),1/8,0.3119299638999372,0.6463055908261515,0,0,2.988721804511278,3.4817909394180115,SLC7A10
GO_Molecular_Function_2023,Cell-Cell Adhesion Mediator Activity (GO:0098632),3/43,0.3129836515014754,0.6463055908261515,0,0,1.5698076923076922,1.823495399199898,TRIM29;CNTN1;NEXN
GO_Molecular_Function_2023,Ferrous Iron Binding (GO:0008198),2/25,0.317222961413206,0.650363920890157,0,0,1.8196916909273133,2.0892797501513454,CDO1;SNCA
GO_Molecular_Function_2023,Phosphatidylinositol-4-Phosphate Binding (GO:0070273),2/25,0.317222961413206,0.650363920890157,0,0,1.8196916909273133,2.0892797501513454,GSDMC;JPH2
GO_Molecular_Function_2023,Phosphoric Diester Hydrolase Activity (GO:0008081),3/44,0.3256450574705011,0.6546594942587243,0,0,1.531439292414902,1.7181941356435144,PDE11A;PLCXD3;ENPP2
GO_Molecular_Function_2023,Actin Binding (GO:0003779),10/183,0.3257400981118294,0.6546594942587243,0,0,1.2107362100640766,1.3580288814129708,PDLIM3;GSN;PIP;KLHL1;DMD;SORBS1;CORO2B;SLC6A2;FERMT2;SNCA
GO_Molecular_Function_2023,Transcription Cis-Regulatory Region Binding (GO:0000976),24/474,0.3295607516167547,0.6546594942587243,0,0,1.1180802399700038,1.241062991691331,EGR1;EGR2;TCF23;TWIST2;HIF3A;FOS;PROX1;ASCL1;KLF4;SOX10;KLF15;TBX18;SOX2;SOX17;TAL1;WT1;PLAGL1;ALX4;SNAI2;PPARG;SOX7;ATF3;VSX2;SNCA
GO_Molecular_Function_2023,Protein Kinase Inhibitor Activity (GO:0004860),3/45,0.3383045298949051,0.6546594942587243,0,0,1.4948979591836735,1.6201835828693334,SOCS3;SPRY2;SNCA
GO_Molecular_Function_2023,1-Phosphatidylinositol-3-Kinase Activity (GO:0016303),1/9,0.343352881604226,0.6546594942587243,0,0,2.61499451754386,2.795420121017091,PIK3C2G
GO_Molecular_Function_2023,CCR6 Chemokine Receptor Binding (GO:0031731),1/9,0.343352881604226,0.6546594942587243,0,0,2.61499451754386,2.795420121017091,DEFB1
GO_Molecular_Function_2023,NADP-retinol Dehydrogenase Activity (GO:0052650),1/9,0.343352881604226,0.6546594942587243,0,0,2.61499451754386,2.795420121017091,AKR1C3
GO_Molecular_Function_2023,STAT Family Protein Binding (GO:0097677),1/9,0.343352881604226,0.6546594942587243,0,0,2.61499451754386,2.795420121017091,PPARG
GO_Molecular_Function_2023,Amino Acid:Monoatomic Cation Symporter Activity (GO:0005416),1/9,0.343352881604226,0.6546594942587243,0,0,2.61499451754386,2.795420121017091,SLC38A4
GO_Molecular_Function_2023,Benzodiazepine Receptor Activity (GO:0008503),1/9,0.343352881604226,0.6546594942587243,0,0,2.61499451754386,2.795420121017091,GABRG1
GO_Molecular_Function_2023,Bioactive Lipid Receptor Activity (GO:0045125),1/9,0.343352881604226,0.6546594942587243,0,0,2.61499451754386,2.795420121017091,S1PR1
GO_Molecular_Function_2023,Calcium:Sodium Antiporter Activity (GO:0005432),1/9,0.343352881604226,0.6546594942587243,0,0,2.61499451754386,2.795420121017091,SLC8A2
GO_Molecular_Function_2023,Clathrin Heavy Chain Binding (GO:0032050),1/9,0.343352881604226,0.6546594942587243,0,0,2.61499451754386,2.795420121017091,LRP1
GO_Molecular_Function_2023,Estradiol 17-Beta-Dehydrogenase [NAD(P)] Activity (GO:0004303),1/9,0.343352881604226,0.6546594942587243,0,0,2.61499451754386,2.795420121017091,HSD17B2
GO_Molecular_Function_2023,Eukaryotic Initiation Factor 4E Binding (GO:0008190),1/9,0.343352881604226,0.6546594942587243,0,0,2.61499451754386,2.795420121017091,C8ORF88
GO_Molecular_Function_2023,Glycine Binding (GO:0016594),1/9,0.343352881604226,0.6546594942587243,0,0,2.61499451754386,2.795420121017091,GRIN2B
GO_Molecular_Function_2023,Glycine Transmembrane Transporter Activity (GO:0015187),1/9,0.343352881604226,0.6546594942587243,0,0,2.61499451754386,2.795420121017091,SLC6A2
GO_Molecular_Function_2023,"Hydrolase Activity, Acting On Carbon-Nitrogen (But Not Peptide) Bonds, In Linear Amidines (GO:0016813)",1/9,0.343352881604226,0.6546594942587243,0,0,2.61499451754386,2.795420121017091,PADI4
GO_Molecular_Function_2023,Interleukin-1 Binding (GO:0019966),1/9,0.343352881604226,0.6546594942587243,0,0,2.61499451754386,2.795420121017091,IL36RN
GO_Molecular_Function_2023,"Intramolecular Transferase Activity, Phosphotransferases (GO:0016868)",1/9,0.343352881604226,0.6546594942587243,0,0,2.61499451754386,2.795420121017091,PGM5
GO_Molecular_Function_2023,Phosphate Ion Binding (GO:0042301),1/9,0.343352881604226,0.6546594942587243,0,0,2.61499451754386,2.795420121017091,PDE2A
GO_Molecular_Function_2023,Protein Tyrosine Kinase Binding (GO:1990782),5/85,0.3471217459013104,0.6596466400516596,0,0,1.3083012114537445,1.3842869635662316,ANGPT4;ANGPT1;NRG1;PHYHIP;PTPN14
GO_Molecular_Function_2023,Double-Stranded DNA Binding (GO:0003690),32/650,0.3546580204746904,0.6632042788498078,0,0,1.0854978712774903,1.1252284789029476,RORB;BHLHE22;ASCL1;MEOX2;MEOX1;BACH2;ALX4;HOXA7;SOX7;HOXA5;EGR1;EMX2;EGR2;EGR3;EN1;PAX3;FOS;PROX1;KLF4;SOX10;KLF15;TBX18;NR4A1;TBX15;WT1;SNAI2;FOSB;PPARG;ERG;ATF3;VSX2;CREB5
GO_Molecular_Function_2023,Cell Adhesion Mediator Activity (GO:0098631),2/28,0.3677801658804538,0.6632042788498078,0,0,1.6094739508570464,1.6099083392460456,CNTN1;NEXN
GO_Molecular_Function_2023,Neuropeptide Binding (GO:0042923),2/28,0.3677801658804538,0.6632042788498078,0,0,1.6094739508570464,1.6099083392460456,MRGPRX2;NMUR1
GO_Molecular_Function_2023,BMP Receptor Binding (GO:0070700),1/10,0.3733422688630037,0.6632042788498078,0,0,2.324317738791423,2.2900565264211914,BMP6
GO_Molecular_Function_2023,Transforming Growth Factor Beta Receptor Activity (GO:0005024),1/10,0.3733422688630037,0.6632042788498078,0,0,2.324317738791423,2.2900565264211914,TGFBR2
GO_Molecular_Function_2023,Transmembrane Receptor Protein Serine/Threonine Kinase Binding (GO:0070696),1/10,0.3733422688630037,0.6632042788498078,0,0,2.324317738791423,2.2900565264211914,BMP6
GO_Molecular_Function_2023,L-arginine Transmembrane Transporter Activity (GO:0061459),1/10,0.3733422688630037,0.6632042788498078,0,0,2.324317738791423,2.2900565264211914,SLC7A3
GO_Molecular_Function_2023,UDP-glucosyltransferase Activity (GO:0035251),1/10,0.3733422688630037,0.6632042788498078,0,0,2.324317738791423,2.2900565264211914,GYG2
GO_Molecular_Function_2023,acyl-CoA Dehydrogenase Activity (GO:0003995),1/10,0.3733422688630037,0.6632042788498078,0,0,2.324317738791423,2.2900565264211914,ACADL
GO_Molecular_Function_2023,Chloride Ion Binding (GO:0031404),1/10,0.3733422688630037,0.6632042788498078,0,0,2.324317738791423,2.2900565264211914,NPR3
GO_Molecular_Function_2023,Complement Component C3b Binding (GO:0001851),1/10,0.3733422688630037,0.6632042788498078,0,0,2.324317738791423,2.2900565264211914,CR1
GO_Molecular_Function_2023,Diacylglycerol Kinase Activity (GO:0004143),1/10,0.3733422688630037,0.6632042788498078,0,0,2.324317738791423,2.2900565264211914,DGKI
GO_Molecular_Function_2023,Dipeptidase Activity (GO:0016805),1/10,0.3733422688630037,0.6632042788498078,0,0,2.324317738791423,2.2900565264211914,NAALAD2
GO_Molecular_Function_2023,Extracellular Ligand-Gated Monoatomic Ion Channel Activity (GO:0005230),1/10,0.3733422688630037,0.6632042788498078,0,0,2.324317738791423,2.2900565264211914,GABRG1
GO_Molecular_Function_2023,Glycerophospholipid Flippase Activity (GO:0140333),1/10,0.3733422688630037,0.6632042788498078,0,0,2.324317738791423,2.2900565264211914,ABCB1
GO_Molecular_Function_2023,Intracellular Cyclic Nucleotide Activated Monoatomic Cation Channel Activity (GO:0005221),1/10,0.3733422688630037,0.6632042788498078,0,0,2.324317738791423,2.2900565264211914,CNGA1
GO_Molecular_Function_2023,Myosin II Binding (GO:0045159),1/10,0.3733422688630037,0.6632042788498078,0,0,2.324317738791423,2.2900565264211914,GSN
GO_Molecular_Function_2023,Nuclear Retinoid X Receptor Binding (GO:0046965),1/10,0.3733422688630037,0.6632042788498078,0,0,2.324317738791423,2.2900565264211914,PPARG
GO_Molecular_Function_2023,Outward Rectifier Potassium Channel Activity (GO:0015271),1/10,0.3733422688630037,0.6632042788498078,0,0,2.324317738791423,2.2900565264211914,KCNIP2
GO_Molecular_Function_2023,Protein-Arginine N-methyltransferase Activity (GO:0016274),1/10,0.3733422688630037,0.6632042788498078,0,0,2.324317738791423,2.2900565264211914,PRMT8
GO_Molecular_Function_2023,Semaphorin Receptor Activity (GO:0017154),1/10,0.3733422688630037,0.6632042788498078,0,0,2.324317738791423,2.2900565264211914,PLXNA4
GO_Molecular_Function_2023,Calcium Ion Transmembrane Transporter Activity (GO:0015085),4/68,0.3766325074639352,0.6669776912364425,0,0,1.3079620462046204,1.2772057741272054,TRPM1;TRPM6;TRPM3;SLC8A2
GO_Molecular_Function_2023,Glucuronosyltransferase Activity (GO:0015020),2/30,0.4006668041715274,0.6762444015848524,0,0,1.494354712247138,1.3667743421191183,EXTL1;UGT2B4
GO_Molecular_Function_2023,pre-mRNA Binding (GO:0036002),2/30,0.4006668041715274,0.6762444015848524,0,0,1.494354712247138,1.3667743421191183,CELF2;CELF3
GO_Molecular_Function_2023,C-acyltransferase Activity (GO:0016408),1/11,0.4019634554874997,0.6762444015848524,0,0,2.091776315789473,1.9064325953301275,ACSM5
GO_Molecular_Function_2023,C2H2 Zinc Finger Domain Binding (GO:0070742),1/11,0.4019634554874997,0.6762444015848524,0,0,2.091776315789473,1.9064325953301275,WT1
GO_Molecular_Function_2023,Voltage-Gated Potassium Channel Activity Involved In Ventricular Cardiac Muscle Cell Action Potential Repolarization (GO:1902282),1/11,0.4019634554874997,0.6762444015848524,0,0,2.091776315789473,1.9064325953301275,KCNJ3
GO_Molecular_Function_2023,"UDP-galactose:beta-N-acetylglucosamine Beta-1,3-Galactosyltransferase Activity (GO:0008499)",1/11,0.4019634554874997,0.6762444015848524,0,0,2.091776315789473,1.9064325953301275,B3GALT1
GO_Molecular_Function_2023,cAMP Binding (GO:0030552),1/11,0.4019634554874997,0.6762444015848524,0,0,2.091776315789473,1.9064325953301275,PDE2A
GO_Molecular_Function_2023,Calcium-Activated Potassium Channel Activity (GO:0015269),1/11,0.4019634554874997,0.6762444015848524,0,0,2.091776315789473,1.9064325953301275,KCNMB1
GO_Molecular_Function_2023,Complement Receptor Activity (GO:0004875),1/11,0.4019634554874997,0.6762444015848524,0,0,2.091776315789473,1.9064325953301275,CR1
GO_Molecular_Function_2023,Death Receptor Activity (GO:0005035),1/11,0.4019634554874997,0.6762444015848524,0,0,2.091776315789473,1.9064325953301275,NGFR
GO_Molecular_Function_2023,Ligand-Gated Sodium Channel Activity (GO:0015280),1/11,0.4019634554874997,0.6762444015848524,0,0,2.091776315789473,1.9064325953301275,ASIC2
GO_Molecular_Function_2023,Monoatomic Cation:Bicarbonate Symporter Activity (GO:0140410),1/11,0.4019634554874997,0.6762444015848524,0,0,2.091776315789473,1.9064325953301275,SLC39A12
GO_Molecular_Function_2023,Organic Acid:Sodium Symporter Activity (GO:0005343),1/11,0.4019634554874997,0.6762444015848524,0,0,2.091776315789473,1.9064325953301275,SLC38A4
GO_Molecular_Function_2023,Phosphatidylinositol 3-Kinase Activity (GO:0035004),1/11,0.4019634554874997,0.6762444015848524,0,0,2.091776315789473,1.9064325953301275,PIK3C2G
GO_Molecular_Function_2023,Phospholipid Scramblase Activity (GO:0017128),1/11,0.4019634554874997,0.6762444015848524,0,0,2.091776315789473,1.9064325953301275,PLSCR4
GO_Molecular_Function_2023,Single-Stranded Telomeric DNA Binding (GO:0043047),1/11,0.4019634554874997,0.6762444015848524,0,0,2.091776315789473,1.9064325953301275,STON1
GO_Molecular_Function_2023,Sodium:Phosphate Symporter Activity (GO:0005436),1/11,0.4019634554874997,0.6762444015848524,0,0,2.091776315789473,1.9064325953301275,SLC17A7
GO_Molecular_Function_2023,Adenyl Nucleotide Binding (GO:0030554),2/31,0.4168070077722639,0.689740089875347,0,0,1.4427495363185583,1.2625962517419598,HSD11B1;ALDH1A1
GO_Molecular_Function_2023,Channel Activity (GO:0015267),3/52,0.4258204775254115,0.689740089875347,0,0,1.2808701502579054,1.0935267976640914,PDPN;AQP7;KCNK3
GO_Molecular_Function_2023,ATPase Binding (GO:0051117),4/73,0.4286299208876761,0.689740089875347,0,0,1.212863315317039,1.0274909692080372,PLN;CAV1;ANK2;ANK1
GO_Molecular_Function_2023,5'-Nucleotidase Activity (GO:0008253),1/12,0.429278797195146,0.689740089875347,0,0,1.901515151515152,1.6080138049200694,NT5E
GO_Molecular_Function_2023,Vascular Endothelial Growth Factor Receptor Binding (GO:0005172),1/12,0.429278797195146,0.689740089875347,0,0,1.901515151515152,1.6080138049200694,VEGFD
GO_Molecular_Function_2023,GABA-gated Chloride Ion Channel Activity (GO:0022851),1/12,0.429278797195146,0.689740089875347,0,0,1.901515151515152,1.6080138049200694,GABRG1
GO_Molecular_Function_2023,GTPase Inhibitor Activity (GO:0005095),1/12,0.429278797195146,0.689740089875347,0,0,1.901515151515152,1.6080138049200694,SLIT2
GO_Molecular_Function_2023,"Hydrolase Activity, Acting On Carbon-Nitrogen (But Not Peptide) Bonds, In Cyclic Amides (GO:0016812)",1/12,0.429278797195146,0.689740089875347,0,0,1.901515151515152,1.6080138049200694,DPYS
GO_Molecular_Function_2023,Insulin-Like Growth Factor I Binding (GO:0031994),1/12,0.429278797195146,0.689740089875347,0,0,1.901515151515152,1.6080138049200694,IGFBP6
GO_Molecular_Function_2023,Intracellular Ligand-Gated Monoatomic Ion Channel Activity (GO:0005217),1/12,0.429278797195146,0.689740089875347,0,0,1.901515151515152,1.6080138049200694,RYR3
GO_Molecular_Function_2023,"Intramolecular Oxidoreductase Activity, Transposing C=C Bonds (GO:0016863)",1/12,0.429278797195146,0.689740089875347,0,0,1.901515151515152,1.6080138049200694,DCT
GO_Molecular_Function_2023,Lipase Activator Activity (GO:0060229),1/12,0.429278797195146,0.689740089875347,0,0,1.901515151515152,1.6080138049200694,GPIHBP1
GO_Molecular_Function_2023,Monocarboxylate:Sodium Symporter Activity (GO:0140161),1/12,0.429278797195146,0.689740089875347,0,0,1.901515151515152,1.6080138049200694,SLC10A6
GO_Molecular_Function_2023,"Oxidoreductase Activity, Acting On NAD(P)H, Oxygen As Acceptor (GO:0050664)",1/12,0.429278797195146,0.689740089875347,0,0,1.901515151515152,1.6080138049200694,DUOX2
GO_Molecular_Function_2023,Potassium:Proton Antiporter Activity (GO:0015386),1/12,0.429278797195146,0.689740089875347,0,0,1.901515151515152,1.6080138049200694,SLC17A7
GO_Molecular_Function_2023,Solute:Monoatomic Cation Symporter Activity (GO:0015294),1/12,0.429278797195146,0.689740089875347,0,0,1.901515151515152,1.6080138049200694,SLC39A12
GO_Molecular_Function_2023,Syntaxin Binding (GO:0019905),3/53,0.4380348971093027,0.6998769864427966,0,0,1.2551868131868131,1.0361023622038337,SNAP25;UNC13A;SYT8
GO_Molecular_Function_2023,Monoatomic Anion Channel Activity (GO:0005253),3/53,0.4380348971093027,0.6998769864427966,0,0,1.2551868131868131,1.0361023622038337,CLCA2;SLC17A7;CLCA4
GO_Molecular_Function_2023,Hexosyltransferase Activity (GO:0016758),5/96,0.447299738704171,0.7001584619026068,0,0,1.149489277242581,0.9247944156944886,EXTL1;HAS1;HAS3;UGT2B4;HAS2
GO_Molecular_Function_2023,Transition Metal Ion Transmembrane Transporter Activity (GO:0046915),2/33,0.4484055245328117,0.7001584619026068,0,0,1.3495272830282214,1.0823981647913865,SLC39A12;SLC39A2
GO_Molecular_Function_2023,Myosin Binding (GO:0017022),3/54,0.4501492284193828,0.7001584619026068,0,0,1.2305106658047835,0.9821642442091292,KIRREL1;GSN;DMD
GO_Molecular_Function_2023,SUMO Ligase Activity (GO:0061665),1/13,0.4553478108877093,0.7001584619026068,0,0,1.7429641812865495,1.371178997420735,EGR2
GO_Molecular_Function_2023,Carbonate Dehydratase Activity (GO:0004089),1/13,0.4553478108877093,0.7001584619026068,0,0,1.7429641812865495,1.371178997420735,CA4
GO_Molecular_Function_2023,Caspase Binding (GO:0089720),1/13,0.4553478108877093,0.7001584619026068,0,0,1.7429641812865495,1.371178997420735,CTSG
GO_Molecular_Function_2023,Heparan Sulfate Sulfotransferase Activity (GO:0034483),1/13,0.4553478108877093,0.7001584619026068,0,0,1.7429641812865495,1.371178997420735,HS3ST4
GO_Molecular_Function_2023,Histone H4 Methyltransferase Activity (GO:0140939),1/13,0.4553478108877093,0.7001584619026068,0,0,1.7429641812865495,1.371178997420735,PRMT8
GO_Molecular_Function_2023,Inhibitory Extracellular Ligand-Gated Monoatomic Ion Channel Activity (GO:0005237),1/13,0.4553478108877093,0.7001584619026068,0,0,1.7429641812865495,1.371178997420735,GABRG1
GO_Molecular_Function_2023,Insulin-Like Growth Factor Receptor Binding (GO:0005159),1/13,0.4553478108877093,0.7001584619026068,0,0,1.7429641812865495,1.371178997420735,IGF1
GO_Molecular_Function_2023,Lipid Phosphatase Activity (GO:0042577),1/13,0.4553478108877093,0.7001584619026068,0,0,1.7429641812865495,1.371178997420735,PLPP7
GO_Molecular_Function_2023,Peptide Hormone Receptor Binding (GO:0051428),1/13,0.4553478108877093,0.7001584619026068,0,0,1.7429641812865495,1.371178997420735,LEP
GO_Molecular_Function_2023,Phosphatidylinositol Phosphate Kinase Activity (GO:0016307),1/13,0.4553478108877093,0.7001584619026068,0,0,1.7429641812865495,1.371178997420735,PIK3C2G
GO_Molecular_Function_2023,Sodium:Chloride Symporter Activity (GO:0015378),1/13,0.4553478108877093,0.7001584619026068,0,0,1.7429641812865495,1.371178997420735,SLC6A2
GO_Molecular_Function_2023,G Protein-Coupled Receptor Binding (GO:0001664),7/140,0.457877633384922,0.702160874788674,0,0,1.1010805158591843,0.8601126857756195,SFRP1;CXCL12;GNAL;CCL21;AGTR1;S1PR1;SAA1
GO_Molecular_Function_2023,Chloride Transmembrane Transporter Activity (GO:0015108),3/55,0.4621555436111323,0.7056272981492486,0,0,1.2067836010143702,0.931460472113134,CLCA2;SLC17A7;CLCA4
GO_Molecular_Function_2023,Kinase Inhibitor Activity (GO:0019210),2/34,0.4638389232589466,0.7056272981492486,0,0,1.3072859495060374,1.0042805128122565,SOCS3;SNCA
GO_Molecular_Function_2023,Sodium Ion Transmembrane Transporter Activity (GO:0015081),2/34,0.4638389232589466,0.7056272981492486,0,0,1.3072859495060374,1.0042805128122565,NALCN;SLC8A2
GO_Molecular_Function_2023,1-Phosphatidylinositol-3-Kinase Regulator Activity (GO:0046935),1/14,0.4802273035849594,0.7097933272625241,0,0,1.6088056680161944,1.18005210081462,SOCS3
GO_Molecular_Function_2023,G Protein-Coupled Photoreceptor Activity (GO:0008020),1/14,0.4802273035849594,0.7097933272625241,0,0,1.6088056680161944,1.18005210081462,RGR
GO_Molecular_Function_2023,MAP Kinase Kinase Activity (GO:0004708),1/14,0.4802273035849594,0.7097933272625241,0,0,1.6088056680161944,1.18005210081462,PAK3
GO_Molecular_Function_2023,Acylglycerol Lipase Activity (GO:0047372),1/14,0.4802273035849594,0.7097933272625241,0,0,1.6088056680161944,1.18005210081462,LIPE
GO_Molecular_Function_2023,Alanine Transmembrane Transporter Activity (GO:0022858),1/14,0.4802273035849594,0.7097933272625241,0,0,1.6088056680161944,1.18005210081462,SLC38A4
GO_Molecular_Function_2023,Aspartic-Type Peptidase Activity (GO:0070001),1/14,0.4802273035849594,0.7097933272625241,0,0,1.6088056680161944,1.18005210081462,PIP
GO_Molecular_Function_2023,"Beta-1,3-Galactosyltransferase Activity (GO:0048531)",1/14,0.4802273035849594,0.7097933272625241,0,0,1.6088056680161944,1.18005210081462,B3GALT1
GO_Molecular_Function_2023,Calcium-Dependent Cysteine-Type Endopeptidase Activity (GO:0004198),1/14,0.4802273035849594,0.7097933272625241,0,0,1.6088056680161944,1.18005210081462,CAPN11
GO_Molecular_Function_2023,Clathrin Adaptor Activity (GO:0035615),1/14,0.4802273035849594,0.7097933272625241,0,0,1.6088056680161944,1.18005210081462,STON1
GO_Molecular_Function_2023,Muscle Alpha-Actinin Binding (GO:0051371),1/14,0.4802273035849594,0.7097933272625241,0,0,1.6088056680161944,1.18005210081462,PDLIM3
GO_Molecular_Function_2023,Nucleotidase Activity (GO:0008252),1/14,0.4802273035849594,0.7097933272625241,0,0,1.6088056680161944,1.18005210081462,NT5E
GO_Molecular_Function_2023,"Phosphatidylinositol-3,4,5-Trisphosphate Binding (GO:0005547)",2/36,0.4939235377804129,0.7262834540113013,0,0,1.2302576354361725,0.867792432863371,JPH2;FERMT2
GO_Molecular_Function_2023,Protein Kinase C Binding (GO:0005080),2/36,0.4939235377804129,0.7262834540113013,0,0,1.2302576354361725,0.867792432863371,CAVIN2;DACT2
GO_Molecular_Function_2023,Protein Heterodimerization Activity (GO:0046982),9/190,0.5031722036681064,0.7298017612865889,0,0,1.039908570869799,0.7142329312126667,ROPN1B;AOC3;MLXIPL;NR4A1;KCNB1;AGTR1;TLR4;ATF3;BMP6
GO_Molecular_Function_2023,CoA Hydrolase Activity (GO:0016289),1/15,0.5039714959933612,0.7298017612865889,0,0,1.493812656641604,1.023613564377145,ABCD2
GO_Molecular_Function_2023,DNA Nuclease Activity (GO:0004536),1/15,0.5039714959933612,0.7298017612865889,0,0,1.493812656641604,1.023613564377145,DNASE1L3
GO_Molecular_Function_2023,Death Receptor Binding (GO:0005123),1/15,0.5039714959933612,0.7298017612865889,0,0,1.493812656641604,1.023613564377145,NTF4
GO_Molecular_Function_2023,Insulin-Like Growth Factor Binding (GO:0005520),1/15,0.5039714959933612,0.7298017612865889,0,0,1.493812656641604,1.023613564377145,IGFBP6
GO_Molecular_Function_2023,Potassium Ion Leak Channel Activity (GO:0022841),1/15,0.5039714959933612,0.7298017612865889,0,0,1.493812656641604,1.023613564377145,KCNK3
GO_Molecular_Function_2023,Methyltransferase Activity (GO:0008168),2/37,0.5085588048824164,0.7345849403857126,0,0,1.1950446918613769,0.8080586589937607,PRMT8;INMT
GO_Molecular_Function_2023,Transmembrane Receptor Protein Phosphatase Activity (GO:0019198),1/16,0.5266321397542935,0.7493372734812335,0,0,1.3941520467836257,0.8940041841385655,PTPRB
GO_Molecular_Function_2023,Transmembrane Receptor Protein Tyrosine Phosphatase Activity (GO:0005001),1/16,0.5266321397542935,0.7493372734812335,0,0,1.3941520467836257,0.8940041841385655,PTPRB
GO_Molecular_Function_2023,Wnt Receptor Activity (GO:0042813),1/16,0.5266321397542935,0.7493372734812335,0,0,1.3941520467836257,0.8940041841385655,ROR1
GO_Molecular_Function_2023,Low-Density Lipoprotein Particle Binding (GO:0030169),1/16,0.5266321397542935,0.7493372734812335,0,0,1.3941520467836257,0.8940041841385655,STAB2
GO_Molecular_Function_2023,Phosphatidylinositol Kinase Activity (GO:0052742),1/16,0.5266321397542935,0.7493372734812335,0,0,1.3941520467836257,0.8940041841385655,PIK3C2G
GO_Molecular_Function_2023,Phosphatidylinositol-5-Phosphate Binding (GO:0010314),1/16,0.5266321397542935,0.7493372734812335,0,0,1.3941520467836257,0.8940041841385655,PLCZ1
GO_Molecular_Function_2023,Tau Protein Binding (GO:0048156),2/39,0.5369847053140883,0.7574974307465318,0,0,1.130329011777969,0.7028223780692044,S100B;SNCA
GO_Molecular_Function_2023,RNA Polymerase Binding (GO:0070063),1/17,0.5482586299459163,0.7574974307465318,0,0,1.3069490131578947,0.785487009735076,ZFP36
GO_Molecular_Function_2023,Basic Amino Acid Transmembrane Transporter Activity (GO:0015174),1/17,0.5482586299459163,0.7574974307465318,0,0,1.3069490131578947,0.785487009735076,SLC7A3
GO_Molecular_Function_2023,Cadherin Binding Involved In Cell-Cell Adhesion (GO:0098641),1/17,0.5482586299459163,0.7574974307465318,0,0,1.3069490131578947,0.785487009735076,TRIM29
GO_Molecular_Function_2023,Calcium-Release Channel Activity (GO:0015278),1/17,0.5482586299459163,0.7574974307465318,0,0,1.3069490131578947,0.785487009735076,RYR3
GO_Molecular_Function_2023,Histone Acetyltransferase Binding (GO:0035035),1/17,0.5482586299459163,0.7574974307465318,0,0,1.3069490131578947,0.785487009735076,EGR1
GO_Molecular_Function_2023,Nuclear Retinoic Acid Receptor Binding (GO:0042974),1/17,0.5482586299459163,0.7574974307465318,0,0,1.3069490131578947,0.785487009735076,PPARG
GO_Molecular_Function_2023,Phosphatase Activator Activity (GO:0019211),1/17,0.5482586299459163,0.7574974307465318,0,0,1.3069490131578947,0.785487009735076,BMP2
GO_Molecular_Function_2023,Phosphatidylcholine Transporter Activity (GO:0008525),1/17,0.5482586299459163,0.7574974307465318,0,0,1.3069490131578947,0.785487009735076,ABCB1
GO_Molecular_Function_2023,Phosphatidylinositol 3-Kinase Regulator Activity (GO:0035014),1/17,0.5482586299459163,0.7574974307465318,0,0,1.3069490131578947,0.785487009735076,SOCS3
GO_Molecular_Function_2023,Quaternary Ammonium Group Transmembrane Transporter Activity (GO:0015651),1/17,0.5482586299459163,0.7574974307465318,0,0,1.3069490131578947,0.785487009735076,SLC22A3
GO_Molecular_Function_2023,Solute:Potassium Antiporter Activity (GO:0022821),1/17,0.5482586299459163,0.7574974307465318,0,0,1.3069490131578947,0.785487009735076,SLC17A7
GO_Molecular_Function_2023,Phosphatidylinositol-3-Phosphate Binding (GO:0032266),2/40,0.5507664406899475,0.7591286845172288,0,0,1.100525738055347,0.6564024600582551,JPH2;PLCZ1
GO_Molecular_Function_2023,"DNA-binding Transcription Repressor Activity, RNA Polymerase II-specific (GO:0001227)",11/243,0.554966104817628,0.7630783941242385,0,0,0.9911164844407064,0.5836171970036949,ZEB2;ZBTB16;SNAI2;EN1;PROX1;INSM1;ASCL1;ATF3;FOXP2;TBX18;VSX2
GO_Molecular_Function_2023,Phosphatidylinositol Phosphate Binding (GO:1901981),5/109,0.5597452728101534,0.7678040672599705,0,0,1.0051147915960692,0.5832414465807725,GSDMC;JPH2;PLCZ1;FERMT2;RLBP1
GO_Molecular_Function_2023,GABA-A Receptor Activity (GO:0004890),1/18,0.5688981124507381,0.7692901189641186,0,0,1.2300051599587205,0.6937892383973961,GABRG1
GO_Molecular_Function_2023,Aspartic-Type Endopeptidase Activity (GO:0004190),1/18,0.5688981124507381,0.7692901189641186,0,0,1.2300051599587205,0.6937892383973961,PIP
GO_Molecular_Function_2023,Calcium Activated Cation Channel Activity (GO:0005227),1/18,0.5688981124507381,0.7692901189641186,0,0,1.2300051599587205,0.6937892383973961,KCNMB1
GO_Molecular_Function_2023,Cholesterol Transfer Activity (GO:0120020),1/18,0.5688981124507381,0.7692901189641186,0,0,1.2300051599587205,0.6937892383973961,APOB
GO_Molecular_Function_2023,Hormone Receptor Binding (GO:0051427),1/18,0.5688981124507381,0.7692901189641186,0,0,1.2300051599587205,0.6937892383973961,LEP
GO_Molecular_Function_2023,"Oxidoreductase Activity, Acting On The CH-CH Group Of Donors, NAD Or NADP As Acceptor (GO:0016628)",1/18,0.5688981124507381,0.7692901189641186,0,0,1.2300051599587205,0.6937892383973961,AKR1C2
GO_Molecular_Function_2023,Lipase Activity (GO:0016298),2/42,0.5774525022081153,0.7771831323836281,0,0,1.0453896816684962,0.574053881691516,LIPE;CES1
GO_Molecular_Function_2023,Promoter-Specific Chromatin Binding (GO:1990841),2/42,0.5774525022081153,0.7771831323836281,0,0,1.0453896816684962,0.574053881691516,EGR1;KLF4
GO_Molecular_Function_2023,Sterol Transfer Activity (GO:0120015),1/19,0.5885955857589423,0.7829690117537559,0,0,1.1616106237816763,0.615672149896405,APOB
GO_Molecular_Function_2023,UDP-galactosyltransferase Activity (GO:0035250),1/19,0.5885955857589423,0.7829690117537559,0,0,1.1616106237816763,0.615672149896405,B3GALT1
GO_Molecular_Function_2023,Cysteine-Type Endopeptidase Inhibitor Activity Involved In Apoptotic Process (GO:0043027),1/19,0.5885955857589423,0.7829690117537559,0,0,1.1616106237816763,0.615672149896405,SNCA
GO_Molecular_Function_2023,Histone Methyltransferase Activity (GO:0042054),1/19,0.5885955857589423,0.7829690117537559,0,0,1.1616106237816763,0.615672149896405,PRMT8
GO_Molecular_Function_2023,Microtubule Plus-End Binding (GO:0051010),1/19,0.5885955857589423,0.7829690117537559,0,0,1.1616106237816763,0.615672149896405,DST
GO_Molecular_Function_2023,RNA Polymerase II Cis-Regulatory Region Sequence-Specific DNA Binding (GO:0000978),50/1122,0.5926662886778261,0.7865547961107111,0,0,0.9736406322962246,0.5093345770348973,RORB;HIF3A;MEOX2;MEOX1;BACH2;SOX2;ZNF729;SOX17;HOXA7;SOX7;TP63;HOXA5;ZNF366;EMX2;EBF1;PAX3;EN1;EBF2;FOS;PROX1;SOX10;KLF15;FOXP2;ZEB2;TAL1;PPARG;ERG;ATF3;CREB5;BHLHE22;ASCL1;FOXO1;ATOH8;EGR1;EGR2;EGR3;PRRX1;IRX6;DMRT2;ZBTB16;KLF4;TBX18;MLXIPL;TBX15;NR4A1;NR4A3;WT1;SNAI2;FOSB;INSM1
GO_Molecular_Function_2023,Calcium Channel Activity (GO:0005262),4/91,0.6016027410810357,0.7914108601195132,0,0,0.9610156417940644,0.4883477384891744,TRPM1;CACHD1;TRPM6;TRPM3
GO_Molecular_Function_2023,Signaling Receptor Complex Adaptor Activity (GO:0030159),2/44,0.6029585633835826,0.7914108601195132,0,0,0.9955046782708692,0.5036325882160662,ROPN1B;SORBS1
GO_Molecular_Function_2023,WW Domain Binding (GO:0050699),1/20,0.6073939992875285,0.7914108601195132,0,0,1.100415512465374,0.5486425315478238,TP63
GO_Molecular_Function_2023,Actinin Binding (GO:0042805),1/20,0.6073939992875285,0.7914108601195132,0,0,1.100415512465374,0.5486425315478238,PPARG
GO_Molecular_Function_2023,acyl-CoA Hydrolase Activity (GO:0047617),1/20,0.6073939992875285,0.7914108601195132,0,0,1.100415512465374,0.5486425315478238,ABCD2
GO_Molecular_Function_2023,Cysteine-Type Endopeptidase Activator Activity Involved In Apoptotic Process (GO:0008656),1/20,0.6073939992875285,0.7914108601195132,0,0,1.100415512465374,0.5486425315478238,CTSK
GO_Molecular_Function_2023,Phosphatidylinositol Phospholipase C Activity (GO:0004435),1/20,0.6073939992875285,0.7914108601195132,0,0,1.100415512465374,0.5486425315478238,PLCZ1
GO_Molecular_Function_2023,Solute:Proton Symporter Activity (GO:0015295),1/20,0.6073939992875285,0.7914108601195132,0,0,1.100415512465374,0.5486425315478238,SLC15A1
GO_Molecular_Function_2023,GABA Receptor Activity (GO:0016917),1/21,0.6253343461850606,0.8092562127100784,0,0,1.0453399122807017,0.4907544934306312,GABRG1
GO_Molecular_Function_2023,Lysophospholipase Activity (GO:0004622),1/21,0.6253343461850606,0.8092562127100784,0,0,1.0453399122807017,0.4907544934306312,ENPP2
GO_Molecular_Function_2023,Metal Cation:Proton Antiporter Activity (GO:0051139),1/21,0.6253343461850606,0.8092562127100784,0,0,1.0453399122807017,0.4907544934306312,SLC17A7
GO_Molecular_Function_2023,Bicarbonate Transmembrane Transporter Activity (GO:0015106),1/22,0.6424557524032134,0.8221134012855438,0,0,0.9955096073517126,0.4404705252864168,SLC39A12
GO_Molecular_Function_2023,Low-Density Lipoprotein Particle Receptor Binding (GO:0050750),1/22,0.6424557524032134,0.8221134012855438,0,0,0.9955096073517126,0.4404705252864168,APOB
GO_Molecular_Function_2023,Phosphatase Inhibitor Activity (GO:0019212),1/22,0.6424557524032134,0.8221134012855438,0,0,0.9955096073517126,0.4404705252864168,PTN
GO_Molecular_Function_2023,poly(U) RNA Binding (GO:0008266),1/22,0.6424557524032134,0.8221134012855438,0,0,0.9955096073517126,0.4404705252864168,RBMS3
GO_Molecular_Function_2023,Protein Kinase A Regulatory Subunit Binding (GO:0034237),1/22,0.6424557524032134,0.8221134012855438,0,0,0.9955096073517126,0.4404705252864168,AKAP6
GO_Molecular_Function_2023,Acetylation-Dependent Protein Binding (GO:0140033),1/23,0.6587955618113952,0.8300243642205244,0,0,0.9502093301435408,0.3965622788687317,BRDT
GO_Molecular_Function_2023,Disordered Domain Specific Binding (GO:0097718),1/23,0.6587955618113952,0.8300243642205244,0,0,0.9502093301435408,0.3965622788687317,KCNA1
GO_Molecular_Function_2023,Lysine-Acetylated Histone Binding (GO:0070577),1/23,0.6587955618113952,0.8300243642205244,0,0,0.9502093301435408,0.3965622788687317,BRDT
GO_Molecular_Function_2023,Mitogen-Activated Protein Kinase Binding (GO:0051019),1/23,0.6587955618113952,0.8300243642205244,0,0,0.9502093301435408,0.3965622788687317,DUSP1
GO_Molecular_Function_2023,Phospholipase C Activity (GO:0004629),1/23,0.6587955618113952,0.8300243642205244,0,0,0.9502093301435408,0.3965622788687317,PLCZ1
GO_Molecular_Function_2023,Protein Phosphatase 2A Binding (GO:0051721),1/23,0.6587955618113952,0.8300243642205244,0,0,0.9502093301435408,0.3965622788687317,FOXO1
GO_Molecular_Function_2023,Protein-Cysteine S-palmitoyltransferase Activity (GO:0019706),1/23,0.6587955618113952,0.8300243642205244,0,0,0.9502093301435408,0.3965622788687317,ZDHHC22
GO_Molecular_Function_2023,Ligand-Gated Monoatomic Cation Channel Activity (GO:0099094),3/75,0.6716745786672119,0.8404155698537388,0,0,0.8706501831501832,0.3465025036505664,KCNJ16;ASIC2;KCNJ3
GO_Molecular_Function_2023,S-adenosylmethionine-dependent Methyltransferase Activity (GO:0008757),2/50,0.6724230629581884,0.8404155698537388,0,0,0.8707921697768021,0.345589179860501,PRMT8;INMT
GO_Molecular_Function_2023,Cholesterol Binding (GO:0015485),2/50,0.6724230629581884,0.8404155698537388,0,0,0.8707921697768021,0.345589179860501,CAV1;SYP
GO_Molecular_Function_2023,SUMO Transferase Activity (GO:0019789),1/24,0.6743894170679476,0.8404155698537388,0,0,0.9088482074752098,0.3580385380933838,EGR2
GO_Molecular_Function_2023,"Phosphatidylinositol-3,5-Bisphosphate Binding (GO:0080025)",1/24,0.6743894170679476,0.8404155698537388,0,0,0.9088482074752098,0.3580385380933838,JPH2
GO_Molecular_Function_2023,Protein Tyrosine Phosphatase Activity (GO:0004725),3/76,0.680402478758311,0.8460656909777258,0,0,0.8586783079933765,0.3306519218586347,PTPRB;DUSP1;PTPN14
GO_Molecular_Function_2023,poly(A) Binding (GO:0008143),1/25,0.689271337289838,0.8533835604540853,0,0,0.8709338450292398,0.3240921395673428,RBMS3
GO_Molecular_Function_2023,Poly-Pyrimidine Tract Binding (GO:0008187),1/25,0.689271337289838,0.8533835604540853,0,0,0.8709338450292398,0.3240921395673428,RBMS3
GO_Molecular_Function_2023,Cis-Regulatory Region Sequence-Specific DNA Binding (GO:0000987),47/1098,0.7000433818561942,0.8613656554194581,0,0,0.9313597739313488,0.3321349767768607,RORB;HIF3A;ASCL1;MEOX2;MEOX1;FOXO1;BACH2;SOX2;ZNF729;SOX17;HOXA7;SOX7;TP63;HOXA5;ZNF366;EGR1;EMX2;EGR2;EGR3;PRRX1;IRX6;DMRT2;ZBTB16;EBF1;PAX3;EN1;EBF2;FOS;PROX1;KLF4;SOX10;KLF15;FOXP2;TBX18;MLXIPL;TBX15;NR4A1;ZEB2;NR4A3;WT1;TAL1;SNAI2;FOSB;PPARG;ERG;INSM1;ATF3
GO_Molecular_Function_2023,NAD Binding (GO:0051287),1/26,0.70347379156627,0.8613656554194581,0,0,0.8360526315789474,0.2940603254686033,ALDH1A1
GO_Molecular_Function_2023,Neuropeptide Activity (GO:0160041),1/26,0.70347379156627,0.8613656554194581,0,0,0.8360526315789474,0.2940603254686033,SPX
GO_Molecular_Function_2023,Neuropeptide Hormone Activity (GO:0005184),1/26,0.70347379156627,0.8613656554194581,0,0,0.8360526315789474,0.2940603254686033,SPX
GO_Molecular_Function_2023,Protein Serine/Threonine/Tyrosine Kinase Activity (GO:0004712),1/26,0.70347379156627,0.8613656554194581,0,0,0.8360526315789474,0.2940603254686033,PAK3
GO_Molecular_Function_2023,Carboxylic Ester Hydrolase Activity (GO:0052689),4/104,0.7047537180704656,0.8613656554194581,0,0,0.8355115511551156,0.2923512344474832,LIPE;ENPP2;RPE65;CES1
GO_Molecular_Function_2023,N-methyltransferase Activity (GO:0008170),1/27,0.7170277699756507,0.8707853172528072,0,0,0.8038545883940621,0.2673947596886709,INMT
GO_Molecular_Function_2023,Carboxy-Lyase Activity (GO:0016831),1/27,0.7170277699756507,0.8707853172528072,0,0,0.8038545883940621,0.2673947596886709,URAD
GO_Molecular_Function_2023,Palmitoyltransferase Activity (GO:0016409),1/27,0.7170277699756507,0.8707853172528072,0,0,0.8038545883940621,0.2673947596886709,ZDHHC22
GO_Molecular_Function_2023,Glutathione Transferase Activity (GO:0004364),1/28,0.7299628504227159,0.8828933167452225,0,0,0.7740415854450943,0.2436385957408227,GSTM5
GO_Molecular_Function_2023,RNA Polymerase II Transcription Regulatory Region Sequence-Specific DNA Binding (GO:0000977),52/1225,0.7300848580777802,0.8828933167452225,0,0,0.9223478716336304,0.2901655745616871,TCF23;RORB;HIF3A;MEOX2;MEOX1;BACH2;SOX2;ZNF729;SOX17;HOXA7;SOX7;TP63;HOXA5;ZNF366;EMX2;EBF1;PAX3;EN1;EBF2;FOS;PROX1;SOX10;KLF15;FOXP2;ZEB2;TAL1;PPARG;ERG;ATF3;TWIST2;ASCL1;FOXO1;PLAGL1;ALX4;EGR1;EGR2;EGR3;PRRX1;IRX6;DMRT2;ZBTB16;KLF4;TBX18;MLXIPL;TBX15;NR4A1;NR4A3;WT1;SNAI2;FOSB;INSM1;VSX2
GO_Molecular_Function_2023,Iron Ion Binding (GO:0005506),2/56,0.7316913996899181,0.8829693684021797,0,0,0.7737935520591942,0.2417303502122176,CDO1;SNCA
GO_Molecular_Function_2023,Acylglycerol O-acyltransferase Activity (GO:0016411),1/29,0.7423072633459897,0.8901462361297823,0,0,0.746358082706767,0.2224087526991735,DGAT2
GO_Molecular_Function_2023,"Hydrolase Activity, Hydrolyzing O-glycosyl Compounds (GO:0004553)",1/29,0.7423072633459897,0.8901462361297823,0,0,0.746358082706767,0.2224087526991735,HPSE2
GO_Molecular_Function_2023,miRNA Binding (GO:0035198),1/29,0.7423072633459897,0.8901462361297823,0,0,0.746358082706767,0.2224087526991735,SOX2
GO_Molecular_Function_2023,Nuclease Activity (GO:0004518),2/58,0.7493172294788137,0.8966725005478691,0,0,0.7460796612827348,0.2153132541178261,RNASE7;DNASE1L3
GO_Molecular_Function_2023,Sterol Binding (GO:0032934),2/59,0.7577507736538023,0.904871487536482,0,0,0.7329520288096751,0.2033214366836606,CAV1;SYP
GO_Molecular_Function_2023,O-acyltransferase Activity (GO:0008374),1/31,0.7653306343930274,0.9070733316894886,0,0,0.6965277777777777,0.1862844991090801,GPAM
GO_Molecular_Function_2023,Kinesin Binding (GO:0019894),1/31,0.7653306343930274,0.9070733316894886,0,0,0.6965277777777777,0.1862844991090801,SNCA
GO_Molecular_Function_2023,Poly-Purine Tract Binding (GO:0070717),1/31,0.7653306343930274,0.9070733316894886,0,0,0.6965277777777777,0.1862844991090801,RBMS3
GO_Molecular_Function_2023,Secondary Active Transmembrane Transporter Activity (GO:0015291),2/60,0.7659377958147254,0.9070733316894886,0,0,0.720277073318445,0.1920649925110142,SLC2A12;SLC16A7
GO_Molecular_Function_2023,Protein Kinase Activator Activity (GO:0030295),3/88,0.7718605723155418,0.909643926146191,0,0,0.7369877181641887,0.1908439653460944,SPRY2;NRG1;CD36
GO_Molecular_Function_2023,Nuclear Receptor Binding (GO:0016922),4/115,0.7757396736260714,0.909643926146191,0,0,0.7522770295047523,0.1910319403825965,NR4A1;NR4A3;PROX1;ZNF366
GO_Molecular_Function_2023,Ubiquitin-Like Protein Peptidase Activity (GO:0019783),1/32,0.7760598530757713,0.909643926146191,0,0,0.6740237691001698,0.1708823017212991,USP44
GO_Molecular_Function_2023,Monocarboxylic Acid Transmembrane Transporter Activity (GO:0008028),1/32,0.7760598530757713,0.909643926146191,0,0,0.6740237691001698,0.1708823017212991,SLC16A7
GO_Molecular_Function_2023,Protein Serine/Threonine Kinase Inhibitor Activity (GO:0030291),1/32,0.7760598530757713,0.909643926146191,0,0,0.6740237691001698,0.1708823017212991,SPRY2
GO_Molecular_Function_2023,Telomeric DNA Binding (GO:0042162),1/33,0.7862990343164422,0.9178837706714388,0,0,0.6529262609649122,0.1569752964041608,STON1
GO_Molecular_Function_2023,Frizzled Binding (GO:0005109),1/33,0.7862990343164422,0.9178837706714388,0,0,0.6529262609649122,0.1569752964041608,SFRP1
GO_Molecular_Function_2023,Hsp70 Protein Binding (GO:0030544),1/34,0.7960705362260159,0.9236355917267364,0,0,0.6331073896863371,0.1443912092867668,SNCA
GO_Molecular_Function_2023,Nuclear Estrogen Receptor Binding (GO:0030331),1/34,0.7960705362260159,0.9236355917267364,0,0,0.6331073896863371,0.1443912092867668,ZNF366
GO_Molecular_Function_2023,Solute:Sodium Symporter Activity (GO:0015370),1/34,0.7960705362260159,0.9236355917267364,0,0,0.6331073896863371,0.1443912092867668,SLC17A7
GO_Molecular_Function_2023,mRNA 3'-UTR Binding (GO:0003730),3/93,0.8031007448993224,0.9269342840698952,0,0,0.6958608058608059,0.1525849563211933,ZFP36;CELF2;RBMS3
GO_Molecular_Function_2023,NADP Binding (GO:0050661),1/35,0.8053956978719196,0.9269342840698952,0,0,0.614454334365325,0.1329811730781999,HSD11B1
GO_Molecular_Function_2023,Core Promoter Sequence-Specific DNA Binding (GO:0001046),1/35,0.8053956978719196,0.9269342840698952,0,0,0.614454334365325,0.1329811730781999,FOS
GO_Molecular_Function_2023,Ion Channel Inhibitor Activity (GO:0008200),1/35,0.8053956978719196,0.9269342840698952,0,0,0.614454334365325,0.1329811730781999,SCN3B
GO_Molecular_Function_2023,Amino Acid Binding (GO:0016597),1/36,0.814294885769992,0.9334201897002714,0,0,0.5968671679197995,0.1226160404436534,GRIN2B
GO_Molecular_Function_2023,Non-Membrane Spanning Protein Tyrosine Kinase Activity (GO:0004715),1/36,0.814294885769992,0.9334201897002714,0,0,0.5968671679197995,0.1226160404436534,BMX
GO_Molecular_Function_2023,Calcium Channel Regulator Activity (GO:0005246),1/37,0.8227875379002507,0.9412689433578868,0,0,0.5802570662768031,0.1131833576694466,GEM
GO_Molecular_Function_2023,Sulfotransferase Activity (GO:0008146),1/38,0.8308922063701717,0.9467536694098372,0,0,0.5645448079658606,0.1045848658813996,CHST3
GO_Molecular_Function_2023,Alpha-Tubulin Binding (GO:0043014),1/38,0.8308922063701717,0.9467536694098372,0,0,0.5645448079658606,0.1045848658813996,SNCA
GO_Molecular_Function_2023,Transcription Coregulator Binding (GO:0001221),3/99,0.8357639803411686,0.9504115243641122,0,0,0.6521634615384615,0.1170040113774103,ZBTB16;PPARG;FOS
GO_Molecular_Function_2023,Phosphotyrosine Residue Binding (GO:0001784),1/39,0.8386265974020537,0.9517746303848704,0,0,0.5496595106186519,0.0967344279388906,SHE
GO_Molecular_Function_2023,Magnesium Ion Binding (GO:0000287),5/155,0.8411452609562299,0.95274275102369,0,0,0.6951908957415566,0.1202617055656977,PDE2A;PCK1;GEM;DDR2;SNCA
GO_Molecular_Function_2023,Acetylglucosaminyltransferase Activity (GO:0008375),1/40,0.8460076102300123,0.956356428955666,0,0,0.5355375618533513,0.0895562990869809,EXTL1
GO_Molecular_Function_2023,2-Oxoglutarate-Dependent Dioxygenase Activity (GO:0016706),1/41,0.8530513734395274,0.9605224126130112,0,0,0.5221217105263158,0.08298367853202,BBOX1
GO_Molecular_Function_2023,Signal Sequence Binding (GO:0005048),1/41,0.8530513734395274,0.9605224126130112,0,0,0.5221217105263158,0.08298367853202,KCNIP2
GO_Molecular_Function_2023,Transcription Corepressor Binding (GO:0001222),1/42,0.8597732802124981,0.9642947378069586,0,0,0.5093602909713307,0.0769574901651572,ZBTB16
GO_Molecular_Function_2023,Regulatory RNA Binding (GO:0061980),1/42,0.8597732802124981,0.9642947378069586,0,0,0.5093602909713307,0.0769574901651572,SOX2
GO_Molecular_Function_2023,Single-Stranded RNA Binding (GO:0003727),1/43,0.8661880221285825,0.9695708260342945,0,0,0.4972065580618212,0.0714253520896451,ZFR2
GO_Molecular_Function_2023,Cysteine-Type Endopeptidase Activity (GO:0004197),3/106,0.8678675925341935,0.9695708260342945,0,0,0.6076176250933533,0.0861092117377791,SFRP1;CAPN11;CTSK
GO_Molecular_Function_2023,"Phosphotransferase Activity, Alcohol Group As Acceptor (GO:0016773)",2/77,0.8722518483185374,0.9725693123551724,0,0,0.5565166483717526,0.0760630704116616,PIK3C2G;DGKI
GO_Molecular_Function_2023,Protein Phosphorylated Amino Acid Binding (GO:0045309),1/45,0.8781514577392703,0.9753449200521604,0,0,0.4745564194577352,0.0616620564556643,SHE
GO_Molecular_Function_2023,Proton Transmembrane Transporter Activity (GO:0015078),1/45,0.8781514577392703,0.9753449200521604,0,0,0.4745564194577352,0.0616620564556643,OTOP1
GO_Molecular_Function_2023,Exonuclease Activity (GO:0004527),1/46,0.8837263055461525,0.9758522138463306,0,0,0.4639863547758284,0.0573523665976633,ENPP2
GO_Molecular_Function_2023,Hydro-Lyase Activity (GO:0016836),1/46,0.8837263055461525,0.9758522138463306,0,0,0.4639863547758284,0.0573523665976633,CA4
GO_Molecular_Function_2023,rRNA Binding (GO:0019843),1/46,0.8837263055461525,0.9758522138463306,0,0,0.4639863547758284,0.0573523665976633,CAVIN1
GO_Molecular_Function_2023,Calcium-Dependent Phospholipid Binding (GO:0005544),1/47,0.8890463533082549,0.9798352872684428,0,0,0.4538758581235698,0.0533784805409181,SYT8
GO_Molecular_Function_2023,Manganese Ion Binding (GO:0030145),1/48,0.8941232345418754,0.983535557996063,0,0,0.4441955953714072,0.049710669580871,PCK1
GO_Molecular_Function_2023,Phosphatase Activity (GO:0016791),2/83,0.8976548178609294,0.9850761031912308,0,0,0.5151305714789066,0.0556184801206503,NT5E;CILP
GO_Molecular_Function_2023,Pyrophosphatase Activity (GO:0016462),1/49,0.8989680522129765,0.9850761031912308,0,0,0.4349186769005848,0.0463222237004242,CILP
GO_Molecular_Function_2023,Nuclear Receptor Coactivator Activity (GO:0030374),1/50,0.9035914026695848,0.9882491057877676,0,0,0.4260204081632653,0.0431891007579537,FGF2
GO_Molecular_Function_2023,Guanyl-Nucleotide Exchange Factor Activity (GO:0005085),6/203,0.906012133570797,0.9890056114551448,0,0,0.6343218844967792,0.062609206909693,PREX2;P2RY12;DOCK11;RASGRF2;RGL1;SLC6A2
GO_Molecular_Function_2023,Phosphoric Ester Hydrolase Activity (GO:0042578),1/52,0.9122136933010334,0.993878538225126,0,0,0.4092707258341933,0.0376042050029235,PLCXD3
GO_Molecular_Function_2023,GTPase Activator Activity (GO:0005096),6/211,0.9235483817024276,0.9999953487767658,0,0,0.609309705004437,0.0484596750372158,PREX2;RGS2;ARHGAP20;ALDH1A1;HTR2B;ARHGAP28
GO_Molecular_Function_2023,Protein Serine/Threonine Phosphatase Activity (GO:0004722),1/55,0.9237243954239772,0.9999953487767658,0,0,0.386472547108512,0.0306633213291298,DUSP1
GO_Molecular_Function_2023,"Hydrolase Activity, Acting On Carbon-Nitrogen (But Not Peptide) Bonds, In Linear Amides (GO:0016811)",1/56,0.9272158882158934,0.9999953487767658,0,0,0.3794258373205741,0.0286727747211987,ASPA
GO_Molecular_Function_2023,Protein Serine/Threonine Kinase Activator Activity (GO:0043539),1/56,0.9272158882158934,0.9999953487767658,0,0,0.3794258373205741,0.0286727747211987,SPRY2
GO_Molecular_Function_2023,SH3 Domain Binding (GO:0017124),1/59,0.9367612473422928,0.9999953487767658,0,0,0.3597436479128856,0.0235009137891643,ADAM12
GO_Molecular_Function_2023,Single-Stranded DNA Binding (GO:0003697),2/96,0.93740370578053,0.9999953487767658,0,0,0.4435854917439334,0.0286739163419473,STON1;JCHAIN
GO_Molecular_Function_2023,DNA Binding (GO:0003677),30/846,0.9419896921568308,0.9999953487767658,0,0,0.760733795216841,0.0454621719975237,CSRNP3;TSHZ2;STON1;MEOX2;MEOX1;FOXO1;JCHAIN;SOX2;PLAGL1;ALX4;HOXA7;TP63;HOXA5;EGR1;EGR2;ZBTB16;PAX3;PROX1;SOX10;FOXP2;MLXIPL;NR4A1;NR4A3;WT1;SNAI2;FOSB;PPARG;ERG;INSM1;DNASE1L3
GO_Molecular_Function_2023,Protein Phosphatase Regulator Activity (GO:0019888),1/61,0.942419417383674,0.9999953487767658,0,0,0.3477156432748538,0.0206212282787273,PTN
GO_Molecular_Function_2023,Histone Deacetylase Binding (GO:0042826),2/99,0.94422488176434,0.9999953487767658,0,0,0.4297984541740695,0.0246665282694225,TAL1;INSM1
GO_Molecular_Function_2023,PDZ Domain Binding (GO:0030165),1/62,0.9450559174414562,0.9999953487767658,0,0,0.3419974115616911,0.0193266777436885,SLC22A12
GO_Molecular_Function_2023,Guanyl Ribonucleotide Binding (GO:0032561),6/226,0.9488302816823132,0.9999953487767658,0,0,0.5673148240954194,0.0297984014573965,PDE11A;PDE2A;RHOJ;CNGA1;PCK1;GEM
GO_Molecular_Function_2023,"Acyltransferase Activity, Transferring Groups Other Than Amino-Acyl Groups (GO:0016747)",1/64,0.9499726311704833,0.9999953487767658,0,0,0.3311055416318574,0.016993033074649,GLYAT
GO_Molecular_Function_2023,Protein Kinase Regulator Activity (GO:0019887),2/103,0.9522256358670124,0.9999953487767658,0,0,0.4126897870906739,0.0202025103677394,SOCS3;SNCA
GO_Molecular_Function_2023,Double-Stranded RNA Binding (GO:0003725),1/65,0.9522636145504052,0.9999953487767658,0,0,0.3259148848684211,0.0159415974646019,ZFR2
GO_Molecular_Function_2023,GTPase Regulator Activity (GO:0030695),13/424,0.9535584498720776,0.9999953487767658,0,0,0.6563611786969451,0.031212964089013,P2RY12;RASGRF2;HTR2B;ARHGAP28;SLC6A2;RUNDC3A;PREX2;DOCK11;RGS2;ARHGAP20;ALDH1A1;SLIT2;RGL1
GO_Molecular_Function_2023,GDP Binding (GO:0019003),1/67,0.9565359406630674,0.9999953487767658,0,0,0.3160054492291334,0.0140423074841846,GEM
GO_Molecular_Function_2023,Ubiquitin-Like Protein Ligase Activity (GO:0061659),9/319,0.957862408291354,0.9999953487767658,0,0,0.60302954610334,0.0259611065425102,C10ORF90;TRIM50;EGR2;NEURL1;DTX1;LONRF3;RNF150;NCCRP1;RNF186
GO_Molecular_Function_2023,Protein Kinase Binding (GO:0019901),16/511,0.9598954906029862,0.9999953487767658,0,0,0.6699593482202177,0.0274220152365782,TSKS;DUSP1;CAVIN2;CAV2;CAV1;PDE3B;ANK2;PTN;PHYHIP;CNKSR2;ACTA2;ZFP36;NR4A3;DACT2;SPRY2;FERMT2
GO_Molecular_Function_2023,RNA Nuclease Activity (GO:0004540),1/70,0.9622389563181638,0.9999953487767658,0,0,0.3022184083396898,0.0116331311488498,RNASE7
GO_Molecular_Function_2023,Cysteine-Type Peptidase Activity (GO:0008234),3/144,0.9628474358016568,0.9999953487767658,0,0,0.4429740472293664,0.0167711328424123,SFRP1;CTSK;USP44
GO_Molecular_Function_2023,Microtubule Binding (GO:0008017),6/239,0.964366808823084,0.9999953487767658,0,0,0.5352929764208753,0.0194223292969855,C10ORF90;KIF19;MAP7D3;DST;CCDC69;STARD9
GO_Molecular_Function_2023,Ubiquitin Protein Ligase Binding (GO:0031625),7/271,0.966713833678412,0.9999953487767658,0,0,0.5508771489731754,0.0186487115862413,NGFR;EGR2;MAP1LC3C;DIO2;DTX1;RNF186;FOXO1
GO_Molecular_Function_2023,Protein Phosphatase Binding (GO:0019903),2/115,0.9701630138877836,0.9999953487767658,0,0,0.3686311842475933,0.0111662684132686,ANK1;FOXO1
GO_Molecular_Function_2023,Phospholipase Activity (GO:0004620),1/77,0.9728058748418028,0.9999953487767658,0,0,0.2742815096952908,0.0075621410865719,ENPP2
GO_Molecular_Function_2023,Ubiquitin Protein Ligase Activity (GO:0061630),8/311,0.975030255855285,0.9999953487767658,0,0,0.5480079499662673,0.0138573547260074,C10ORF90;TRIM50;NEURL1;DTX1;LONRF3;RNF150;NCCRP1;RNF186
GO_Molecular_Function_2023,Chromatin DNA Binding (GO:0031490),1/83,0.9794772341740938,0.9999953487767658,0,0,0.2541318998716303,0.0052697512900007,INSM1
GO_Molecular_Function_2023,Ubiquitin-Like Protein Ligase Binding (GO:0044389),7/289,0.9797580171600992,0.9999953487767658,0,0,0.5152216116355893,0.0105361063048859,NGFR;EGR2;MAP1LC3C;DIO2;DTX1;RNF186;FOXO1
GO_Molecular_Function_2023,Tubulin Binding (GO:0015631),8/322,0.9814198305409276,0.9999953487767658,0,0,0.5285005454481473,0.0099120008560988,C10ORF90;KIF19;MAP7D3;DST;CCDC69;STARD9;NLRP5;SNCA
GO_Molecular_Function_2023,Kinase Binding (GO:0019900),12/460,0.9892648131717104,0.9999953487767658,0,0,0.5541164579039163,0.0059807034317906,TSKS;CNKSR2;ACTA2;ZFP36;GSN;NR4A3;CAV2;CAV1;SPRY2;ANK2;PTN;FERMT2
GO_Molecular_Function_2023,Cysteine-Type Deubiquitinase Activity (GO:0004843),1/98,0.9898492967614748,0.9999953487767658,0,0,0.2146635919696147,0.0021901209534383,USP44
GO_Molecular_Function_2023,Ubiquitin-Protein Transferase Activity (GO:0004842),10/412,0.991835026639408,0.9999953487767658,0,0,0.5147297840807039,0.0042200066365411,C10ORF90;TRIM50;MAGEL2;NEURL1;DTX1;LONRF3;RNF150;KLHL13;NCCRP1;RNF186
GO_Molecular_Function_2023,GTPase Activity (GO:0003924),5/265,0.9940275141883756,0.9999953487767658,0,0,0.3987419518807184,0.0023886207735224,RGS2;GNAL;RHOJ;GNG11;GEM
GO_Molecular_Function_2023,Phosphatase Binding (GO:0019902),1/112,0.9947400585790896,0.9999953487767658,0,0,0.18745060850324,0.0009885814455577657,ANK1
GO_Molecular_Function_2023,Ribonucleoside Triphosphate Phosphatase Activity (GO:0017111),5/270,0.9949475782638676,0.9999953487767658,0,0,0.3911146205635442,0.0019810848733294,RGS2;GNAL;RHOJ;GNG11;GEM
GO_Molecular_Function_2023,Deubiquitinase Activity (GO:0101005),1/113,0.9949814029507826,0.9999953487767658,0,0,0.185767152255639,0.0009346377338498518,USP44
GO_Molecular_Function_2023,GTP Binding (GO:0005525),3/201,0.9954167207021138,0.9999953487767658,0,0,0.3145021645021645,0.0014447646746422,RHOJ;PCK1;GEM
GO_Molecular_Function_2023,Ubiquitin-Like Protein Transferase Activity (GO:0019787),4/240,0.9957488276135732,0.9999953487767658,0,0,0.3514944714810464,0.0014974488076752,MAGEL2;NEURL1;KLHL13;RNF186
GO_Molecular_Function_2023,mRNA Binding (GO:0003729),5/282,0.9966341444242366,0.9999953487767658,0,0,0.3739324734808124,0.0012607256032106,ZFP36;CELF2;CELF3;SAMD4A;RBMS3
GO_Molecular_Function_2023,Cadherin Binding (GO:0045296),6/319,0.9969357585218492,0.9999953487767658,0,0,0.396786090436118,0.0012177150370117,CCL13;PTPRB;ANXA1;TRIM29;PKP1;CDH7
GO_Molecular_Function_2023,Adenyl Ribonucleotide Binding (GO:0032559),5/309,0.9986794293965928,0.9999953487767658,0,0,0.3402322919081845,0.0004495976911521224,ABCB1;EPB42;PDE2A;PDK4;SYN2
GO_Molecular_Function_2023,ATP Binding (GO:0005524),4/279,0.9989762296167216,0.9999953487767658,0,0,0.301022102210221,0.000308335372210586,ABCB1;EPB42;PDK4;SYN2
GO_Molecular_Function_2023,Small GTPase Binding (GO:0031267),2/199,0.9990693856073456,0.9999953487767658,0,0,0.2105122390188725,0.0001959969323956812,NGFR;CAV1
GO_Molecular_Function_2023,Protein Serine/Threonine Kinase Activity (GO:0004674),5/342,0.999592690639318,0.9999953487767658,0,0,0.3063765539418815,0.00012481545929238864,ACVR1C;PAK3;SGK2;MYLK;TGFBR2
GO_Molecular_Function_2023,GTPase Binding (GO:0051020),2/225,0.99969256194925,0.9999953487767658,0,0,0.1857122464349529,5.710378943308223e-05,NGFR;CAV1
GO_Molecular_Function_2023,Purine Ribonucleoside Triphosphate Binding (GO:0035639),7/476,0.9999482591008044,0.9999953487767658,0,0,0.3067114757339132,1.5869938114014662e-05,ABCB1;EPB42;RHOJ;PDK4;PCK1;SYN2;GEM
GO_Molecular_Function_2023,RNA Binding (GO:0003723),14/1411,0.9999941170848368,0.9999953487767658,0,0,0.1971967580298797,1.1600952103071813e-06,DMGDH;LRP1;CAVIN1;ZFR2;COL14A1;CELF2;CELF3;SAMD4A;BICC1;DCN;ZFP36;KCTD12;NECTIN3;TNS1
GO_Molecular_Function_2023,Olfactory Receptor Activity (GO:0004984),2/362,0.9999953487767658,0.9999953487767658,0,0,0.1142029515794609,5.311846571343205e-07,OR3A2;OR10A6
