,Alpha_1,Alpha_2,Alpha_3,Alpha_4,Alpha_5,Alpha_6,Alpha_7,Alpha_8,Alpha_9,Alpha_10,Alpha_11,Alpha_12,Alpha_13,Alpha_14,Alpha_15,Alpha_16,Alpha_17,Alpha_18,Alpha_19,Alpha_20,Alpha_21,Alpha_22,Alpha_23,Alpha_24,Alpha_25,Alpha_26,Alpha_27,Alpha_28,Alpha_29,Alpha_30,Alpha_31,Alpha_32,Alpha_33,Alpha_34,Alpha_35,Alpha_36,Alpha_37,Alpha_38,Alpha_39,Alpha_40,Alpha_41,Alpha_42,Alpha_43,Alpha_44,Alpha_45,Alpha_46,Alpha_47,Alpha_48,Alpha_49,Alpha_50,Alpha_51,Alpha_52,Alpha_53,Alpha_54,Alpha_55,Alpha_56,Alpha_57,Alpha_58,Alpha_59,Alpha_60,Alpha_61,Alpha_62,Alpha_63,Alpha_64,Alpha_65,Alpha_66,Alpha_67,Alpha_68,Alpha_69,Alpha_70,Alpha_71,Alpha_72,Alpha_73,Alpha_74,Alpha_75,Alpha_76,Alpha_77,Alpha_78,Alpha_79,Alpha_80,Alpha_81,Alpha_82,Alpha_83,Alpha_84,Alpha_85,Alpha_86,Alpha_87,Alpha_88,Alpha_89,Alpha_90,Alpha_91,Alpha_92,Alpha_93,Alpha_94,Alpha_95,Alpha_96,Alpha_97,Alpha_98,Alpha_99,Alpha_100
ENSG00000121871,0.0,0.0,0.0,0.0,0.0,0.0,0.0,0.0,0.0,0.0,0.0,0.0,0.0,0.0,0.0059690116635474485,0.07293635255927679,0.09875073718541398,0.1149677061729867,0.12716908269135266,0.13691554840289435,0.1452133271694497,0.15194420487195306,0.15739777639907976,0.16283452576883714,0.16855915074638184,0.1737211610177519,0.1784236757061544,0.183361020212313,0.18848221535650508,0.19341087149243752,0.19777433505544784,0.2019630811459919,0.20620693167698134,0.210318378600698,0.21585324778262724,0.22226050467818512,0.2288979567742825,0.23488522245315502,0.24064776145630282,0.246109787369508,0.25148998752077106,0.25816381540669237,0.2651602711701406,0.2722638204634743,0.2781708869819496,0.28429889526509955,0.289869357948047,0.2948253225908595,0.3007465869253592,0.3076288759397481,0.3146790421891871,0.3221712717985652,0.3297409252743336,0.33824529923791974,0.34716571486458453,0.35519822708625787,0.36370287508847754,0.37218802274736434,0.38194447515367175,0.39279644276830994,0.4053161497388679,0.41761654016167754,0.4298072112355553,0.4431247694637065,0.4571445557379959,0.46988319144194796,0.48330471022180044,0.4964998139543863,0.5093538583221274,0.521316180915558,0.5350493403095219,0.5633646226153476,0.5944549219675964,0.6269859431182865,0.6614992132348786,0.6948783022523132,0.721910495440236,0.7466668716864328,0.7675879199068837,0.7857483081816589,0.8023653205110027,0.8238937522269906,0.8473141465748388,0.8769794075725886,0.9143550654695713,0.9439306849520717,0.973537216791664,1.0113052881969382,1.048748647306619,1.0913083153509866,1.133899161242321,1.1781761134310114,1.2240599214939751,1.2705974419114234,1.3122396549736999,1.3571940091075965,1.4014390523453228,1.4450259846913773,1.491157501031429,1.538139119491719
ENSG00000231436,0.0,0.0,0.0,0.0,0.0,0.0,0.0,0.0,0.0,0.0,0.0,0.0,0.0,0.0,0.0,0.0,0.0,0.0,0.0,0.0,0.0,0.0,0.0,0.0,0.0,0.0,0.0,0.0,0.0,0.0,0.0,0.0,0.0,0.0,0.0,0.0,0.0,0.0,0.0,0.0,0.0,0.0,0.0,0.0,0.013901201248241622,0.032924334765084474,0.05340234418295525,0.0743677405403609,0.09304452529985788,0.11437690610484832,0.13760400868364978,0.15898109195152843,0.1786105402770905,0.19874458703831163,0.21301046122643227,0.22535239939409027,0.23912107224089219,0.2595613531200115,0.2874303496829499,0.31746158542789904,0.34845392203867637,0.3797086397358109,0.40903425251866643,0.4308302850065218,0.4469714520973307,0.462183817633449,0.4776208833045228,0.49291514711685086,0.5083704830937904,0.5238093605246059,0.5420880292407599,0.5594091317482418,0.5767315189052108,0.5979172478664418,0.614233096286476,0.6236000282364974,0.627145362939745,0.6254022439470208,0.6219948846442849,0.6187019846842875,0.6141823830791432,0.6031832763219456,0.5839201149784594,0.565491353822217,0.5346540513257738,0.5073805690735134,0.4823645089219455,0.46303745118548906,0.44879618906428015,0.43476609261317817,0.42351581897112334,0.41480592457666876,0.4068347409237248,0.4006719226046201,0.3948509171420793,0.38841467701530724,0.38151956511284807,0.37488431152579205,0.3681386450508088,0.35984202565485035
ENSG00000171951,0.0,0.0,0.0,0.0,0.0,0.0,0.0,0.0,0.0,0.0,0.0,0.0,0.0,0.0,0.0,0.0,0.0,0.0,0.0,0.0,0.0,0.0,0.0,0.0,0.0,0.0,0.0,0.0,0.003333293771326586,0.013749092644861804,0.022625011447997927,0.030318660187864173,0.03691366533065287,0.043184275739220526,0.047700054850682606,0.05124545592490318,0.05127651339450098,0.05055427380248325,0.04960513352879988,0.04754666175321197,0.04400502896317161,0.04059658938064635,0.037601947247287555,0.03568270157592059,0.03445772662038404,0.03444080477802631,0.033756516853471544,0.03712584719086639,0.042522397188137516,0.04945488520196733,0.05640244630867933,0.06356921594914179,0.06833483600959013,0.07215291989260386,0.07544513676248067,0.07797108381729377,0.08128645078955782,0.0860355209823304,0.09204742161331829,0.09776367075219125,0.10312044055598171,0.10889551311997119,0.11599784390829594,0.1239438423467187,0.13149441468600537,0.13978381464684142,0.1475589254040926,0.1562331194975619,0.16915216110840375,0.17822829552868427,0.1856039261389216,0.19402362907908016,0.20407552593922482,0.21551201009447424,0.22139493162560436,0.22349057256346233,0.2242399215353015,0.22635411322985002,0.2279946388828702,0.2314431746078131,0.23312443153265985,0.2327209003228136,0.23244789570819469,0.23216031446965413,0.23096216049306856,0.23111836544790326,0.23247893904662018,0.23350263042281996,0.2345114748220231,0.241327995748064,0.25126518764907885,0.26208128944304754,0.27394772836161946,0.2850123936565898,0.2981055578012765,0.31279521403991933,0.32848645447966773,0.34383893385585945,0.3603215202412554,0.3783752860384205
ENSG00000231421,0.0,0.0,0.0,0.0,0.0,0.0,0.0,0.0,0.0,0.0,0.0,0.0,0.0,0.0,0.0,0.0,0.0,0.0,0.0,0.0,0.0,0.0,0.0,0.0,0.0,0.0,0.0,0.0,0.0,0.0,0.0,0.0,0.0,0.0,0.0,0.0,0.0,0.0,0.0,0.0,0.0,0.0,0.0,0.0,0.0,0.0,0.0,0.0,0.0,0.0,0.0,0.0,0.0,0.0,0.0,0.0,0.0,0.0,0.0,0.0,0.0,0.0,0.0,0.0063082857634565994,0.015882615039679658,0.021932282457819387,0.025519468533093417,0.03128302751295176,0.03681476893971468,0.04257103554900468,0.046488459893481514,0.05023897607264873,0.053409277100296644,0.05713428488171612,0.06334202980043672,0.07275942075174315,0.08223567159656246,0.09186610088183332,0.10235129218251378,0.1125031999088596,0.12112337780171535,0.13058663804229653,0.14014249357649206,0.14894723073479418,0.15544880126279137,0.16045767537065878,0.16818185346879042,0.17660269075515425,0.18535450079772595,0.19642968138528563,0.209324236176884,0.2228436409227277,0.23770666613605854,0.25258873240547064,0.26892641588650307,0.2870307653600916,0.30554093943611027,0.32344269422020455,0.3419148656683962,0.3600817328268437
ENSG00000237242,0.0,0.0,0.0,0.0,0.0,0.0,0.0,0.0,0.0,0.0,0.0,0.0,0.0,0.0,0.0,0.0,0.0,0.0,0.0,0.0,0.0,0.0,0.0,0.0,0.0,0.0,0.0,0.0,0.0,0.0,0.0,0.0,0.0,0.0,0.0,0.0,0.0,0.0,0.0,0.0,0.0,0.0,0.0,0.0,0.0,0.0,0.0,0.0,0.0,0.0,0.0,0.0,0.0,0.0,0.0,0.0,0.0,0.0,0.0,0.0,0.0,0.0,0.0,0.0,0.0,0.0,0.0,0.0,0.0,0.0,0.0,0.0,0.0,0.0,0.0,-0.009253272678581639,-0.016538578346953405,-0.02121145650689741,-0.02336819492006147,-0.024492550171719172,-0.02888396291509902,-0.035298313051758,-0.0428237303444093,-0.05075915211212267,-0.0636217024829396,-0.07569804311717383,-0.08707792487377312,-0.09443482453674813,-0.1012564378669799,-0.10921323112689466,-0.12131944390047857,-0.13040027136008436,-0.13691499961890544,-0.14136846124024913,-0.14860980662812967,-0.15718498069217854,-0.1659364185227461,-0.17450720168478812,-0.18365037577557067,-0.1920257848387607
ENSG00000170279,0.0,0.0,0.0,0.0,0.0,0.0,0.0,0.0,0.0,0.0,0.0,0.0,0.0,0.0,0.0,0.0,0.0,0.0,0.0,0.0,0.0,0.0,0.0,0.0,0.0,0.0,0.0,0.0,0.0,0.0,0.0,0.0,0.0,0.0,0.0,0.0,0.0,0.0,0.0,0.0,0.0,0.0,0.0,0.0,0.0,0.0,0.0,0.0,0.001145119753495393,0.010195790336341277,0.018358399795835534,0.027184559684616152,0.03438729232254153,0.04184747675353822,0.04493094191673944,0.04579719054858429,0.04544545736386539,0.04583436950544698,0.04934069466387398,0.055238843018585525,0.05991090139128363,0.059460731450637884,0.0552181294802251,0.05026536226422075,0.04451675855304643,0.03902191778005559,0.035031230098238546,0.031078986607189434,0.026801955806009588,0.020189334628625304,0.013220354531506284,0.00766889296717081,0.0020838805944825424,0.0,0.0,0.0,0.0,0.0,0.0,0.0,0.0,0.0,0.0,0.0,0.0,0.0,0.0,0.0,0.0,0.0,0.0,0.0,0.0,0.0,0.0,0.0,0.0,0.0,0.0,0.0
ENSG00000254138,0.0,0.0,0.0,0.0,0.0,0.0,0.0,0.0,0.0,0.0,0.0,0.0,0.0,0.0,0.0,0.0,0.0,0.0,0.0,0.0,0.0,0.0,0.0,0.0,0.0,0.0,0.0,0.0,0.0,0.0,0.0,0.0,0.0,0.0,0.0,0.0,0.0,0.0,0.0,0.0,0.0,0.0,0.0,0.0,0.0,0.0,0.0,0.0,0.0,0.0,0.0,0.0,0.0,0.0,0.0,0.0,0.0,0.0,0.0,0.0,0.0,0.0,0.0,0.0,0.0,0.0,0.0,0.0,0.0,0.0,0.0,0.0,0.0,0.0,0.0,0.0,0.0,0.0,0.0,0.0,0.0,0.0,0.0,0.0,0.0,-0.0003096365546847362,-0.002351256059085907,-0.008121160724854287,-0.017009946167130013,-0.028924088115931362,-0.03926147034940409,-0.04893935855936625,-0.057526246927540485,-0.06345420021122533,-0.0670991881106006,-0.07034314862660603,-0.0724984198758734,-0.07457811174988002,-0.07689704905170433,-0.07990266615769104
ENSG00000186075,0.0,0.0,0.0,0.0,0.0,0.0,0.0,0.0,0.0,0.0,0.0,0.0,0.0,0.0,0.0,0.0,0.0,0.0,0.0,0.0,0.0,0.0,0.0,0.0,0.0,0.0,0.0,0.0,0.0,0.0,0.0,0.0,0.0,0.0,0.0,0.0,0.0,0.0,0.0,0.0,0.0,0.0,0.0,0.0,0.0,0.0,0.0,0.0,0.0,0.0,0.0,0.0,0.0,0.0,0.0,0.0,0.0,0.0,0.0,0.0,0.0,0.0,0.0,0.0,0.0,0.0,0.0,0.0,0.0,0.0,0.0,0.0,0.0,0.0,0.0,0.0,0.0,0.0,0.0,0.0,0.0,0.0,0.0,0.0,0.0,0.0,0.0,0.0,0.0,0.0,0.0,0.0,0.0,1.9760354363608858e-05,6.009505388237226e-05,8.422403363690396e-05,9.78467741231662e-05,0.0001650294034647626,0.0015533387237170282,0.0019276131945462833
ENSG00000213958,0.0,0.0,0.0,0.0,0.0,0.0,0.0,0.0,0.0,0.0,0.0,0.0,0.0,0.0,0.0,0.0,0.0,0.0,0.0,0.0,0.0,0.0,0.020524195748727103,0.03422002545285369,0.04506038548799826,0.054367050596769405,0.062484178682318633,0.06983420267988417,0.07711777643458706,0.08402648394781974,0.088482726211166,0.09261042350755057,0.09642935245290785,0.09962992772420286,0.1028631584596842,0.10599048194048208,0.10878751759302667,0.1114877752000683,0.11417316668731278,0.11681105401717913,0.11895750427877377,0.12047245144118744,0.12224454505543868,0.12351675974941496,0.12435603962575233,0.12558180291809695,0.12717327856887603,0.12913206831053992,0.1310987598914087,0.13338483409497298,0.13576630699944664,0.1381200715759445,0.14058945926948768,0.14291413235302067,0.14521530114305184,0.14757127755394708,0.15001194244688332,0.15279595026202927,0.15599560260124654,0.15877060228348383,0.1613825354606626,0.1639944861022342,0.16647054504947228,0.16870572273119697,0.17112798379232108,0.17469832749872594,0.17875922569370914,0.18277357094103083,0.18634472387570833,0.18964461358751963,0.19342908205403697,0.1973882570512258,0.2015098572617554,0.20609657441986562,0.21080156273512896,0.21531779558309705,0.21997552897732123,0.22526998969367357,0.2304710191496159,0.23627278402268814,0.24184197389316692,0.24786085908629124,0.2545556098855706,0.2625398021214261,0.2714919915182193,0.2796132416729695,0.28773394823908605,0.29626350737111695,0.3048083846539218,0.31507986738679583,0.3252680398576467,0.33545377333363297,0.34633593358507786,0.35779706742536205,0.3687567915227144,0.3808165408673461,0.3937458941106827,0.40627620108454915,0.4192194576051643,0.4316111344036635
ENSG00000205420,0.0,0.0,0.0,0.0,0.0,0.0,0.0,0.0,0.0,0.0,0.0,0.0,0.0,0.0,0.0,0.0,0.0,0.0,0.0,0.0,0.0,0.0,0.0,0.0,0.0,0.0,0.0,0.0,0.0,0.0,0.0,0.0,0.0,0.0,0.0,0.0,0.0,0.0,0.0,0.0,0.0,0.0,0.0,0.0,0.0,0.0,0.0,0.0,0.0,0.0,0.0,0.0,0.0,0.0,0.0,0.0,0.0,0.0,0.0,0.0,0.0,0.0,0.0,0.0,0.0,0.0,0.0,6.360310255131474e-07,5.614159006752635e-05,0.0013769382799152896,0.0034077384762249883,0.0037460531593833135,0.006881500187260961,0.011095476605088254,0.013381047170986983,0.015290215804263414,0.015274915862476559,0.01658230139300282,0.02176587789026962,0.02805761330783794,0.03167098001788344,0.033886065066753256,0.03686099570186153,0.03791291385326083,0.0375055239396632,0.03680888037723878,0.03257831005760172,0.029781285867210336,0.027234678212503596,0.02744858089390556,0.02857282963696312,0.030326418274833823,0.03280408768631934,0.03816984562500081,0.04397723704851121,0.051182860669367995,0.05870475084045234,0.06625587839381795,0.07340289304982198,0.07897742696104416
ENSG00000229642,0.0,0.0,0.0,0.0,0.0,0.0,0.0,0.0,0.0,0.0,0.0,0.0,0.0,0.0,0.0,0.0,0.0,0.0,0.0,0.0,0.0,0.0,0.0,0.0,0.0,0.00016856821636865158,0.0018516023473132393,0.0028327628088278913,0.004002311094414783,0.004966024061567484,0.006047435950984688,0.007094482893322659,0.008212426034854631,0.009770270212219571,0.011470227951495632,0.012254449084738139,0.01269180141468575,0.013622209595978475,0.014672987523895446,0.01563967391369935,0.01584754414847679,0.014940877474889496,0.013148837414630361,0.009816502593017447,0.004057053456886675,0.0,0.0,0.0,0.0,0.0,0.0,0.0,0.0,0.0,0.0,0.0,0.0,0.0,0.0,0.0,0.0,0.0,0.0,0.0,0.0,0.0,0.0,0.0,0.0,0.0,0.0,0.0,0.0,0.0,0.0,0.0,0.0,0.0,0.0,0.0,0.0,0.0,0.0,0.0,0.0,0.0,0.0,0.0,0.0,-0.00282717895991481,-0.010070355002930912,-0.018482698412342013,-0.028818178749371225,-0.03953721043331463,-0.0480412194845991,-0.057124059866764734,-0.06821423430360021,-0.0793633970230334,-0.09038791265277533,-0.10080997717093143
ENSG00000272783,0.0,0.0,0.0,0.0,0.0,0.0,0.0,0.0,0.0,0.0,0.0,0.0,0.0,0.0,0.0,0.0,0.0,0.0,0.0,0.0,0.0,0.0,0.0,0.0,0.0,0.0,0.0,0.0,0.0,0.0,0.0,0.0,0.0,0.0,0.0,0.0,0.0,0.0,0.0,0.0,0.0,0.0,0.0,0.0,0.0,0.0,0.0,0.0,0.0,0.0,0.0,0.0,0.0,0.0,0.0,0.0,0.0,0.0,0.0,0.0,0.0,0.0,0.0,0.0,0.0,0.0,0.0,0.0,0.0,0.0,0.0,0.0,0.0,0.0,0.0,0.0,0.0,0.0,0.0,0.0,0.0,0.0,0.0,0.0,0.0,0.0,0.0,0.0,0.0,0.0,6.434219440318648e-05,0.005583008538976133,0.018644201875474952,0.031837513656319386,0.04268982919253532,0.053375327129804105,0.06416423681864578,0.07481065336778077,0.0839070077286448,0.08493224971961587
ENSG00000272973,0.0,0.0,0.0,0.0,0.0,0.0,0.0,0.0,0.0,0.0,0.0,0.0,0.0,0.0,0.0,0.0,0.0,0.0,0.0,0.0,0.0,0.0,0.0,0.0019590860234369955,0.014114880942874754,0.022990621826597522,0.0306768989338924,0.03772374190310525,0.04446830093697555,0.04999071014911292,0.054264363280507044,0.05777341911502948,0.06136390687751123,0.06707597701542513,0.07283783184917889,0.07829195996356618,0.08423804709745326,0.08909989916001254,0.09363581946188418,0.09725571116977447,0.10051950599550266,0.10312508176097196,0.10627855868998812,0.1101385783812158,0.11204150311472975,0.11397958845649184,0.114480342483022,0.11388727949903756,0.1100966637704348,0.09894258658962295,0.08904708955825257,0.07915275151843647,0.07058042302301433,0.0594805954952966,0.04978753022099575,0.041331516393521325,0.03463232911806609,0.026807363607201838,0.018637344629584496,0.009597449365437946,0.001923947131539829,0.0,0.0,0.0,0.0,0.0,0.0,0.0,0.0,0.0,0.0,0.0,0.0,0.0,0.0,0.0,0.0,0.0,0.0,0.0,0.0,0.0,0.0,0.0,0.0,0.0,0.0,0.0,0.0,0.0,0.0,-0.003204923913521584,-0.011314994794050591,-0.018693412424029526,-0.027732694594104067,-0.0388635521774237,-0.051448310353656185,-0.0646412792394559,-0.0787696189289755,-0.09211436284677212
ENSG00000233539,0.0,0.0,0.0,0.0,0.0,0.0,0.0,0.0,0.0,0.0,0.0,0.0,0.0,0.0,0.0,0.0,0.0,0.0,0.0,0.0,0.0,0.0,0.0,0.0005483314542424107,0.0007558643161241916,0.0011147667194230811,0.0003267745600656636,0.0015876902253598203,0.0,0.0,0.0,0.0,0.0,0.0,0.0,0.0,0.0,0.0,0.0,0.0,0.0,0.0,0.0,0.0,0.0,0.0,0.0,0.0,0.0,0.0,0.0,0.0,0.0,0.0,0.0,0.0,0.0,0.0,0.0,0.0,0.0,0.0,0.0,0.0,0.0,0.0,0.0,0.0,0.0,0.0,0.0,0.0,0.0,0.0,0.0,0.0,0.0,0.0,0.0,0.0,0.0,0.0,0.0,0.0,0.0,0.0,0.0,0.0,0.0,0.0,0.0,0.0,0.0,0.0,0.0,0.0,0.0,0.0,0.0,0.0
ENSG00000242968,0.0,0.0,0.0,0.0,0.0,0.0,0.0,0.0,0.0,0.0,0.0,0.0,0.0,0.0,0.0,0.0,0.0,0.0,0.0,0.0,0.0,0.0,0.0,0.0,0.01131034508727243,0.02143148991615212,0.026495381267123905,0.031041953002492663,0.034860900013241956,0.03852416679948707,0.04113476879444339,0.04358427795973368,0.04572402054193586,0.04687109411006686,0.0476850908769494,0.048796157233018375,0.04978685582033769,0.05067743653998607,0.05177144106257016,0.05317532102551987,0.05496685592976794,0.05704250823356668,0.058806359359025784,0.06021611080514358,0.0607912615037161,0.061531389061215795,0.06234756310275201,0.0635487618007509,0.06496119324224424,0.06648399257910102,0.0677006296248671,0.06909106762084913,0.070611964096065,0.07229772357765445,0.075156179790872,0.07842428951109061,0.08168413272756729,0.08409592541010304,0.08728034086854479,0.09102112313685735,0.09529046898133964,0.09979255136406977,0.10387296162378293,0.10778484274536561,0.11202342207276172,0.1165209223907316,0.12030194531050624,0.12300120785767425,0.1255367720202617,0.1280509046267018,0.13144710290484127,0.1337126071348483,0.13591100203959613,0.1390382125417992,0.14287959277619228,0.1471677161858002,0.15164685852150492,0.15709945077906343,0.16265631516779586,0.16917774789621554,0.1762132745517903,0.1856093395122756,0.19704678527013336,0.20852834087528155,0.21993123522677016,0.23132621862609756,0.2431154995496533,0.25520999359479607,0.26578998626071276,0.2763081652461639,0.2862152992545588,0.29643043433953586,0.30794935356638753,0.32247667219362336,0.33486138117588465,0.34777032646106054,0.36097379151000863,0.3734966292305128,0.3863786443308483,0.3990610374803282
ENSG00000248574,0.0,0.0,0.0,0.0,0.0,0.0,0.0,0.0,0.0,0.0,0.0,0.0,0.0,0.0,0.0,0.0,0.0,0.0,0.0,0.0,0.0,0.0,0.0,0.0,0.0,0.0,0.0,0.0,0.0,0.0,0.0,0.0,0.0,0.0,0.0,0.0,0.0,0.0,0.0,0.0,0.0,0.0,0.0,0.0,0.0,0.0,0.0,0.0,0.0,0.0,0.0,0.0,0.0,0.0,0.0,0.0,0.0,0.0,0.0,0.0,0.0,0.0,0.0,0.0,0.0,0.0,0.0,0.0,0.0,0.0,0.0,0.0,0.0,0.0,0.0,0.0,0.005616701471992801,0.019381074518102805,0.03983481484119802,0.0680594127076954,0.08852351947595415,0.09366588749519895,0.0985809159760649,0.1020873436341897,0.10364837332780069,0.10668450937501456,0.11018007615090467,0.11343744723679089,0.11619662127489554,0.11891193126461452,0.12293466394225887,0.1285948387393325,0.13528174722341874,0.14223704363551984,0.1503310416409764,0.15968670821491165,0.1707540651668345,0.18216367352561408,0.19376590773863694,0.204170448513858
ENSG00000265933,0.0,0.0,0.0,0.0,0.0,0.0,0.0,0.0,0.0,0.0,0.0,0.0,0.0,0.0,0.0,0.0,0.0,0.0,0.0,0.0,0.0,0.0,0.0,0.0,0.0,0.0,0.0,0.0,0.0,0.0,0.0,0.0,0.0,0.0,0.0,0.0,0.0,0.0,0.0,0.0,0.0,0.0,0.0,0.0031053530239961834,0.04214624629562496,0.0687451224402019,0.08833258069907594,0.10484773072183146,0.11970621437567398,0.13324554382711723,0.14492351876618903,0.15602913853733122,0.16610333437356742,0.1762792824210839,0.18639166636499682,0.19623386898667056,0.2061627473291564,0.21486403417372996,0.2231189311399231,0.23102536046793595,0.23924669957198957,0.2479792072877896,0.25689881939263504,0.2660260022786585,0.27545445872011864,0.28490660964477443,0.2947453123910374,0.30448220433730844,0.3154704783486042,0.3263844197002746,0.33775645711619673,0.3489517014129569,0.3594405763938142,0.37026666037054234,0.3826853955430183,0.394930069272178,0.40555825213418467,0.41643736955885896,0.42782078836375587,0.4405790572087309,0.45272615592652177,0.4670590765026012,0.48321251656816955,0.5022132926731412,0.5216559517174709,0.5388291954100523,0.5569783089989377,0.5768901567673558,0.5956504108389656,0.61788252159495,0.6402742145916748,0.6623964129848958,0.6867840181592534,0.7121461702494379,0.7355593110904249,0.7614820071347493,0.789143809895304,0.8167128266840358,0.8459769693254737,0.8751965781271499
ENSG00000180828,0.0,0.0,0.0,0.0,0.0,0.0,0.0,0.0,0.0,0.0,0.0,0.0,0.0,0.0,0.0,0.0,0.0,0.0,0.0,0.0,0.0,0.0,0.0,0.0,0.0,0.0,0.0,0.0,0.0,0.0,0.0,0.0,0.0,0.0,0.0,0.0,0.0,0.0,0.0,0.0,0.0,0.0,0.0,0.0,0.0,0.0,0.0,0.0,0.0004569606697485978,0.005429113567005383,0.009128963401476668,0.013264810484613412,0.016655535157214296,0.019857386597274155,0.02435098191558166,0.030348974325423963,0.03607355479058556,0.03640624490831059,0.035999916381535144,0.03807377068282084,0.04375449220291725,0.04982750534638258,0.05592199414514467,0.06407956171777118,0.0709222774778201,0.0786985423051622,0.08547946484387765,0.09085585095131792,0.09562190785307437,0.09943148130236953,0.1028894848332271,0.10367610459834695,0.1032374250376288,0.10106231263561415,0.09630390952518374,0.09026419957949573,0.08407964849433544,0.07624955410066153,0.06816577603077989,0.05851053754916131,0.04870088199016488,0.0383963197301197,0.024457481697858156,0.012912508201451714,5.311889092913101e-05,0.0,0.0,0.0,0.0,0.0,0.0,0.0,0.0,0.0,0.0,0.0,0.0,0.0,0.0,0.0
ENSG00000286973,0.0,0.0,0.0,0.0,0.0,0.0,0.0,0.0,0.0,0.0,0.0,0.0,0.0,0.0,0.0,0.0,0.0067303737858735455,0.016048671749185162,0.023674734994818928,0.03231860980766028,0.04176713024540638,0.05182626437983467,0.05994144841544782,0.06775246258319394,0.07410414943431953,0.07902284419019667,0.08326757806265436,0.08758898583246436,0.09055891192355679,0.09159762469110928,0.09228961428807357,0.09275765706969476,0.09402386693088957,0.09821961203714752,0.09997237581090969,0.09930726124336861,0.10148307847588119,0.10320985379240381,0.10422528559306267,0.10626223615388188,0.10955255486117854,0.11476944176012138,0.11963684989844663,0.12682979609869982,0.13199044158981163,0.13589972855019888,0.1430392354834569,0.14686110749621306,0.15186916079237187,0.15724356662219324,0.1616461452791959,0.16560099373999349,0.1717182553009333,0.17865680127206635,0.18610136104090008,0.1930802290306989,0.19852200676366924,0.20273079937915597,0.20855121162076126,0.2165762850470508,0.22836518423954716,0.2412961478205605,0.25359466065805686,0.26809637540388237,0.28124588036460446,0.29248439371582946,0.3045581537018499,0.316205842275116,0.32817844676246943,0.341476463859746,0.3562503262220215,0.3703821539483157,0.3834180730542806,0.3955842586049854,0.41028026058069916,0.4273156544947517,0.44498679095897803,0.46260582635732617,0.48092540323904914,0.499535375141087,0.5179532711844568,0.5352678916193168,0.5452581814530779,0.5568080869814063,0.5664148865795937,0.5747859958400402,0.5836375743401562,0.5932751980422976,0.6037037531181235,0.6175840250325907,0.6351004596752889,0.6535416210998025,0.6744813202107308,0.6953030411437839,0.713985853332567,0.7336665941418941,0.7546420683191026,0.7755611331624314,0.7985548380225699,0.8225155227807158
ENSG00000248205,0.0,0.0,0.0,0.0,0.0,0.0,0.0,0.0,0.0,0.0,0.0,0.0,0.0,0.0,0.0,0.0,0.0,0.0,0.0,0.0,0.0,0.0,0.0,0.0,0.0,0.0,0.0,0.0,0.0,0.0,0.0,0.0,0.0,0.0,0.0,0.0,0.0,0.00045821296109208016,0.0020956901360111063,0.01024139875124824,0.022147989268431017,0.0391187819489473,0.059203135352760686,0.08686709845175905,0.1247945418546857,0.17250784979364964,0.19481955534555195,0.21202458984208086,0.22643886671433783,0.23518254740317784,0.23605469160006948,0.23474777682117537,0.23209268921858592,0.22516584425114908,0.21669689966218642,0.20914317576316832,0.2014607279229958,0.19034596624471933,0.18152067160223612,0.17393548133790943,0.16448957525075744,0.1558500182193267,0.14854732913462748,0.1439902994153357,0.13429810631935302,0.1296936948404567,0.12350090398161317,0.11748524231618714,0.11256909566358062,0.1132990585603131,0.11738625131143231,0.12222841836135495,0.12589219049862904,0.12888165906927906,0.13017345768672509,0.12974666277055177,0.13362131009105715,0.13808586737975814,0.1420744959904975,0.14549743376243085,0.14784897798916352,0.15126640468908975,0.1551289434089912,0.15948169409505658,0.16544875637992745,0.17243773098728413,0.18288784803109956,0.19567740842642126,0.2089103062086134,0.2234940551003562,0.24511416485535817,0.26841171230980415,0.29533678442621963,0.32183581927795896,0.3467251789734839,0.37433328445152797,0.4037465031227009,0.43197168575629824,0.46089661894912404,0.4872508763803994
ENSG00000004846,0.0,0.018970174299627964,0.03505388839057262,0.048909002734572875,0.060414070622761114,0.06703394579555541,0.07316922133035185,0.07869781213218428,0.08371651495031626,0.08828763011515642,0.09247312383365391,0.0944764452114008,0.09494308473925948,0.09297656184738816,0.0904155084587309,0.08648408973796005,0.08196724868875589,0.07645899379634834,0.06692174425016735,0.05584433234613512,0.044627485145835595,0.03586024508070288,0.026131960060327846,0.02132310275687861,0.018052936188820545,0.014410951028909911,0.010672903798929882,0.005309291083961573,0.0,0.0,0.0,0.0,0.0,0.0,0.0,0.0,0.0,0.0,0.0,0.0,0.0,0.0,0.0,0.015221675370481117,0.0296644156042387,0.042468023044270234,0.05796195674655545,0.07297617045973052,0.08934807652570785,0.10360895908437753,0.11603249387071034,0.12658081210603148,0.13672873016444886,0.14715781166750627,0.16597179160552034,0.18482964083190156,0.19720232136636534,0.21063783981768514,0.22619335988588732,0.24267064143042272,0.2623020009503801,0.28271783696148833,0.30260631718200554,0.32163945817899914,0.3360700631311198,0.35274632450672544,0.3675740458955899,0.38088748400538563,0.39168214088321307,0.40142025677875315,0.4059840163454791,0.40656907058659836,0.40483159497876353,0.40337076893812884,0.4004100228918961,0.3958715644085343,0.39222061626332017,0.3882506019508016,0.3917976222055796,0.39532149220949353,0.4012909201819204,0.4128035104702081,0.42587710638894216,0.44369070199656546,0.46655982615517644,0.4834868669603638,0.5060760375263839,0.5259353909447169,0.5491414023464478,0.5802049689434099,0.6118042621027465,0.6448198488864817,0.6818336014429026,0.7224654058304878,0.7593804489632051,0.7978143712305039,0.8376580484042532,0.8741171134623541,0.9122326624145545,0.9468508736168869
ENSG00000151322,0.0,0.0,0.0,0.0,0.0,0.0,0.0,0.0,0.0,0.0,0.0,0.0,0.0,0.0,0.0,0.0,0.0,0.0,0.0,0.01537476984870973,0.03853078478378535,0.05936836917846126,0.07588772690527044,0.08862184637649102,0.09375394356891412,0.0956260257599383,0.0965840931472432,0.09825879864859637,0.09926164255884738,0.09762887245280677,0.09547458534109643,0.09334084893964537,0.09202144509727189,0.09724566720370534,0.10293581497526792,0.11031123355903295,0.11758373732970828,0.12522329855409978,0.13287167859834875,0.1392180034409051,0.14587367737244394,0.15417018362252471,0.16383754349162055,0.1757311592379995,0.1863943949124562,0.1949442993644465,0.2014245686728868,0.20561482051641122,0.2097856500139974,0.21473916321592973,0.2198151511905469,0.2263541085370205,0.23164433828444694,0.2361809719647322,0.24127540341350645,0.2463671315402623,0.2514041320801023,0.2539807876754543,0.2538092525684416,0.25254955611637386,0.2492042130441651,0.24769071972907242,0.24781381399713132,0.2508799249915516,0.2553348096596175,0.26187372928269587,0.27338662369806876,0.283027148852203,0.2906781533552876,0.2971957120921505,0.303340741960619,0.31059355138860795,0.314777689245165,0.3181722936924963,0.31887606192319534,0.317207340011412,0.31612824484107055,0.31645877360033525,0.31830369196198255,0.32108944822055,0.32003834383720003,0.3151252942480451,0.3143439347655554,0.3188336310253284,0.3230066186207633,0.32527602220398283,0.3261592283864667,0.32455056386306125,0.32009765801856266,0.31275454320891344,0.31175751983845,0.315077285819227,0.32189963389978793,0.33198245569527257,0.33774901515603645,0.3441093730789015,0.3525716308605277,0.36256672396577894,0.37544266134839893,0.38896550961100845
ENSG00000225056,0.0,0.0,0.0,0.0,0.0,0.0,0.0,0.0,0.0,0.0,0.0,0.0,0.0,0.0,0.0,0.0,0.0,0.0,0.0,0.0,0.0,0.0,0.0,0.0,0.0,0.0,0.0,0.0,0.004264294548946903,0.006145315136006904,0.007598148989704812,0.008789295364666315,0.010676009754481302,0.01725004177907819,0.025453382103356417,0.033394993816383105,0.036964161095103976,0.04220684176944628,0.048371542833239134,0.057174271250279456,0.06686607319745455,0.07843503162672387,0.08960377108551626,0.09688240863396447,0.10717056471378623,0.11935805874500507,0.13141978658502482,0.14039246412208833,0.14826404916920943,0.15519099287140356,0.15974527682832362,0.16333466635582813,0.16779779751473445,0.17482316264229722,0.18811130487928623,0.19996244608760658,0.2127087491736207,0.22931007918831328,0.24485352019802617,0.2583853102156055,0.2724140996498766,0.2841558609553624,0.29517873652831556,0.3051743722125579,0.31606214438407165,0.32614643815165645,0.33932574019043105,0.3515221586159,0.3653873135724959,0.3802427297904942,0.39580449463816864,0.40885616997280066,0.4208632092259913,0.433956311746615,0.44691951363237287,0.46203022848070663,0.4759717064865746,0.4886089692228367,0.4998725515602179,0.5095135591256181,0.5195788858578366,0.527248823836655,0.5351921216085243,0.549045981383086,0.5659938929142806,0.5820370962922266,0.6040241512612637,0.629303887251767,0.656467718116596,0.6931088673118114,0.7277574747884455,0.7647248340773016,0.8077086365760959,0.8515589160527706,0.8949813724915621,0.9419482391101822,0.9932279268810413,1.043440737172812,1.0958901382811248,1.1485811718430288
ENSG00000275852,0.0,0.0,0.0,0.0,0.0,0.0,0.0,0.0,0.0,0.0,0.0,0.0,0.0,0.0,0.0,0.030195111688848073,0.05031263424051328,0.06264560937476818,0.07256470056849562,0.08089352005238779,0.08784548677611935,0.09388093031709722,0.10048595082788464,0.10550009444544448,0.10966651469370339,0.11352464090218257,0.11645043961942705,0.11995629971728512,0.12338474725874074,0.1251521537381903,0.1268372041704524,0.12842465827905172,0.12968402789105515,0.1302942099444228,0.1310995722441626,0.13308919730654148,0.135719688003929,0.13801687523116407,0.1404968450719059,0.14292944714736225,0.1463899422987834,0.1506785907026999,0.1550700576003217,0.15406899546802333,0.15425491543218336,0.1551119446837405,0.15532775185532874,0.15623374266198842,0.1578597976167795,0.15631313630195431,0.14835603455803534,0.14113323898906074,0.13479154008312091,0.12831511202093987,0.12078916708552088,0.11347633924188877,0.10762944240390268,0.10387319641133112,0.09958406997287725,0.09445837908847611,0.08909786525238436,0.08481079274084556,0.08105145464461093,0.07633703452070315,0.07255957878694205,0.06893095634428968,0.06558526719236422,0.06239910018554288,0.06114241206090914,0.06350139084429322,0.06771921570140832,0.07268663372142903,0.07760495708054033,0.08128545184489853,0.08488036239041762,0.08876019960405104,0.09130515094170696,0.09309843002748337,0.09319892808083503,0.09577620459572705,0.0982209070612008,0.0977958097850471,0.10019348089835473,0.10607351655776995,0.11514260431134635,0.123430849440857,0.1315579619186703,0.14274146681338595,0.15195597803570057,0.16156713099015077,0.17424067826750403,0.18825248977116535,0.20403373970145477,0.2202489647334083,0.23478144515660793,0.2508986745164671,0.26826034095489554,0.2862026478648612,0.3042431110245928,0.32403150318811746
ENSG00000231861,0.0,0.0,0.0,0.0,0.0,0.0,0.0,0.0,0.0,0.0,0.0,0.0,0.0,0.0,0.001096486725777911,0.0074284727888134705,0.011275588115635235,0.013857688399810598,0.016388577442114995,0.019083282129982927,0.0227067815069972,0.02672413072222942,0.030292621226958485,0.03404753790799371,0.03810695737397718,0.0426905120925715,0.047103528621986294,0.05141572510356722,0.05454794821888555,0.05607101761101576,0.05624166396367407,0.05629247520166071,0.05705262901923506,0.05907783396985035,0.06240165483763069,0.06764163305835313,0.0733478553985083,0.08055982415679322,0.08786585504167202,0.09457255881881936,0.10241063824144683,0.11173613534496242,0.12181904162367937,0.12950435984924524,0.13564763526618445,0.14131208754107982,0.1447745842763945,0.1468925678399981,0.15052144277222218,0.1571691119539035,0.16488886071666867,0.1740881944993439,0.1822695083585524,0.19137179759512518,0.2018537614204077,0.21316505162176544,0.22445839269351894,0.23484151998543845,0.24518459957283856,0.2546578827411775,0.2648070743199053,0.276687889574228,0.290584434554722,0.3043805792576475,0.3189624054956589,0.33237734676165087,0.34441527602499944,0.35791641240103544,0.3707704506867281,0.38623347269020575,0.40296471413167556,0.41801373672847186,0.4299333854743541,0.439960581678135,0.44450064917217036,0.4475889375884559,0.44903680758716014,0.449903250349696,0.4517500095311752,0.453997586670704,0.45472879951974504,0.4556216574484071,0.45672920901585773,0.46026470821113197,0.4646548759164043,0.47049468919450893,0.47752045855052533,0.4856445071854799,0.49060185174153975,0.49362026763989375,0.4998389374243968,0.5081392128236775,0.5181383002930942,0.5267846788507402,0.5389584477864737,0.5539211118250631,0.5707407718786144,0.5879358566487056,0.6065670653455311,0.626797294607876
ENSG00000286997,0.0,0.0,0.0,0.0,0.0,0.0,0.0,0.0,0.0,0.0,0.0,0.0,0.0,0.0,0.0,0.0,0.0,0.0,0.0,0.0,0.0,0.0,0.0,0.0,0.0,0.0,0.0,0.0,0.0,0.0,0.0,0.0,0.0,0.0,0.0,0.0,0.0,0.0,0.0,0.0,0.0,0.0,0.0,0.0,0.0,0.0,-0.005306837594975552,-0.017730556578066294,-0.031712738071775326,-0.048266725911416286,-0.06726236577998444,-0.08372309337542198,-0.09978879977998709,-0.1161146292523791,-0.13203341924736778,-0.14990022105325734,-0.16886401880348786,-0.19358802099225605,-0.2274283660104824,-0.2628266845626757,-0.2962846787673183,-0.32837360453078984,-0.35286197143188647,-0.37192174319477633,-0.39290879268102274,-0.4124061202095788,-0.42948763026601944,-0.4494533291271547,-0.47221467189438293,-0.4982448919647693,-0.526222400474687,-0.5537396157951108,-0.5802504866772386,-0.6055519549199836,-0.6250599844723286,-0.6393462377526667,-0.6519518899336899,-0.6619588832015887,-0.6691085546621495,-0.6754382610066623,-0.6770944733385419,-0.6719748049013912,-0.6606525972481019,-0.6491541742287433,-0.6320141995055646,-0.6133485295342656,-0.5913351389226853,-0.5744271367270098,-0.5614305982516463,-0.5436732037484747,-0.5289612687143131,-0.5211102863765089,-0.5161718673882065,-0.5167358102654845,-0.5158933140791545,-0.5141103547410388,-0.5103984432212048,-0.5064886465489529,-0.5022248424337634,-0.49881578380226593
ENSG00000285831,0.0,0.0,0.0,0.0,0.0,0.0,0.0,0.0,0.0,0.0,0.0,0.0,0.0,0.0,0.0,0.0,0.0,0.0,0.0,0.0,0.0,0.0,0.0,0.0,0.0,0.0,0.0,0.0,0.0,0.0,0.0,0.0,0.0,0.0,0.0,0.0,0.0,0.0,0.0,0.0,0.0,0.0,0.0,0.0,0.0,0.0,0.0,0.0,0.0,0.0,0.0,0.0,0.0,0.0,0.0,0.0,0.0,0.0,0.0,0.0,0.0,0.0,0.0,0.0,0.0,0.0,0.0,0.0,0.0,0.0,0.0,0.0,0.0,0.0,0.0,0.0,0.0,0.0,0.0,0.0,0.0,0.0,0.0,0.0,0.0,0.0,0.0,0.002033832894086042,0.012943262637997045,0.023443255675020994,0.024396439643910313,0.02073751118659036,0.012104412084005055,0.0038710666892923513,0.0,0.0,0.0,0.0,0.0,0.0
ENSG00000124343,0.0,0.0,0.0,0.0,0.0015761938723367808,0.01178424532567421,0.020671139178029,0.02855905322580496,0.035605107481995454,0.04194026797649863,0.04766455247919302,0.052718770094569496,0.056575667626493735,0.05933393354916748,0.06171574850591473,0.06371743786478534,0.061073725967854146,0.05760431545621471,0.052085717698826695,0.04761908330138025,0.0426723057539948,0.03579782553700695,0.03098093134869144,0.02444495455342704,0.01922640525383127,0.0150117421550271,0.010922121949554605,0.0056793470286943095,0.0,0.0,0.0,0.0,0.0,0.0,0.0,0.0,0.0,0.0,0.0,0.01077284064995453,0.018381780161432246,0.0196736049427674,0.019207147440245386,0.016250293746568042,0.020826302863120528,0.02872132713937881,0.03615370774062304,0.047678843908282295,0.057569060802581826,0.06393317514393385,0.06990289945068298,0.07550742205101192,0.08234960316369422,0.08854235654847985,0.10065700765687906,0.11417127905937927,0.122318904437034,0.13078107997506278,0.14275431793131949,0.15316681467973736,0.16074551122918332,0.1682956802459059,0.17416239634706607,0.17805111767812468,0.17896883128492616,0.18636876858072732,0.19206516883481967,0.1997896982367264,0.20791203719516838,0.21834867043778775,0.22947913712030138,0.24342550706112492,0.25921229280703423,0.2748976596133499,0.2885764165428743,0.3038276217124819,0.3202561288857517,0.33451506074945864,0.3464446241642751,0.3623517154603341,0.380831595864899,0.3954870597394282,0.41091988714599426,0.41900067615528014,0.42128488017090854,0.4255675872832242,0.4373165433394115,0.44908268019752695,0.45616017053168234,0.46146898772237155,0.464533308665508,0.46909596911284385,0.47410577049305347,0.48085330045886265,0.49312611248313193,0.5050975518786769,0.5165919396860763,0.5247629584544801,0.5334458871724882,0.5422442583408421
ENSG00000154134,0.0,0.0,0.0,0.0,0.0,0.0,0.0,0.0,0.0,0.0,0.0,0.0,0.0,0.0,0.0,0.0,0.0,0.0,0.004464483227046026,0.006363575339192281,0.006181991148765311,0.0011796900463869194,0.0,0.0,0.0,0.0,0.0,0.0,0.0,0.0,0.0,0.0,0.0,0.0,0.0,0.0,0.0,0.0,0.0,0.0,0.0,0.0,0.0,0.0,0.0,0.0,0.0,0.0,0.0,0.0,0.0,0.0,0.0,0.0,0.0,0.0,0.0,0.0,0.0,0.0,0.0,0.0,0.0,0.0,0.0,0.0,0.0,0.0,0.0,0.0,0.0,0.0,0.0,0.0009252573808934073,0.024075646851888323,0.05380374115147156,0.08250739872633722,0.10757484320862265,0.13245915617841403,0.15504974558433215,0.17731834194622142,0.19558093199674764,0.21193563685787195,0.23130319948000175,0.25186937491770456,0.2699938628223437,0.2900274285771936,0.3100067308619708,0.32415293598250206,0.33897877519338515,0.3493664387697076,0.3551526312985502,0.3586514388021596,0.36173820960584074,0.3642383111297875,0.3660200745924075,0.36514178530073277,0.3600087486471583,0.3507103147779615,0.3378575815619608
ENSG00000185742,0.0,0.0,0.0,0.0,0.0,0.0,0.0,0.0,0.0,0.0,0.0,0.0,0.0,0.0,0.0,0.0,0.0,0.0,0.0,0.0,0.0,0.0,0.0,0.0,0.0,0.0,0.0,0.0,0.0,0.0,0.0,0.0,0.0,0.0,0.0,0.0,0.0,0.0,0.0,0.0,0.0,0.0,0.0,0.0,0.010266607939155027,0.03542800263869204,0.05715578580167704,0.07600260004098942,0.09775219694287797,0.11747752673428694,0.12946111561420096,0.13576034833804548,0.1438043720661044,0.14916265706735016,0.15155472270809675,0.14890156872121132,0.14449251875132682,0.14225510336929392,0.13684054276605026,0.1273084692222459,0.11776336801535939,0.1084157736593788,0.10628603695569559,0.10719377677081818,0.10596584837162361,0.10542989717682744,0.1100925877326736,0.11241649077335297,0.11327989693554204,0.11262422457231448,0.11101725470375408,0.10894919539025692,0.10496597355866866,0.0985517881466246,0.08812011390560734,0.07430189684126523,0.061667253044315744,0.05124131966085738,0.043456428440773395,0.03849248594585671,0.03293412873916072,0.021094143514099512,2.62843957342597e-05,0.0,0.0,0.0,0.0,0.0,0.0,0.0,0.0,0.0,0.0,0.0,0.0,0.0,0.0,0.0,0.0,0.0
ENSG00000238120,0.0,0.0,0.0,0.0,0.0,0.0,0.0,0.0,0.0,0.0,0.0,0.0,0.0,0.0,0.0,0.0,0.0,0.0,0.0,0.0,0.0,0.0,0.0,0.0,0.0,0.0,0.0,0.0,0.0,0.0,0.0,0.0,0.0,0.0,0.0,0.0,0.0,0.0,0.0,0.0,0.0,0.0,0.00011541901728695027,0.016651633447397843,0.03293309838878612,0.04535282426979906,0.05547227681689075,0.06493803044325251,0.07534778516086861,0.0844030933181252,0.09107553913077801,0.09601069729111993,0.10057593618817048,0.10591209493626762,0.11125737684790274,0.11518316301887954,0.1182618751288377,0.11698711450262125,0.11689002177387274,0.11854124470448883,0.12041176959831602,0.12025914093369301,0.11817402750936123,0.11452407143743568,0.1111107638479103,0.1084722293252024,0.10293999266624723,0.09604002213232603,0.0887524771894674,0.08020693455104827,0.07140495274195857,0.06745714696630319,0.0689936805899269,0.07451645890433524,0.07904470052483648,0.08366825027891076,0.08856349910725937,0.09374820485515471,0.09824813332910892,0.103055348103262,0.10826143313057617,0.10615222030861396,0.1025661173520621,0.09687429585399736,0.08942828241051264,0.07905073103531106,0.06973977189859489,0.060586234574709796,0.05096695598623591,0.04384600198326742,0.03867062904362547,0.03462795482589015,0.031651475993712694,0.031203826783292622,0.03605848122101325,0.04235241385551217,0.05050561049916711,0.05745125938126585,0.06462469635836121,0.06984569364559204
ENSG00000122375,0.0,0.0,0.0,0.0,0.0,0.0,0.0,0.0,0.0,0.0,0.0,0.0,0.0,0.0,0.0,0.0024252169500311852,0.012263834676632304,0.021249083912971634,0.02995205028202638,0.03893731150984958,0.047258608522284626,0.05655411984959531,0.06421840389335583,0.07091255352481296,0.07776719010265573,0.08382461662280491,0.08932486505513065,0.09336439142903473,0.09632969686814843,0.09845121593886014,0.10039250004168154,0.10216458857503968,0.1037007977817795,0.10641330043719996,0.1106555105535036,0.11609093751859137,0.12066178382840842,0.12513485731521806,0.12959634988958513,0.13380330996956344,0.1386724541788951,0.14387078407198536,0.14912644799728778,0.15582497252239882,0.16171655809975397,0.1650617064557814,0.16931235436322156,0.17460873148148323,0.18084588372648774,0.18611154739465305,0.19118957984925086,0.19569694389057252,0.19975075173448587,0.20528668397262817,0.21071881134860884,0.21639747564875703,0.2227041125349137,0.22821381384735917,0.23360518338835065,0.23830534744187465,0.24310935353595936,0.24846787337329831,0.2535009666718825,0.2610611954460736,0.2686823969566067,0.2754485276998255,0.280756306314817,0.2812502844849359,0.2876687869382939,0.29393269119716287,0.29870668837894726,0.3040333880963978,0.30913768192161317,0.3127090616749468,0.31885502729873033,0.3239011516839238,0.32656742629241414,0.32863524090151114,0.33271319579806935,0.34046197824473357,0.3505904479183441,0.3656478650269601,0.3782123277139511,0.393181094883963,0.409110756814905,0.4231474251439661,0.4364021005065458,0.4500806255285138,0.4607969081807884,0.4699478966959114,0.47791436974945645,0.4838988929789663,0.4891966491128305,0.49704947537792593,0.5046853694138951,0.5137927545627875,0.5260209891595532,0.5383635159100917,0.5521058522698096,0.5661049309728985
ENSG00000230087,0.0,0.0,0.0,0.0,0.0,0.0,0.0,0.0,0.0,0.0,0.0,0.0,0.0,0.0,0.0,0.0,0.0,0.0,0.0,0.0,0.0,0.0,0.0,0.0,0.0,0.0,0.0,0.0,0.0,0.0,0.0,0.0,0.0,0.0,0.0,0.002776124295974181,0.009693695620018114,0.015253940833323229,0.0216710432312191,0.029497245897466575,0.03680943800154724,0.04337934577804789,0.04865995494506936,0.05852725028531806,0.06830873227395544,0.07813462715326074,0.0871539844556105,0.0996899873739141,0.11235180121605036,0.1253988536953062,0.13776293534580983,0.1494486720712505,0.16021403820278798,0.17258096607099987,0.18448658574896792,0.19502291929987797,0.2062621681577291,0.219315318066764,0.2346092732923544,0.24984155282647,0.2651685170577759,0.2795195076410627,0.2937311627108935,0.30760362037404254,0.32092210173332786,0.33182373731037323,0.3407873606475784,0.3502954735857914,0.36110368025179335,0.37440885565412435,0.3897606772058948,0.40478972469069635,0.4216426765743786,0.44193538813631167,0.4636492859328019,0.4843638860459819,0.5042947443681661,0.5241882683149754,0.5441506642265971,0.563508519925613,0.582528946102206,0.6010091611327038,0.6179165961107677,0.6312831246593269,0.6445479045987367,0.6609420003308334,0.676151748530914,0.6969481499751992,0.7173787222162241,0.7410381756462352,0.7594783156624053,0.7767415209164131,0.7946091529694174,0.8127879293805905,0.8305422262872811,0.8504816238921594,0.8720621867919002,0.8931645746202954,0.9146284225402381,0.9357268303382645
ENSG00000224307,0.0,0.0,0.0,0.0,0.0,0.0,0.0,0.0,0.0,0.0,0.0,0.0,0.0,0.0,0.0,0.0,0.0,0.0,0.0,0.0,0.0,0.0,0.0,0.0,0.0,0.0,0.0,0.0,0.0,0.0,0.0,0.0,0.0,0.0,0.0,0.0,0.0,0.0,0.0,0.0,0.0,0.0,0.0,0.0,0.0,0.0,0.0,0.0,0.0,0.0,0.0016849865532147525,0.006454218109717635,0.010759815932367743,0.013468949935880728,0.016192141850260307,0.019761758248699298,0.020464109036662775,0.01758785075628562,0.01537944733409307,0.011558713839717658,0.010851889317785688,0.00940348519598409,0.007667384211010579,0.003999938459904907,0.0,0.0,0.0,0.0,0.0,0.0,0.0,0.0,0.0,0.0,0.0,0.0,0.0,0.0,0.0,0.00348985510728999,0.012828092584448251,0.03038519117988612,0.04752738650320969,0.07180462552934437,0.10239004894608167,0.13067589251370754,0.16336908522329327,0.19699315641281778,0.23033048423497796,0.26675251078904044,0.30025657526180105,0.330335174977687,0.3608724259004737,0.38542180085475913,0.40937035117131976,0.43452980292580917,0.46173732363919817,0.48954262617897676,0.5194486335074215,0.5511547324697111
ENSG00000234460,0.0,0.0,0.0,0.0,0.0,0.0,0.0,0.0,0.0,0.0,0.0,0.0,0.0,0.0,0.0,0.0,0.0,0.001022591931424821,0.010819268911766438,0.017446027561999446,0.022847875537019155,0.025061167795988736,0.0263883639371207,0.028303459204959486,0.02968618810258605,0.03142230292616009,0.03324193453915655,0.03579934510813123,0.03868226048881017,0.04125916242733338,0.0441689116788138,0.04690440508138244,0.04947948787174454,0.05144140893088125,0.05324237053271069,0.05516201701307784,0.05666113491563936,0.057996349781738454,0.059508414868992714,0.061474834395079385,0.06365854504432357,0.06595474731368586,0.06714304170950564,0.06865113647506663,0.06984409667779067,0.07055922881811494,0.07128864826831174,0.07192286387982845,0.0722542149173802,0.07212205882945374,0.0720586855017521,0.07229365994282805,0.0724388815174679,0.07303764050438896,0.072842393121787,0.07272601292933138,0.07177497609696695,0.07076252660495333,0.07076156659406733,0.07084469152406704,0.07213806475501969,0.07369322944583354,0.07569465624562526,0.07743404297641725,0.07845999306270712,0.07915751945400937,0.08046675660053054,0.081521264783653,0.08124928856337219,0.08025130881457863,0.07916193570519185,0.07679013963350313,0.07589113506590567,0.07927373769410544,0.08147532433826975,0.08339134279753216,0.07938244081420298,0.06607757351050828,0.04543935112822967,0.016240697226275337,0.0,0.0,0.0,0.0,0.0,0.0,0.0,0.0,0.0,0.0,0.0,0.0,0.0,0.0,0.0,0.0,0.0,0.0,0.0,0.0
ENSG00000224904,0.0,0.0,0.0,0.0,0.0,0.0,0.0,0.0,0.0,0.0,0.0,0.0,0.0,0.0,0.0,0.0,0.0,0.0,0.0,0.0,0.0,0.0,0.0033094604802383597,0.00852288684603728,0.0036460866867353147,0.0,0.0,0.0,0.0,0.0,0.0,0.0,0.0,0.0,0.0,0.0,0.0,0.0,0.0,0.0,0.0,0.0,0.0,0.0,0.0,0.0,0.0,0.0,0.0,0.0,0.0,0.0,0.0,0.0,0.0,0.0,0.0,0.0,0.0,0.0,0.0,0.0,0.0,0.0,0.0,0.0,0.0,0.0,0.0,0.0,0.0,0.0,0.0,0.0,0.0,0.0,0.0,0.0,0.0,0.0,0.00012282039498180127,0.0024164598416003356,0.024151591338591242,0.05058423260568676,0.07737800371347063,0.10647904305836013,0.13714342007001742,0.1731246562919187,0.20892634815214417,0.251256003901106,0.2971670578865165,0.3441165255433458,0.39735881810741247,0.4612545826977324,0.5226502837388973,0.5878743726524099,0.6581968883479092,0.7271092278513807,0.7903755387976554,0.8410846520846961
ENSG00000131080,0.0,0.0,0.0,0.0,0.0,0.0,0.0,0.0,0.0,0.0,0.0,0.0,0.0,0.0,0.0,0.0,0.0,0.0,0.0,0.0,0.0,0.0,0.0,0.0,0.0,0.0,0.0,0.0,0.0,0.0,0.0,0.0,0.0,0.0,0.0,0.0,0.0016891136213627335,0.011451790026242262,0.02100765383861506,0.02505742443943187,0.026710996135207922,0.02720130432591688,0.029810180914621502,0.031167751338824948,0.03476164071771309,0.03733354075737824,0.03845714984197879,0.0376345869753269,0.034772893238688825,0.034031163837785844,0.03630985408224802,0.04056082920551594,0.04618030427311827,0.053097290622845524,0.060163767860175035,0.06890411530885782,0.08097905117148751,0.09474875742716987,0.11060026116822626,0.12506459026508898,0.13838602624255752,0.1522262870815035,0.16856261967013586,0.18871664824651446,0.21181027212160702,0.23089685043846342,0.24744602131701263,0.26244671618104676,0.28084458678334134,0.30145047725176805,0.3222434330647994,0.34048853621788344,0.35628665582192603,0.3666669053962224,0.3769910153019591,0.38667481371771817,0.3924901371984837,0.39590133148617934,0.40291638710285604,0.4080361535179335,0.4109222758029429,0.41718850666468316,0.4246813759534745,0.4266691059544535,0.42906609001043355,0.43133864620391477,0.43581889235203697,0.44561026106809287,0.45465228322010554,0.4631640873812392,0.4757132465004499,0.4917225806061447,0.5113123545613051,0.5410338861204428,0.5676320578352333,0.597565451614391,0.6316257416954696,0.6677605783005508,0.7049918879657997,0.742496907907325
ENSG00000172667,0.0,0.0,0.0,0.0,0.0,0.0,0.0,0.0,0.0,0.0,0.0,0.0,0.0,0.0,0.0,0.0,0.0,0.0,0.0,0.0,0.0,0.0,0.0,0.0,0.0,0.0,0.0,0.0,0.0,0.0,0.0,0.0,0.0,0.0,0.0,0.0,0.0,0.0,0.0,0.002480867619137439,0.011024908386153033,0.02035684845607205,0.02952501036072817,0.038243732693503216,0.04904816778838339,0.061773788010907445,0.07282396433109017,0.08500506752148278,0.09711163019121236,0.10889017344448026,0.11919609512272168,0.12870115297608584,0.13694239952345014,0.1433907505881795,0.14836340907237422,0.15331543485489627,0.1598196169674807,0.16977513878409634,0.17793628400091613,0.185707632660688,0.19229033700527884,0.19787489889229792,0.20557815947943783,0.21360219152458307,0.22017668465751888,0.22600734770252257,0.22627128478448413,0.22418249645120644,0.2202040759614444,0.2173404387942397,0.2161167471197949,0.2178551460652427,0.21832782859990654,0.21939480106505532,0.21945442731883946,0.21625213317906847,0.2102028886843752,0.20367861710525442,0.1964676870604847,0.186278298350056,0.17756502467241972,0.16700261370490393,0.15511704978252458,0.14156176040354454,0.12697112336697325,0.1106002218094668,0.09904739891787542,0.08759060488040538,0.07659219839560961,0.06701954968645966,0.05184478470595485,0.033224495816647055,0.012319985679892221,0.0,0.0,0.0,0.0,0.0,0.0,0.0
ENSG00000154342,0.0,0.0,0.0,0.0,0.0,0.0,0.0,0.0,0.0,0.0,0.0,0.0,0.0,0.0,0.0,0.0,0.0,0.0,0.0,0.0,0.0,0.019942738126227922,0.040415457375108155,0.05591613813590902,0.06756171664530826,0.0762843684110754,0.08336965663528513,0.08930799652968481,0.0931473897533959,0.0965065158594865,0.09888065013675654,0.10093568025990371,0.10217674993375693,0.10227613843599628,0.10196597882016456,0.10125563129665742,0.10137121433199506,0.10166474128979033,0.10184065809910091,0.10178114010966395,0.10168109120041571,0.1017185652180663,0.1007263238623738,0.10110849749198782,0.10658909265979999,0.11312933811561288,0.11874746222586978,0.12620204722625117,0.13489526193242835,0.14659383383057928,0.1588889177698596,0.1725447819170797,0.1850619998935253,0.19696271801516888,0.20928398998605147,0.21972967290053796,0.2292082490998149,0.23812547029145126,0.24962319960721957,0.2619305696614291,0.27364095016227297,0.28577075074136865,0.2980815843367375,0.31084153958644894,0.3230113729536292,0.33394579338576075,0.3460025134906206,0.3565178636362248,0.36592455881999997,0.37636149329389573,0.3904814036597669,0.4058241270193819,0.42261533710029303,0.44067502468933556,0.45954648449484176,0.483508634684911,0.5066584978530269,0.5284791299003435,0.5498362682898498,0.5736431401965275,0.5953786712304718,0.6194101733821721,0.6421741849758765,0.6623406564698658,0.6847381506247409,0.7068258907806846,0.7318554416444332,0.7573618153071077,0.7826008065613351,0.8116878060248048,0.8443629357716093,0.8788514060393244,0.9181218294469271,0.959575493632353,1.0003644733853505,1.0439771642312514,1.0891750568510405,1.1332629045568947,1.1807450322666881,1.227597293081982
ENSG00000165197,0.0,0.0,0.0,0.0,0.0,0.0,0.0,0.0,0.0,0.0,0.0,0.0,0.0,0.0,0.0,0.0,0.0,0.0,0.0,0.0,0.0,0.0,0.0,0.0,0.0,0.0,0.0,0.0,0.0,0.0,0.0,0.0,0.0,0.0,0.0,0.0,0.0,0.0,0.0,0.0,0.0,0.0,0.0,0.0,0.0,0.0,0.0,0.0,0.0,0.0,0.0,0.0,0.0,0.0,0.0,0.003967011906720153,0.022490273041218478,0.04082045975035067,0.05748403603949538,0.07649770812966813,0.09698802991843658,0.1195827396945714,0.14082241248228783,0.16464063557865524,0.1895208266521539,0.2085551614369312,0.22689450228702565,0.24944884247557392,0.27437055390141724,0.29977990428493084,0.32716525961390336,0.3527347286007127,0.37695401221788655,0.403917307127914,0.4297361354340541,0.4583553022823339,0.48913754042061924,0.5204938059179545,0.5478528849579303,0.5708721524044454,0.5937889234569713,0.6250186289319186,0.6585574568508155,0.6821119441493202,0.705175069313344,0.731111941853979,0.7634064691405623,0.7966176810920191,0.8225584256204423,0.8503738834538771,0.8794282909245162,0.9075703682602817,0.9409276819829856,0.973454822677127,1.0021762797731508,1.031114349912826,1.059711356060602,1.088323721610546,1.1180875412881983,1.148888971857833
ENSG00000270212,0.0,0.0,0.0,0.0,0.0,0.0,0.0,0.0,0.0,0.0,0.0,0.0,0.0,0.0,0.0,0.0,0.0,0.0,0.0,0.0,0.0,0.0,0.0,0.0,0.0,0.0,0.0,0.0,0.0,0.0,0.0,0.0,0.0,0.0,0.0,0.0,0.0,0.0,0.0,0.0,0.0,0.0,0.0,0.0,0.0,0.0,0.0,0.0,0.0,0.0,0.0,0.0,0.0,0.0,0.007295139730470015,0.01871312338802062,0.028072251414971675,0.032715222741900696,0.03425862492879532,0.032233735875324326,0.02438309684457413,0.014218983736225979,0.004903689947413699,0.0,0.0,0.0,0.0,0.0,0.00440944664653661,0.012158088261278344,0.018552824115890713,0.026056898694053046,0.0331217368758253,0.03849376093720325,0.04528047776879889,0.049158909909445915,0.0552376293581193,0.06445565382780659,0.07457288001061146,0.08616706155543599,0.10135811162873273,0.1231157881043341,0.14721469389893946,0.16910010104270767,0.19295620074402514,0.21611035659776673,0.23917328775779256,0.26207514017478895,0.28191908004253735,0.30225919066892987,0.31594506835557723,0.32787422680562467,0.3399322654828185,0.3475212555565413,0.353987886293477,0.3592041910485303,0.3622410970411159,0.3636076137004097,0.364286150495247,0.36617813362252294
ENSG00000260520,0.0,0.0,0.0,0.0,0.0,0.0,0.0,0.0,0.0,0.0,0.0,0.0,0.0,0.0,0.0,0.0,0.0,0.0,0.0,0.0,0.0,0.0,0.0,0.0,0.0,0.0,0.0,0.0,0.0,0.0,0.0,0.0,0.0,0.0,0.0,0.0,0.0,0.0,0.0,0.0,0.0,0.0,0.0,0.0,0.0,0.0,0.0,0.0,0.0,0.0,0.0,0.0,0.0,0.0,0.0,0.0,0.0,0.0,0.0,0.0,0.0,0.0,0.0,0.0,0.0,0.0,0.0,0.0,0.0,0.0,0.0,0.00033154022378772795,0.0016806838010810438,0.0037675680630210795,0.00762102697157253,0.01445721674805152,0.02297624086444818,0.03701322033489466,0.0538305220988477,0.07451227423443854,0.09761152658833326,0.12049583898260009,0.13794240817434592,0.15082100238044646,0.1634591631490364,0.18094471160253656,0.20209654683468706,0.2227430430734225,0.24178857056473946,0.2620822374870134,0.2814946988650144,0.2984541396010224,0.31344696169650954,0.32449539399767857,0.3345127187587188,0.3450260687346688,0.3555914843038344,0.3677472410036364,0.38117621332524965,0.3939308802504004
ENSG00000285562,0.0,0.0,0.0,0.0,0.0,0.0,0.0,0.0,0.0,0.0,0.0,0.0,0.0,0.0,0.0,0.0,0.0,0.0,0.0,0.0,0.0,0.0,0.0,0.0,0.0,0.0,0.0,0.0,0.0,0.0,0.0,0.0,0.0,0.0,0.0,0.0,0.0,0.0,0.0,0.0,0.0,0.0,0.0,0.0,0.0,0.0,0.0,0.0,0.0,0.0,0.0,0.0,0.0,0.0,0.0,0.0,0.0,0.0,0.0,1.7997867076893304e-05,0.0,0.0,0.0,1.4774050238123966e-05,0.006536053801471379,0.014893085800275574,0.027619702975902567,0.03928632384365114,0.04808504450460411,0.05240224090129336,0.05419908557680787,0.05553098435691407,0.05731946809951592,0.057443865943222414,0.05542024932708325,0.050736953014684276,0.046566209170420765,0.04468054487016931,0.044534724821567916,0.04746234899159613,0.051119220197265725,0.0511971567400726,0.04677124497047007,0.04242586182088611,0.040373576448736875,0.04311460600424175,0.04801463359299877,0.04987624795796343,0.04579756134409285,0.03517041694313492,0.02179062545439237,0.008275143577478617,0.0,0.0,0.0,0.0,0.0,0.0,0.0,0.0
ENSG00000268078,0.0,0.0,0.0,0.0,0.0,0.0,0.0,0.0,0.0,0.0,0.0,0.0,0.0,0.0,0.0,0.0,0.0,0.0,0.0,0.0,0.0,0.0,0.0,0.008996811182656573,0.03236451132826509,0.04971596817677779,0.061843734894520885,0.07249107725456838,0.08200944590260478,0.08993980077043169,0.09785128633936746,0.1059567587427627,0.11363711545379622,0.12162357223092082,0.1289378397510775,0.1350697724951372,0.14151007211788447,0.1483441230518771,0.15507497888560584,0.16389232801931075,0.17911951013477717,0.1956456347266263,0.20327167278122218,0.21040768570246626,0.21805867531982132,0.2205355576138599,0.22178186923361234,0.22324785901526994,0.22592616835037407,0.22681590644887298,0.2236319581018994,0.22010738161804003,0.21719307805650703,0.213488399969757,0.20992666708282431,0.20657143486806748,0.20387959773403264,0.2032798259655016,0.20278633249263658,0.20218060083756093,0.20095627273795413,0.20071673527101355,0.20254030845313406,0.20395475477358294,0.204895975548451,0.20838177637572705,0.21357728902560597,0.22024513378347163,0.2287328974157679,0.2353938309344789,0.24220948997762187,0.24782541613950465,0.25446690095040553,0.2633474094992384,0.27354708270326406,0.28468704010028567,0.2919776742391839,0.29833000105867036,0.30554408265652633,0.316586406855626,0.32666480769763956,0.3328840360839186,0.3240348459610954,0.3151296314641069,0.3066524769398659,0.2946520364095971,0.2820086719484721,0.2659184723292791,0.24942890793503553,0.22932436656904,0.20910950397663466,0.19096056799515781,0.1715634659179409,0.14439328636861343,0.11635094944713054,0.08529250303649055,0.05068463294131889,0.017817658036489686,0.0,0.0
ENSG00000254847,0.0,0.0,0.0,0.0,0.0,0.0,0.0,0.0,0.0,0.0,0.0,0.0,0.0,0.0,0.0,0.0,0.0,0.0,0.0,0.0,0.0,0.0,0.0,0.0,0.0,0.0,0.0,0.0,0.0,0.0,0.0,0.0,0.0,0.0,0.0,0.0,0.0,0.0,0.0,0.0,0.0,0.0,0.0,0.0,0.0,0.0,0.0,0.0,0.0,0.0,0.0,0.0,0.0,-0.004997858950360529,-0.02149189856203085,-0.039499771655041684,-0.06257022870688769,-0.09096541595600847,-0.12174892838793097,-0.1519712735634742,-0.17995967070140872,-0.20915757982659466,-0.23752086117541932,-0.2649195783842569,-0.2922545621930416,-0.3093976410304605,-0.3223613579517507,-0.3347997769969917,-0.34758249072404074,-0.35697251989552253,-0.36613098755005313,-0.3765368958866615,-0.38623596335876337,-0.3943488727691488,-0.4038539320870684,-0.41074475053015164,-0.41776759283070125,-0.42589150752653476,-0.4328881286102868,-0.44055525977234433,-0.4491825747136786,-0.45570000115967324,-0.4558077416962477,-0.4574536855141351,-0.45719466886019566,-0.45712612922046236,-0.45763674151380385,-0.46001794218342,-0.4648558312386209,-0.4755187316932023,-0.49121042181744173,-0.5120143050648391,-0.5406774535833365,-0.5695050700440897,-0.5969476640254859,-0.6278457678361961,-0.6614463398970661,-0.6959897929282903,-0.7324012533562092,-0.7688876612150507
ENSG00000151468,0.0,0.0,0.0,0.0,0.0,0.0,0.0,0.0,0.0,0.0,0.0,0.0,0.0,0.0,0.0,0.0,0.0,0.0,0.0,0.0,0.0,0.0,0.0,0.0,0.0,0.0,0.0,0.0,0.0,0.0,0.0,0.0,0.0,0.0,0.0,0.0,0.0,0.0,0.0,0.0,0.0,0.0,0.0,0.0,0.0,0.0,0.0,0.0,0.0,0.0,0.0,0.0,0.0,0.0,0.0,0.0,0.0060968834638929804,0.020491837897230435,0.03411570414980813,0.045597656535877315,0.050972877448233485,0.05513947084526173,0.059549770854512844,0.06541096436350224,0.07479290821657573,0.08246259089521414,0.08753950519681014,0.09074283793147585,0.09286973522464986,0.09038074004421848,0.08549685463349133,0.08625065563185778,0.08809402412166822,0.08602544851985933,0.07999844918929182,0.07042423583475999,0.05642711074775585,0.040966611606023245,0.026385277082420503,0.010067915308280596,0.0,0.0,0.0018641127101355816,0.011127452685330289,0.02114305130815355,0.032758330499179276,0.04709388523243439,0.055918020615335164,0.06986808798084453,0.08880286820008938,0.102835894630842,0.11752328276737352,0.13400626329608617,0.1507951459420799,0.1627955270803148,0.1744198724535309,0.18644090378842407,0.199988200793596,0.21455324448942642,0.22844677113591308
ENSG00000241479,0.0,0.0,0.0,0.0,0.0,0.0,0.0,0.0,0.0,0.0,0.0,0.0,0.0,0.0,0.0,0.0,0.0,0.0003402493142165321,0.0072859324073195845,0.013223387420743929,0.019792405423891157,0.025485726674106944,0.027527191842828085,0.02874438188690265,0.0318393675581593,0.034258343741204456,0.034459612599066915,0.03406744680122501,0.03200073050715444,0.02818543203135734,0.024337396090833706,0.020460635668274194,0.017210598840848173,0.016927824481623104,0.019792675766833565,0.026039988655563544,0.03460871751571598,0.0449430844982102,0.0537926550135429,0.06002003420953355,0.06650006162367016,0.07446426568237849,0.08159505900649412,0.08743190121347692,0.09328262050283555,0.09857208429782034,0.10331027468063211,0.11124044608977339,0.12010988740331333,0.1279598436141108,0.13518719480309552,0.142201051785922,0.14886854187450585,0.15468940821246024,0.15991702959363346,0.164752792698783,0.16859740353568803,0.17278823344517868,0.1780970531892139,0.18428958657352787,0.19213430966303768,0.19960460645950157,0.20660212827066643,0.2151208130237783,0.222241441003607,0.2264126503367634,0.23039941709703263,0.2360478904067647,0.24395986785546903,0.25267443171434245,0.26089563762478246,0.26790817635398173,0.27639782147918696,0.2851699319556165,0.29309138726185047,0.304682808365076,0.31759859305135313,0.3298394465475973,0.33938626629554175,0.35012004258061635,0.35775478808000066,0.3557375569480052,0.3558671172296306,0.35610126102095097,0.35437863197367586,0.35112572338410486,0.3478764166705765,0.34684978709913916,0.34259300186629943,0.3353897939765108,0.3273787476756557,0.3190351827919505,0.3090471474816991,0.29967458248127266,0.29466864558799055,0.29140148119081244,0.2895719973355304,0.28782653656842017,0.28760972828908216,0.28696948248134463
ENSG00000234169,0.0,0.0,0.0,0.0,0.0,0.0,0.0,0.0,0.0,0.0,0.0,0.0,0.0,0.0,0.0,0.0,0.0,0.0,0.0,0.0,0.0,0.0,0.0,0.0,0.0,0.0,0.0,0.002470099964671742,0.010141262851137476,0.01718591751481358,0.023009692464110647,0.028076636830794737,0.03220965609392034,0.03548649772476027,0.038225057146555344,0.04104849632799993,0.04242592534607619,0.043588396654938515,0.04491782775699134,0.04589879619852832,0.04687061456049087,0.04763210598018677,0.04853237862765633,0.048945938341361815,0.04913587528723801,0.04893034850662178,0.049929602659942354,0.05200714668013459,0.05413854560017726,0.05675549346306335,0.05991867508187555,0.06330728532306427,0.06641903164399417,0.06937430283104822,0.07188887864112527,0.07418607057276992,0.07751525413761555,0.08231356020789918,0.08682350315345375,0.09039962762802209,0.09265056226452666,0.09509502078832929,0.09743156687320874,0.09947887297198604,0.10205583713435519,0.10552717225089094,0.1089007235980049,0.11061776057508517,0.11237660953568755,0.11314570251554178,0.11406831113401657,0.11619395088109477,0.1175358113434818,0.11978375551149391,0.12039660612031979,0.1200799330578405,0.11963309789255902,0.11840039434902286,0.11727154220972544,0.1166489796180366,0.11635026426848026,0.11619049756068356,0.1153510283751975,0.11497986255101555,0.1149003195449026,0.1151922029664299,0.11721408055912257,0.11997379325627502,0.1229636379570938,0.1264112313492465,0.12993768443320755,0.13269763256800748,0.13532162278568421,0.13890144249925426,0.14202773796433057,0.14527425555914972,0.14808764664907997,0.150623379836025,0.15390104228701004,0.1576568118577242
ENSG00000214575,0.0,0.0,0.0,0.0,0.0,0.0,0.0,0.0,0.0,0.0,0.0,0.0,0.0,0.0,0.0,0.0,0.0,0.0,0.0,0.0,0.0,0.0,0.0,0.0,0.0,0.0,0.0,0.0,0.0,0.0,0.0,0.0,0.0,0.0,0.0,0.0,0.0,0.0,0.0,0.0,0.0,0.0,0.0,0.0,0.0,0.0,0.0,0.0,0.0,0.0,0.0,0.0,0.0,0.0,-0.013447948798201674,-0.02869921175798902,-0.04187423332007407,-0.05550912512187845,-0.07046564026229354,-0.08456124289763002,-0.1003556688980967,-0.11629624756658771,-0.13234581098794052,-0.14900255877121527,-0.16558416607258142,-0.1785967467670217,-0.18947709112791922,-0.20053786718972655,-0.20757078321884387,-0.21234316626243055,-0.21656035480830801,-0.21620460046910783,-0.2128292640229961,-0.2086759559447319,-0.20549940978615422,-0.20314301299070467,-0.20333530289618643,-0.20524945841326844,-0.20723997628888272,-0.21173547762575967,-0.21911330157248987,-0.22755803207778347,-0.23673850128189033,-0.2470678429798588,-0.25581920965863486,-0.27128672250161856,-0.2972977376042419,-0.32277850788134477,-0.3421919030568936,-0.36236462403836267,-0.38396022738336355,-0.4056059952528061,-0.4280455294341645,-0.44706561742660605,-0.4612520552327475,-0.47441059897047383,-0.48803670994726195,-0.5012584069294534,-0.5162758137050084,-0.5334401655863796
ENSG00000240138,0.0,0.0,0.0,0.0,0.0,0.0,0.0,0.0,0.0,0.0,0.0,0.0,0.0,0.0,0.0,0.0,0.009967069873938424,0.02589742929976009,0.03922023183919355,0.04843137878864372,0.05494217462792038,0.060691101209583,0.06541568558100873,0.06740524985572166,0.06779923555579521,0.06762500962222116,0.06732731719475611,0.06694162093931978,0.0661352042522145,0.06558160942764031,0.06426386417965921,0.062056398868929996,0.060270626384046476,0.059546415645060045,0.05876061410111198,0.06089247079577822,0.06363801008070338,0.0652526210830672,0.06743499697929817,0.07051943566928744,0.06824172669327498,0.06550803257301918,0.06066827859993678,0.057889334370791155,0.05557917969782157,0.052377730610981,0.05109371161835962,0.04987366291184974,0.04959768454227603,0.0512552650453214,0.0542326365284874,0.057613897098964834,0.06103865960724331,0.06589401614290322,0.07175490638752836,0.07688245228720036,0.08139351084232027,0.08410905335508552,0.08814970375746232,0.09342074375657838,0.10416440754169429,0.11573171326652217,0.12548711010101093,0.13562846964438688,0.1467114623818012,0.15656337076250637,0.1660733059486879,0.1738021305794559,0.1783315004677086,0.183685137629088,0.18939232637102196,0.19548248120740827,0.20124623390720825,0.20851447896801018,0.21839088977602683,0.2315078165215678,0.2503573430830363,0.2713334477804936,0.2925423613612728,0.31434885198990137,0.333429490583568,0.347444849181018,0.35980053683092283,0.3714004398390613,0.3802648218843124,0.39023749380195755,0.3986973687648426,0.41073028050942967,0.4227901777494483,0.43654602958417954,0.4523443581834721,0.46805573543359263,0.4840181703937888,0.4937357955855942,0.49791590875789205,0.5024339118637684,0.5086689218793838,0.5163777737071946,0.5229686593364383,0.5275754377718608
ENSG00000230147,0.0,0.0,0.0,0.0,0.0,0.0,0.0,0.0,0.0,0.0,0.0,0.0,0.002540264770801668,0.012071318341716906,0.02013718818301114,0.026463666507549957,0.030135258776651748,0.031549455811603073,0.030101729580109548,0.02747803361776582,0.023413547694366293,0.02155866049917645,0.019465003332747897,0.014875795341236038,0.010892633331008301,0.006171380304759402,0.0007044188411014188,0.0,0.0,0.0,0.0,0.0,0.0,0.0,0.0,0.0,0.0,0.0,0.0,0.0,0.0,0.0,0.0,0.0,0.0,0.0,0.0,0.0,0.0,0.0,0.0,0.0,0.0,0.0,0.0,0.0,0.0,0.0,0.0,0.0,0.0,0.0,0.0,0.0,0.0,0.0,0.0,0.0,0.0,0.0,0.0,0.0,0.0,0.0,0.0,0.0,0.0,0.0,0.0,0.0,0.0,0.0,0.0,0.0,0.0,0.0,-0.0033147766224272727,-0.016247502284592676,-0.0270762282555669,-0.03534189848554803,-0.041876509077650025,-0.04768148625665011,-0.05102069650763868,-0.05439748948533117,-0.058437923471268124,-0.062246192484941044,-0.0656617711995961,-0.06892367950448308,-0.06992703922536138,-0.0676893562937516
ENSG00000272855,0.0,0.0,0.0,0.0,0.0,0.0,0.0,0.0,0.0,0.0,0.0,0.0,0.0,0.0,0.0,0.0,0.0,0.0,0.0,0.0,0.0,0.0,0.0,0.0,0.0,0.0,0.0,0.0,0.0,0.0,0.0,0.0,0.0,0.0,0.0,0.0,0.0,0.0,0.0,0.0,0.0,0.0,0.0,0.00274567730640781,0.011731480867542323,0.02353811952862618,0.033654823137560554,0.04302219945902705,0.05123609150851448,0.059089748288803125,0.06697236591669563,0.07439879346933684,0.08234800682562403,0.0906998613974719,0.09990105117623137,0.10705352604823892,0.11235557812036367,0.11604822209780642,0.11782909448725595,0.1181383813716433,0.11861352687574965,0.11845543781606863,0.11802864032337851,0.11834351759580326,0.11908984767888273,0.11905653189832704,0.11922878753200072,0.11854271254115425,0.11745771886889031,0.11467458153887217,0.1131923864841,0.11324740368948531,0.11506736355069973,0.11636650450193471,0.12200936597450757,0.12777832967894628,0.13578966603854298,0.14559197928795956,0.15543964383005657,0.16820522618575023,0.18389313485168368,0.19830187792252976,0.20682825460756038,0.21754263868684443,0.22889442435810908,0.24234316710955306,0.2586735071491242,0.27572322203798727,0.2851309134707159,0.2959742688728002,0.30633578602915384,0.31871768688879953,0.3329960232934332,0.35260391284988224,0.37106479643109447,0.39158974175860706,0.4145399338434408,0.4371075014833456,0.4603817244246189,0.4855478834386943
ENSG00000224935,0.0,0.0,0.0,0.0,0.0,0.0,0.0,0.0,0.0,0.0,0.0,0.0,0.0,0.0,0.0,0.0,0.0,0.0,0.0,0.0,0.0,0.004640151478972812,0.01693171060468765,0.02589582463172515,0.034994431909428816,0.042950486577057655,0.050218675369031504,0.042827689943652276,0.030893745525953056,0.02327700535908329,0.015440284583510802,0.008261423625974254,0.0012832623478410447,0.0,0.0,0.0,0.0,0.0,0.0,0.0,0.0,0.0,0.0,0.0,0.0,0.0,0.0,0.0,0.0,0.0,0.0,0.0,0.0,0.0,0.0,0.0,0.0,0.0,0.0009908747145231844,0.005251457414598581,0.011329186354266102,0.017032433061041564,0.023199366017950918,0.028853172833739657,0.034457695199148555,0.041693850830614596,0.04903977946583553,0.05679758378968033,0.06356659011755243,0.07491531188899898,0.08786215476202504,0.10187370288291986,0.11471367324877725,0.12657804730869757,0.13710382354599385,0.14834542391032005,0.16282182315710975,0.17811226017201381,0.19237080212830696,0.20767669224527535,0.2215543171024972,0.24201544269809805,0.262181017662674,0.28331907704233655,0.30696843626056625,0.33550048852866293,0.3655499923617821,0.3963359580575658,0.4241129301056932,0.45701644347425546,0.49087598718293446,0.5236245847216169,0.558837413610913,0.5954355731285957,0.6289071617101143,0.6623122438093122,0.6960359125802721,0.7283217210645428,0.7608691670329468,0.7917470480062101
ENSG00000267583,0.0,0.0,0.0,0.0,0.0,0.0,0.0,0.0,0.0,0.0,0.0,0.0,0.0,0.0,0.0,0.0,0.0,0.0,0.0,0.0,0.0,0.0,0.0,0.0,0.0,0.0,0.0,0.0,0.0,0.0,0.0,0.0,0.0,0.0,0.0,0.0,0.0,0.0,0.0,0.0,0.0,0.0,0.0,0.0,0.0,0.0,0.0,0.0,0.0,0.0,0.0,0.0,0.0,0.0,0.0,0.003277544069148094,0.011219174352845142,0.019239740434175808,0.027304739461432023,0.03749865007131521,0.04713145174423921,0.05708953151865145,0.06496632215355082,0.06959113736139941,0.07087477920151876,0.07375964801969245,0.07613431399827392,0.08072907149840954,0.08710972598331193,0.09344995341360947,0.10475505059268353,0.12052298129123704,0.13836424732039046,0.1542359179526243,0.16060129622173056,0.16506770889359773,0.172724971611572,0.18000573354095717,0.18396881463822312,0.19053107151140777,0.1937947373651575,0.1910783134807447,0.1877625110075416,0.1847197908364735,0.1782418868828635,0.18131569727492142,0.18467962108055394,0.19121175112449257,0.19898108898481628,0.2039711914275139,0.20224920630509652,0.19694654842214684,0.1881180830689102,0.17435040942174798,0.15634589785677214,0.13669244271339548,0.11800721883729981,0.10181205755874718,0.0854749680565938,0.069805980469744
ENSG00000203876,0.0,0.0,0.0,0.0,0.0,0.0,0.0,0.0,0.0,0.0,0.0,0.0,0.0,0.0,0.0,0.0,0.0,0.0,0.0,0.0,0.0,0.0,0.0,0.0,0.0,0.0,0.0,0.0002358961719788046,0.0028648622862422852,0.006261119658585885,0.010040048929500573,0.013689386821415482,0.01766626469823954,0.02374000848474991,0.030256032390474807,0.037001470238540245,0.04267959483964585,0.0458406079784609,0.04680761593560706,0.04483351734413796,0.042053708573286205,0.039006577836444054,0.037533277843196794,0.03656499181913172,0.032919506442053846,0.03180378280425691,0.03154103632854036,0.030012170591206137,0.02713174187187773,0.025723248044106032,0.026064782120405968,0.02550709754574604,0.025196096682715635,0.025853571459329944,0.027074063324351666,0.02865345156771594,0.030807046756438194,0.031069029463272297,0.029559386833273298,0.02638454721302765,0.02242213141682596,0.01112450716048868,0.0031227825739232173,0.0,0.0,0.0,0.0,0.0,0.0,0.0,0.0,0.0,0.0,0.0,0.0,0.0,0.0,0.0,0.0,0.0,0.0,0.0,0.0,0.0,0.0,0.0,0.0,0.0,0.0,0.0,0.0,0.0,0.0,0.0,0.0,0.0,0.0,0.0,0.0,0.0
ENSG00000250261,0.0,0.0,0.0,0.0,0.0,0.0,0.0,0.0,0.0,0.0,0.0,0.0,0.0,0.0,0.0,0.011896771506780448,0.03597891897444214,0.0502731635620489,0.05609616250540113,0.0604280446188486,0.06228170041426297,0.0634907260558209,0.06562656595403704,0.06675780234679597,0.06857376587475118,0.06931950800091535,0.07008097358656777,0.07000568578828906,0.06933657305968549,0.06528435951679185,0.05978156229439817,0.054413824223907094,0.04901665866292169,0.04697732295451709,0.0448475760795276,0.04075234327085973,0.038316914880610994,0.03688182334068293,0.035036076989568184,0.03240585934316875,0.029930335321906674,0.028358930302451162,0.027094920680498794,0.027889472213091147,0.022279362574968715,0.017691212028179228,0.013712227544264415,0.011561224106011974,0.009661108454624718,0.008131895412236363,0.006770598467954879,0.004270116496480428,0.0013551189857336403,0.0,0.0,0.0,0.0,0.0,0.0,0.0,0.0,0.0,0.0,0.0,0.0,0.0,0.0,0.0,0.0,0.0,0.0,0.0,0.0,0.0,0.0,0.0,0.0,0.0,0.0,0.0,0.0,0.0,0.0,0.0,0.0,0.0,0.0,0.0,0.0,0.0,0.0,0.0,0.0,0.0,0.0,0.0,0.0,0.0,0.0,0.0
ENSG00000182759,0.0,0.0,0.0,0.0,0.0,0.0,0.0,0.0,0.0,0.0,0.0,0.0,0.0,0.0,0.0018041132995446807,0.02795363762942431,0.04693451239079492,0.061331568834980574,0.0736098160137322,0.08460588646442861,0.09417751589912525,0.09794330250428235,0.10179323667585102,0.10599591475948945,0.11027869464428361,0.11411536171823819,0.11636060553106282,0.11856363664113766,0.12036091408555251,0.12207521258983446,0.12260846843098988,0.12309130469424834,0.12361097168899386,0.12438384173367854,0.1248093649124367,0.12661511288215083,0.12957306835274432,0.13167753368348917,0.13340264025283244,0.13513362597730036,0.13834555625376257,0.14427300114226216,0.15331038766414026,0.1648070313518695,0.17782272131549592,0.1887154641106599,0.19445806752725214,0.1988695331477638,0.20337388568708456,0.20615622418314603,0.20738258954080704,0.20799998173215534,0.20914558927255722,0.2104190363185644,0.2121763339922082,0.21488990920262907,0.21871187154283714,0.22375270059326652,0.23217717965537474,0.2445087447167519,0.2572793610298097,0.2705071812679148,0.28426676219554686,0.29741828092287825,0.3101144511573316,0.3206519893812905,0.33058543424691483,0.3412139950736718,0.3532606920676858,0.3667432344983579,0.37938484721292537,0.3912777471202325,0.4019201574738995,0.4114668300409736,0.4205105962024293,0.42887703907723074,0.43719629006086147,0.4452093692288085,0.45318762227652204,0.4596736650674843,0.46445382867541807,0.4698973347778862,0.47724069488226933,0.4913197010032682,0.5079329526621692,0.5267474668848038,0.5471654217528963,0.5701061405052666,0.5927077863777447,0.6236237023962132,0.6570982717647511,0.6902177243023203,0.7263804744521329,0.7653889283463159,0.8009571244749429,0.8392357745870898,0.8816379554933239,0.9234127418982611,0.9647564900764142,1.003345090002882
ENSG00000175514,0.0,0.0,0.0,0.0,0.0,0.0,0.0,0.0,0.0,0.0,0.0,0.0,0.0,0.0,0.0,0.0,0.0,0.0,0.0,0.0,0.0,0.0,0.0,0.0,0.0,0.0,0.0,0.0,0.0,0.00045555915146376185,0.001735790586322945,0.0029152835636726245,0.003327193388742991,0.0020679258561931294,0.0009553659293771628,0.0,0.0,0.0,0.0,0.0,0.0,0.0,0.0,0.0,0.0,0.0037011582183285904,0.00717544448546047,0.010388518940663768,0.013940373092022566,0.016914149730502454,0.019280939507748347,0.020393097112261612,0.020988241250085558,0.02110236871565016,0.020368466863198924,0.020176503437556344,0.022441305924312014,0.026755739756559135,0.03075459685447893,0.03464137316874058,0.03955966214762427,0.044165337557122396,0.04964242908315751,0.05544424114521598,0.061313085775807484,0.06670193263616844,0.0729284503123894,0.07852393443729029,0.0837338129636613,0.08895269240640627,0.09365334796785757,0.09478998714173953,0.09518430301292741,0.09533546717013493,0.0939228465423632,0.09208021064102373,0.08728785887058568,0.07920444477731621,0.07124829063919988,0.06426024255083963,0.05736373927411516,0.05545300098634767,0.055352018071424584,0.05738072258552955,0.06085285677701147,0.0665081846517817,0.07304558205222984,0.07732613669689327,0.0814399390361285,0.08464232688895586,0.08266264407566858,0.0746403266550319,0.06091413671708777,0.049762075936278405,0.03960065623767856,0.02905637672176732,0.018760760317905554,0.008556482150798657,1.4610608367423193e-05,0.0
ENSG00000242482,0.0,0.0,0.0,0.0,0.0,0.0,0.0,0.0,0.0,0.0,0.0,0.0,0.0,0.0,0.0,0.0,0.0,0.0,0.0,0.0,0.03850897094170681,0.06870300478303631,0.08431104906988655,0.09535827172634627,0.10461409560919718,0.11260756340860341,0.11954147991129023,0.12611947578566104,0.1322894859547238,0.1379349640692101,0.1430178431362926,0.14770125043521357,0.15236475349152864,0.15639920146853875,0.16067089603992887,0.16532903231804083,0.16999026318922322,0.1743280832444122,0.17746341656128126,0.17431551702574583,0.16741320242232802,0.15604864775440555,0.14188080768724223,0.12013284104808868,0.0876627814576611,0.045223154337741,0.027702506725561148,0.015140443996730216,0.00449932837400676,0.0,0.0,0.0,0.0,0.0,0.0,0.0,7.228706656514849e-05,0.00027128901689101915,0.0012824527980114082,0.002574812152087324,0.006985386702800582,0.01431599977217485,0.024991688059224866,0.038617819911519656,0.05265709939714468,0.06428752050527532,0.0753992835142213,0.08781686028623108,0.10238399217929957,0.12881674641769617,0.16059231210358,0.192292281345538,0.22604163724212098,0.26266953624036005,0.29317754722407635,0.323215539506232,0.35180114004126845,0.37624597157504697,0.39629520068421864,0.41562130884369264,0.43365808599595035,0.45702507598083414,0.4864298326986995,0.5122445177823427,0.5367292468146246,0.555707366368214,0.5727628898354341,0.5886093086158728,0.6049137842663754,0.6242103274529489,0.6417055459555966,0.6579628741421372,0.6719722152458265,0.6844695852588337,0.6957209140569282,0.7089827606006794,0.7246060633616893,0.7417837241474896,0.7616963380913947,0.7833201889847092
ENSG00000267603,0.0,0.0,0.0,0.0,0.0,0.0,0.0,0.0,0.0,0.0,0.0,0.0,0.003956844212079858,0.014663283093272667,0.023159098598260125,0.0298935899866346,0.03557789953655696,0.03636384751034172,0.037185163842656875,0.035124761351961194,0.03254080069598244,0.029602298638443113,0.026383777374942515,0.024740707425675048,0.023737311557357452,0.02282917052684216,0.021653557241704063,0.023133110881134525,0.025105802352373224,0.025095165246408896,0.023737927276743894,0.021720611933165414,0.020805284298643496,0.02147377570442067,0.024047718079010065,0.028578203287862872,0.03462018594959517,0.04015768216090116,0.04536924354688062,0.05057885085159375,0.05551297684470358,0.060254488362160755,0.06674443505318119,0.07190796380416535,0.07883266540259831,0.08414268068822403,0.08983118505617488,0.09811969140525094,0.10814429427345355,0.11861538126846412,0.1288495362411143,0.14004205755922308,0.15059272008120117,0.1610449083470864,0.16713488566246854,0.17232146423402395,0.17790540428060775,0.1856707919455152,0.19795319749701382,0.21394181957762518,0.23357201932644833,0.2557898646019539,0.2769985101156418,0.2967398022472162,0.31585436740863115,0.33319378679856243,0.35235995118289803,0.37414323265802935,0.3973029204930147,0.4220797364333941,0.4472668356223736,0.47486646150361833,0.5022729506339448,0.5327637330652161,0.5666039665166116,0.6009961979076197,0.633075045053529,0.6659463262251122,0.6973342706391236,0.7293751776283027,0.7610709558855694,0.7945321885129076,0.8315801541149771,0.8683250395215053,0.9073232662889142,0.9406504736418885,0.9773351458502498,1.0174676294702172,1.0558911341209265,1.0986664912742954,1.1329634485678237,1.161335234407873,1.1883591355719572,1.2178258591494533,1.2511304980790834,1.2859561719993642,1.3225433418389854,1.3588930350129553,1.3962880622349005,1.433496881250823
ENSG00000180279,0.0,0.0,0.0,0.0,0.0,0.0,0.0,0.0,0.0,0.0,0.0,0.0,0.0,0.0,0.0,0.0,0.0,0.0,0.0,0.0,0.0,0.010511815965001215,0.021956225301039602,0.027689654830808434,0.03044180117395146,0.03282712033796564,0.035861575729405286,0.03856886391559152,0.03972125921094814,0.040859139083649694,0.04200584323298083,0.043052256757570344,0.04329752463021205,0.03895971322068823,0.03249320555189958,0.022933725618385067,0.012916250665161923,0.004796330291478617,0.0,0.0,0.0,0.0,0.0,0.0,0.0,0.0,0.0,0.0,0.0,0.0,0.0,0.0,0.0,0.0,0.0,0.0,0.0,0.0,0.0,0.0,0.0,0.0,0.0,0.0,0.0,0.0,0.0,0.0,0.0,0.0,0.0,0.0,0.0,0.0,0.0,0.0,0.0,0.0,0.0,0.0,0.0,0.0,0.0,0.0,0.0,0.0,0.0,0.0,0.0,0.0,0.0,0.0,0.0,0.0,0.0,0.0,0.0,0.0,0.0,0.0
ENSG00000249790,0.0,0.0,0.0,0.0,0.0,0.0,0.0,0.0,0.0,0.0,0.0,0.0,0.0,0.0,0.0,0.0,0.0,0.0,0.0,0.0,0.0,0.0,0.0,0.0,0.0,0.0,0.0,0.0,0.0,0.0,0.0,0.0,0.0,0.0,0.0,0.0,0.0,0.0,0.0,0.0,0.0,0.0,0.0,0.0,0.0,0.0,0.0,0.0,0.0,0.0,0.0,0.0,0.0,0.0,0.0,0.0,0.0,0.0,0.0,0.0,0.0,0.0,0.0,0.0,0.0,0.0,0.0,0.0,0.0,0.0,0.0,0.0,0.0,0.0,0.0,0.0,0.0,0.0,0.0,0.0,0.0,0.0,0.0,0.0,0.0,0.0,0.0,0.0,0.0,4.1770352402779384e-05,0.013221151874898739,0.03319126615122108,0.05889902856843649,0.09559887837838901,0.1318126824100889,0.1705402283018922,0.20995090805554242,0.24878495365978057,0.28954389496260124,0.3314522286126187
ENSG00000177133,0.0,0.0,0.0,0.0,0.0,0.0,0.0,0.0,0.0,0.0,0.0,0.0,0.0,0.0,0.0,0.0,0.0,0.0,0.0,0.0,0.0,0.0,0.0,0.0,0.0,0.0,0.0,0.0,0.0,0.0,0.0,0.0,0.0,0.0,0.0,0.0,0.0,0.0,0.0,0.0,0.0,0.0,0.0,0.0,0.0,0.0,0.0,0.0,0.0,0.0,0.0,0.0,0.0,0.0,0.0,0.0,0.0,0.0,0.0,0.0,0.0,0.0,0.0,0.0,0.0,0.0,0.0,0.0,0.0,0.0,-0.013469849013031512,-0.037493584065523035,-0.06721757823485328,-0.09896327478927262,-0.13735948229504838,-0.17990109686743477,-0.217613691384657,-0.25202645290175035,-0.281572392139366,-0.31000196796257934,-0.3363862787850047,-0.3593398971597362,-0.3865037027772581,-0.4097163796510164,-0.43044238622692577,-0.44337114522381266,-0.45330636951170894,-0.4643011639687325,-0.47632259168699825,-0.48772821404195654,-0.5015027478675933,-0.5165365863435617,-0.5335579837217028,-0.5484294205720346,-0.5632312652316375,-0.5793603082921319,-0.5960198285316373,-0.6125141682410955,-0.6295304182583432,-0.6447052738584121
ENSG00000253177,0.0,0.0,0.0,0.0,0.0,0.0,0.0,0.0,0.0,0.0,0.0,0.0,0.0,0.0,0.0,0.0,0.0,0.0,0.0,0.0,0.0,0.0,0.0,0.0,0.0,0.0,0.0,0.0,0.0,0.0,0.0,0.0,0.0,0.0,0.0,0.0,0.0,0.0,0.0,0.0,0.0,0.0,0.0,0.0,0.0,0.0,0.0,0.0,0.0,0.0,0.0,0.0,0.0,0.0,0.0,0.0,0.0,0.0,0.0,0.0,0.0,0.0,0.0,0.0,0.0,0.0,0.0,0.0,0.0,0.0,0.0,0.0,0.0,0.0,0.0,0.0,0.0,0.0,0.0,0.0,0.0,0.0,0.0,0.0,0.0,0.0,0.0,0.0,0.006436397146389361,0.026246841082981007,0.04870507285870393,0.07006769556914394,0.08919163697541628,0.10314387673146042,0.11535034797937939,0.1260588352758065,0.13508808910722836,0.14209055647082575,0.1481146783093224,0.15549674738413358
ENSG00000250551,0.0,0.0,0.0,0.0,0.0,0.0,0.0,0.0,0.0,0.0,0.0,0.0,0.0,0.0,0.0,0.0,0.0,0.0,0.0026218520090609946,0.01908664268784846,0.033556169862807274,0.045613116015541556,0.053410842937445864,0.05571601337611889,0.05474379104939595,0.053664689937972895,0.051754510339950884,0.04971689904887583,0.047735447353367245,0.046848341025773566,0.04552836872019748,0.04376604196564672,0.04219129857206005,0.03993204797857864,0.03865100982754464,0.037317864424402145,0.03523921517231496,0.03314681420936956,0.030502738399299248,0.024411571799452768,0.012914922641194433,0.0,0.0,0.0,0.0,0.0,0.0,0.0,0.0,0.0,0.0,0.0,0.0,0.0,0.0,0.0,0.0,0.0,0.0,0.0,0.0,0.0,0.0,0.0,0.0,0.0,0.0,0.0,0.0,0.0,0.0,0.0,0.0,0.0,0.0,0.0,0.0,0.0,0.0,0.0,0.0,0.0,0.0,0.0,0.0,0.0,0.0,0.0,0.0,0.0,0.0,0.0,0.0,0.0,0.0,0.0,0.0,0.0,0.0,0.0
ENSG00000064042,0.0,0.0,0.0,0.0,0.0,0.0,0.0,0.0,0.0,0.0,0.0,0.0,0.0,0.0,0.0,0.0,0.0,0.0,0.0,0.0,0.0,0.0,0.0,0.0,0.0,0.0,0.0,0.0,0.0,0.0,0.0,0.0,0.0,0.0,0.0,0.0,0.0,0.0,0.0,0.0,0.0,0.0,0.0,0.0,0.0,0.0,0.0,0.0,0.0,0.0,0.0,0.0,0.0,0.0,0.0,0.0,0.0,0.0,0.0,0.00509206985206089,0.011701933632420303,0.01775654489819319,0.02180306680105886,0.02470486802627676,0.02790381361196304,0.029473923964359737,0.029078024701804112,0.02661022961857572,0.02302637062045882,0.018229590600615825,0.010896673434731297,0.003792325368902009,0.0,0.0,0.0,0.0,0.0,0.00020094813050695727,0.004986375581547227,0.0025521082166269906,0.002291265295603415,0.011884312230018608,0.020935559584937997,0.03266065967230162,0.04064127412957252,0.04574114697968481,0.05245865191158248,0.05886960664391861,0.06529236907576895,0.07079261737368445,0.07594158025224199,0.07828799240399524,0.07815712035308577,0.08089866384412882,0.07867998471449147,0.07126657873456459,0.06243325221387241,0.05519387536776975,0.04821845408596716,0.0392748832295133
ENSG00000225399,0.0,0.0,0.0,0.0,0.0,0.0,0.0,0.0,0.0,0.0,0.0,0.0,0.0,0.0,0.0,0.0,0.0,0.0,0.0,0.0,0.0,0.0,0.0,0.0,0.0,0.0,0.0,0.0,0.0,0.0,0.0,0.0,0.0,0.0,0.0,0.0,0.0,0.0,0.0,0.0,0.0,0.0,0.0,0.0,0.0,0.0,0.0,0.0,0.0,0.0,0.0,0.0,0.0,0.0,0.0,0.0,0.008242953980631705,0.03823246623126207,0.07390680393686362,0.11504543504420213,0.16066300802222253,0.20574547684245598,0.24807976997953093,0.29057213145801397,0.32838644916557813,0.3662233551611696,0.4085206773884458,0.4523674842922469,0.49639480833426264,0.5406325970816824,0.590794249486572,0.6412045384896498,0.6940690691543544,0.7503733482802458,0.8079598759397099,0.8736726316268035,0.9375133170861634,1.0044556501323887,1.0648493213465617,1.1238066591655411,1.1771827449901302,1.222443704412991,1.2625309929002964,1.306743076460513,1.3521826747035997,1.3999477660211934,1.4507675121959993,1.5007755253834598,1.5498210465629603,1.6068381907587788,1.6683657030538532,1.7292582519403275,1.7937262480749974,1.8602264658055268,1.918844466603524,1.981532110456737,2.049415534233809,2.117360193957297,2.1898044520251694,2.2680138913671173
ENSG00000249838,0.0,0.0,0.0,0.0,0.0,0.0,0.0,0.0,0.0,0.0,0.0,0.0,0.0,0.0,0.0,0.0,0.0,0.0,0.0,0.0,0.0,0.0,0.0,0.015989257802332856,0.03836244288437728,0.05442921013505497,0.06615680628813352,0.07496276631934432,0.08246548595731867,0.08818497536733508,0.09302243739705622,0.097127327911863,0.10103796229944756,0.10484337279700685,0.10913450599014295,0.11317943406163941,0.11676716278274737,0.11918122349606325,0.12148219923811017,0.1237809690446654,0.12400923012363635,0.12439508132913671,0.1252852720652129,0.12611058722343838,0.1270326368923461,0.12724557959215368,0.1288828743490281,0.13175608388694568,0.13464220531370094,0.13774151244116223,0.14122440981713016,0.14654313763137267,0.15034374165320905,0.1529025686135703,0.1574777939245876,0.163470061994475,0.17068683976601604,0.1805972900313845,0.18903780247248114,0.19758625891858614,0.20784625289775904,0.21943622877684588,0.22960700254494995,0.24068850728061048,0.2529908494169871,0.2625699764037011,0.27518531158287607,0.28804911481930534,0.29825495879887925,0.3065113813165218,0.31606333384996066,0.32398942882180937,0.3302014306382245,0.33870170805842337,0.34741849931685564,0.35728895500120045,0.36891772771017617,0.38248418411384294,0.39623701731049954,0.4138115244876517,0.43186910110434484,0.4491910210801351,0.469696553900786,0.4911270388326357,0.5111473541843639,0.5250431518661166,0.5392216111619967,0.5569380699195986,0.5749466112640726,0.5949764278409014,0.6140805309295982,0.6323295897268457,0.6507031626850921,0.6641784873290666,0.676008359744222,0.6879834455517523,0.7005186452772757,0.7130349013749516,0.7250679402891239,0.7353184822037877
ENSG00000254403,0.0,0.0,0.0,0.0,0.0,0.0,0.0,0.0,0.0,0.0,0.0,0.0,0.0,0.0,0.0,0.0,0.0,0.0,0.0,0.0,0.0,0.007425310944598226,0.019978334145385013,0.012228099317692838,0.007956112976148726,0.005109050040079924,0.0015693731927320061,0.0013067645109163936,0.0,0.0,0.0,0.0,0.0,0.0,0.0,0.0,0.0,0.0,0.0,0.0,0.0,0.0,0.0,0.0,0.0,0.0,0.0,0.0,0.0,0.0,0.0,0.0,0.0,0.0,0.0,0.0,0.0,0.0,0.0,0.0,0.0,0.0,0.0,0.0,0.0,0.0,0.0,0.0,0.0,0.0,0.0,0.0,0.0,0.0,0.0,0.0,0.0,0.0,0.0,0.0,0.0,0.0,0.0,0.0,0.0,0.0,0.0,0.0,0.0,0.0,0.0,0.0,0.0,0.0,0.0,0.0,0.0,0.0,0.0,0.0
ENSG00000228820,0.0,0.0,0.0,0.0,0.0,0.0,0.0,0.0,0.0,0.0,0.0,0.0,0.0,0.0,0.0,0.0,0.0,0.0,0.0,0.0,0.0,0.0,0.0,0.0,0.0,0.0032469183855728316,0.012507772066366158,0.019623370154581907,0.025498757305804063,0.03091189338262979,0.03454468572177228,0.037856991676040286,0.039690001264443824,0.03785192835938259,0.036209252036102924,0.03349790728891371,0.03148747732370759,0.029186115336181716,0.02748624601186341,0.026766413836991354,0.02499020722316188,0.02397526312131443,0.022814919755910983,0.024221298759885865,0.026219711993434723,0.027995484973237977,0.02858925119701922,0.02752255494897574,0.026622201798031635,0.027034283043907693,0.029481003654356283,0.0317920422184441,0.03416050718471745,0.0360621564001529,0.0398954051693312,0.04395440797581044,0.04791123499940118,0.05107763183776651,0.05341294607737192,0.05761052390630126,0.06276857251810157,0.06942611814508218,0.07626062992647942,0.07301034812240323,0.07031592807093666,0.07027326042315475,0.0684183978152112,0.06671828655806421,0.06768474239925876,0.06692884519040287,0.06497623609527388,0.06306041220776024,0.06231188830518105,0.06602186018655319,0.07409965708649661,0.0859395537666274,0.10388301888685957,0.12394520819707244,0.14388232471298676,0.16231733832995224,0.18142105327835284,0.20275422887140782,0.2234046687515594,0.24015438043921,0.25443135645972026,0.2723502997205022,0.2923152990626787,0.3134261537623146,0.33338620764357096,0.35384433192309783,0.3692399686054638,0.382292532199132,0.3957085728072417,0.41283464388518204,0.43381023956108256,0.4574585732793382,0.48217184745397257,0.5091335847698597,0.5399655247624301,0.5743259458342852
ENSG00000133116,0.0,0.0,0.0,0.0,0.0,0.0,0.0,0.0,0.0,0.0,0.0,0.0,0.0,0.0,0.0,0.0,0.0,0.0,0.0,0.0,0.0,0.0,0.0,0.0,0.0,0.0,0.0,0.0,0.0,0.0,0.0,0.0,0.0,0.0,0.0,0.0,0.0,0.0,0.0,0.0,0.0,0.0,0.0,0.0,0.0,0.0,0.0,0.0,0.0,0.0,0.0,0.0,0.0,0.0,0.0,0.0,0.0,0.0,0.0,0.0,0.0,0.0,0.0,0.0,0.0,0.0,0.0,0.0,0.0,0.0,0.0,0.0,0.0,0.0,0.0,0.0,0.0,0.0,0.0,0.0,0.0,0.0,0.0,0.0,0.0,0.0,0.0,0.0,0.0,0.0,0.0,0.0,0.0,-0.01978625609946663,-0.034253357439620984,-0.04843094975921908,-0.06444238388281176,-0.08154107327610297,-0.09972784109141483,-0.11731107967971616
ENSG00000280304,0.0,0.0,0.0,0.0,0.0,0.0,0.0,0.0,0.0,0.0,0.0,0.0,0.0,0.0,0.0,0.0,0.0,0.0,0.0,0.0,0.0,0.0,0.0,0.0,0.0,0.0,0.0,0.0,0.0,0.0,0.0,0.0,0.0,0.0,0.0,0.0,0.0,0.0,0.0,0.0,0.0,0.0,0.0,0.0,0.0,0.0,0.0,0.0,0.0,0.0,0.0,0.0,0.0,0.0,0.0,0.0,0.0,0.0,0.0,0.0,0.0,0.0,0.0,0.0,0.0,0.0,0.0,0.0,0.0,0.0,0.0008161701083001292,0.00861912764641575,0.017944599911070357,0.03359637185395424,0.05520275527800171,0.073963178460643,0.08414642653786611,0.09225611170824405,0.10188764445171779,0.11660875431997172,0.13027186343335057,0.13587360892610648,0.13435271535681104,0.12556584637226853,0.11492494084272181,0.10433493405290693,0.08978051718311297,0.07202498021408103,0.053359121228057534,0.030851957300284377,0.013221342454644255,0.0,0.0,0.0,0.0,0.0,0.0,0.0,0.0,0.0
ENSG00000138653,0.0,0.0,0.0,0.0,0.0,0.0,0.0,0.0,0.0,0.0,0.0,0.0,0.0,0.0,0.0,0.0,0.0,0.0,0.0,0.0,0.0,0.0,0.0,0.009685728758041407,0.02809163232029548,0.04184684322941222,0.053006659770486346,0.06158544461909103,0.0694765402589635,0.07850653601751685,0.08708520483075582,0.09509197231785663,0.10214669743018434,0.10211586745570708,0.09935049141661849,0.09285456655923585,0.08819754932518285,0.0835029629556193,0.0783514110444304,0.0739474916332964,0.06951241381857996,0.06426591156202667,0.06080496358137566,0.0561209427298243,0.05106265457356979,0.047316476309072125,0.0448668412514374,0.04967186775097884,0.05693542812622171,0.06742895897756115,0.07869464126881283,0.09060308775821195,0.09765602893702545,0.10460913965443838,0.11002971205484852,0.11403338222707696,0.11769089653059592,0.1244842556647185,0.13330338314114126,0.14216798551523901,0.15089136711271184,0.15965223499538878,0.1667470630531434,0.17055685786620592,0.17431016986000525,0.1766850022258904,0.17578507561264786,0.17711983784558125,0.17952277418188076,0.18181678471886162,0.18393032008208438,0.1846712083163294,0.18719482750661007,0.18901881853065858,0.19387032004698976,0.19983548270238516,0.20537663218117438,0.2097934212331399,0.2126348667927372,0.2164972859124029,0.21945806816289462,0.22285630274483154,0.22504052311716524,0.22201438659527872,0.21711071058773648,0.2142193479536689,0.21121013801766253,0.2147523597104508,0.22278459330307016,0.23496760510084916,0.24262003498224438,0.2484562889508938,0.25405557825250286,0.2637939778896539,0.2763459420008926,0.29120936153810206,0.30771929810747384,0.32403299070148134,0.33851361804405516,0.35080307421603263
ENSG00000261829,0.0,0.0,0.0,0.0,0.0,0.0,0.0,0.0,0.0,0.0,0.0,0.0,0.0017728194062768003,0.02144851685822774,0.03733771946342262,0.049383314904855376,0.060226664212148034,0.06882845950060573,0.07419736982761985,0.07728937234465186,0.08057829723142954,0.08465387567370038,0.08881031118763305,0.09307142527463934,0.09622344441397801,0.09917435861701215,0.10112700788217661,0.10336919589837167,0.1061499722766278,0.1083440893421667,0.11042624178171463,0.11265978498213412,0.11453537594625439,0.11499757320568395,0.115420344068532,0.11489116972987351,0.11345032006647092,0.111294051321871,0.10941240664512478,0.10730912644451801,0.10736842571605171,0.10853841146701497,0.10937947132028447,0.10894852956896144,0.11007583475459118,0.11159156511752777,0.11133164316907071,0.11021886798991187,0.10986463762800891,0.10804708552850063,0.10496608046178445,0.10262475143251186,0.09944570850183836,0.09550151510340317,0.09276367955467563,0.09160652595919049,0.09137457982540588,0.09360819857868241,0.09783880616048865,0.10165236978853695,0.10255005764764676,0.1015581572105861,0.10033418519030485,0.10048204786128738,0.09947227198112597,0.09884246112464315,0.09819256394312971,0.09867049347352493,0.10046057412793698,0.1033669865650445,0.106743455316647,0.11036208393557384,0.11268566427114168,0.1107591712791225,0.1069263577227768,0.10073495252837117,0.09344250207508907,0.0852272678542708,0.07422193866275664,0.060900195213973475,0.04677024198137088,0.027962801129076353,0.006568981140715653,0.0,0.0,0.0,0.0,0.0,0.0,0.0,0.0,0.0,0.0,0.0,0.0,0.0,0.0,0.0,0.0,0.0
ENSG00000287373,0.0,0.0,0.0,0.0,0.0,0.0,0.0,0.0,0.0,0.0,0.0,0.0,0.0,0.0,0.0,0.0,0.0,0.0,0.0,0.0,0.0,0.0,0.0,0.0,0.0,0.0,0.0,0.0,0.0,0.0,0.0,0.0,0.0,0.0,0.0,0.0,0.0,0.0,0.0,0.0,0.0,0.0,0.0,0.0,0.015144238094819535,0.0505903749058592,0.07112188118467949,0.08830469125890013,0.10108432541933418,0.11159928513121518,0.1234961483479053,0.13273230923686266,0.13982040957503464,0.14552639483283258,0.14998171807204247,0.15447169827227408,0.15846718506634483,0.1628554233523069,0.16828005944241523,0.17574203817419637,0.1848438397581741,0.1966208897145381,0.2061984750567018,0.21523832758868724,0.22550814037631087,0.23527256247562758,0.2445313873655412,0.2528620139945386,0.2586445472751074,0.26527841768306876,0.27835919725636504,0.29412705456738575,0.31080740977989113,0.32709479315878437,0.34002092159084596,0.3519086198238968,0.36338821189612386,0.3749576159869412,0.38403996319913425,0.39384870518039333,0.39990090556788077,0.41259437893192513,0.427708370516635,0.42287820558396066,0.4132601342433723,0.3984808695032793,0.38545611578059835,0.3764280686006432,0.37372919351671163,0.3776942637452319,0.3860207953816988,0.394004102013044,0.39691195764907494,0.3910667534719131,0.38675627500417886,0.3826184244245897,0.37847189630883515,0.3762587599496144,0.3768150262221174,0.3823455292960997
ENSG00000286103,0.0,0.0,0.0,0.0,0.0,0.0,0.0,0.0,0.0,0.0,0.0,0.0,0.0,0.0,0.0,0.0,0.0,0.0,0.0,0.0,0.0,0.0,0.0,0.0,0.0,0.0,0.0,0.0,0.00027788485673183033,0.004366068936858663,0.009479387695395731,0.014517948056873755,0.01943964956965621,0.0216359539823837,0.0238903227975125,0.027393876530811732,0.029815441263450364,0.03171748191351355,0.03402908990095775,0.03711120840553222,0.03926105717678829,0.04033567699602658,0.043575586421092945,0.044942252123738986,0.03484938644073446,0.018004699299207172,0.004019361748363261,0.0,0.0,0.0,0.0,0.0,0.0,0.0,0.0,0.0,0.0,0.0,0.0,0.0,0.0,0.0,0.0,0.0,0.0,0.0,0.0,0.0,0.0,0.0,0.0,0.0,0.0,0.0,0.0,0.0,0.0,0.0,0.0,0.0,0.0,0.0,0.0,0.0,0.0,0.0,0.0,0.0,0.0,0.0,0.0,0.0,0.0,0.0,0.0,0.0,0.0,0.0,0.0,0.0
ENSG00000269495,0.0,0.0,0.0,0.0,0.0,0.0,0.0,0.0,0.0,0.0,0.0,0.008049496097183594,0.01639010122668533,0.022769150153763712,0.02807766830314639,0.03359415997351142,0.03868536864607584,0.043568629112846896,0.04851262428653397,0.05080002456613351,0.05266953812455706,0.0534246590722265,0.0546642549956735,0.055528959723121545,0.056869771485513435,0.05878932752122694,0.060869406400951856,0.06221192554015086,0.06322930776196298,0.06321001816283962,0.06291957205283,0.06234228750644563,0.06270327252735156,0.06588307979993839,0.0692121148954957,0.07432198700185365,0.07833321590471114,0.08291436796189398,0.08775117246946017,0.09221207770033485,0.09799514411764029,0.10450197787353763,0.10922295897456424,0.1130454344343994,0.11418230738111025,0.11515044118568099,0.11847921786015948,0.12142746730357017,0.12396010369995554,0.12646352636549685,0.12812993122921051,0.12957187074638346,0.13151674850974984,0.1339749416671747,0.13820288615539528,0.1410435304626341,0.14377058975505957,0.1469351341585511,0.15011166836661943,0.1524971600878249,0.1566356051447459,0.16021004232204983,0.16423261980121245,0.16923847912223697,0.1723737570374335,0.17714868369844305,0.18438167976686437,0.19185074860050283,0.19950462875827338,0.20623967194661505,0.2123765997334717,0.21658183959725144,0.21949361173933712,0.22314392411588835,0.22538350034593138,0.22923786064245885,0.2341885438585191,0.23969050932597336,0.24496523129676656,0.24940396171842039,0.25401179943433855,0.25928105559780135,0.2652000664968547,0.2734759235833306,0.2781545662432659,0.2808383633244732,0.28392755371430833,0.28555375156930723,0.29021755903218793,0.29670046722057825,0.30506198195611217,0.31236095366433847,0.31842857727582474,0.32455898748909984,0.3297838825528917,0.3339386093767278,0.3384786085170505,0.34395863200861326,0.34938851154156825,0.35560326002606185
ENSG00000288005,0.0,0.0,0.0,0.0,0.0,0.0,0.0,0.0,0.0,0.0,0.0,0.0,0.0,0.0,0.0,0.0,0.0,0.0,0.0,0.013286360183828377,0.029875292454413595,0.04337048889769932,0.05354539817308441,0.06179544483611798,0.06882335526116468,0.07424608954415562,0.0792304572156628,0.083435879205498,0.08641681746832845,0.08867792851423006,0.09086714834230594,0.09315923251891386,0.0957057257116318,0.09870811485302369,0.10270835048214123,0.10789307061914229,0.11268348208446505,0.1173828658507618,0.12207282016753529,0.12770115181738065,0.13401765488954237,0.14097448217514824,0.14734099967589626,0.15265522264404835,0.15816287964957607,0.16339180975647566,0.16813619444713773,0.17313811458261777,0.17801484800404938,0.18324827450551034,0.18855030363225894,0.19402040685455363,0.19986168873225027,0.20564169504809177,0.21197993633365167,0.2182769189086782,0.22406828543920956,0.23085937321269137,0.2379164996578464,0.24484805086810368,0.2514674642963307,0.2581787517144067,0.2643223307318285,0.27078813506542054,0.2770245149676091,0.2838861260640947,0.2909141240851253,0.29904547632173406,0.3091706637049097,0.3207279362429695,0.33240505830535955,0.3426386098718206,0.35295978167601344,0.36178628159164045,0.3681460342092059,0.37313839013619104,0.3800748474025654,0.3872894572602794,0.3936661949720573,0.40087867077034683,0.40816715714511403,0.4221043620348245,0.43681732134145634,0.4553136082105499,0.4777384440690673,0.49897563943012996,0.5231184756635195,0.5491621329793613,0.5751171674293838,0.6042360301289272,0.6301214872939567,0.6569533244303908,0.686422777297719,0.7157643739417208,0.7437782086134411,0.7738869625088698,0.8042931197330836,0.8320619876233636,0.8604699313510272,0.8875674076576133
ENSG00000248144,0.0,0.0,0.0,0.0,0.0,0.0,0.0,0.0,0.0,0.0,0.0,0.0,0.0,0.0,0.0,0.0,0.0,0.0,0.0,0.0,0.0,0.0,0.0,0.0,0.0,0.0,0.0,0.0,0.0,0.0,0.0,0.0,0.0,0.0,0.0,0.0,0.0,0.0,0.0,0.0,0.0,0.0,0.0,0.0,0.0,0.0,0.0,0.0,0.0,0.0,0.0,0.0,0.0,0.0,0.0,0.0,0.0,0.0,0.0,0.0,0.0,0.0,0.0,0.0,0.0,0.0,0.0,0.0,0.0,0.0,0.0,0.0060527160929966855,0.015371953660471659,0.019542623129096902,0.018558106935502576,0.015736197352197855,0.010108541116770562,0.0029502218813650806,0.0,0.0,0.0,0.0,0.0,0.0,0.0,0.0,0.0,0.0,0.0,0.0,0.0,0.0,0.0,0.0,0.0,0.0,0.0,0.0,0.0,0.0
ENSG00000260991,0.0,0.0,0.0,0.0,0.0,0.0,0.0,0.0,0.0,0.0,0.0,0.0,0.0,0.0,0.0,0.0,0.0,0.0,0.0,0.0,0.005294690172463486,0.027206835315454654,0.0424368314124916,0.051942467246838764,0.055037401154168386,0.05617373224241553,0.056395441533763434,0.055551271215912926,0.05458658202641309,0.05379625648780191,0.053866636372637174,0.05393365872513555,0.05339253387293959,0.05160584330702255,0.050706301431810694,0.04968957398651352,0.049665413543349704,0.04878607023503995,0.0476014152081814,0.04614490303785309,0.04530367786113849,0.0464334378147305,0.04904165911477194,0.05451039826242628,0.061917768802475265,0.06806430293328218,0.07390654574748363,0.0815614536523768,0.09005144620041014,0.09766614606691576,0.10302393843983712,0.10716502820577352,0.11047918236742536,0.11437220120398892,0.12284712294746622,0.13227645639881824,0.1413922419694187,0.14990912769422576,0.1604413398080507,0.1725571395563398,0.18537081954892537,0.19909340864456912,0.21377120230029253,0.2307342610320463,0.24700203715771482,0.2642209508769664,0.28136452235417836,0.3000933709681115,0.3184187107466569,0.3379954820720564,0.3581413504171335,0.3750923830535376,0.3903987779530172,0.40700941218898856,0.42884190305567527,0.4544943928169224,0.48214325322893675,0.5103955634145441,0.5362579547114139,0.5616895573073816,0.5883937535209559,0.6257229573794861,0.6651063789451014,0.7038471532607847,0.7481065525905831,0.7929279777464451,0.8451919473095916,0.8969895726927613,0.9421008953319802,0.9893065968051301,1.033087153715979,1.0754194879230292,1.1200721058304546,1.1648517991859342,1.203737683924806,1.2444669459397113,1.288164538369647,1.330374498798053,1.3751471145069671,1.4216876718694997
ENSG00000225292,0.0,0.0,0.0,0.0,0.0,0.0,0.0,0.0,0.0,0.0,0.0,0.0,0.0,0.0,0.0,0.0,0.0,0.0,0.0,0.0,0.0,0.0,0.0,0.0,0.0,0.0,0.0,0.0,0.0,0.0,0.0,0.0,0.0,0.0,0.0,0.0,0.0,0.0,0.0,0.0,0.0,0.0,0.0,0.0,0.0,0.0,0.0,0.0,0.0,0.0,0.0,0.0,0.0,0.0,0.0,0.0,0.0,0.0,0.0,0.0,0.0,0.0,0.0,0.0,0.0,0.0,0.0,0.0,0.0,0.0,0.0,0.0,0.0,0.0,0.0,-0.004009667448872578,-0.014414166149669146,-0.027098017944779385,-0.0393885311403564,-0.051093798889665754,-0.06316442615871024,-0.08109233285158718,-0.1033897266449348,-0.12912613611080717,-0.16066285646638634,-0.1923850236088253,-0.22078030660068534,-0.24377270056192432,-0.26383059359658434,-0.28354887613698987,-0.29846157354073316,-0.31093968548555095,-0.32142030314743975,-0.3275481256140444,-0.33710655637546233,-0.34827199439536727,-0.36074405371807095,-0.3747646183708124,-0.3906270879255983,-0.40697693760436376
ENSG00000003436,0.0,0.0,0.0,0.0,0.0,0.0,0.0,0.0,0.0,0.0,0.0,0.0,0.0,0.0,0.0,0.0,0.0,0.0,0.0,0.0,0.0,0.0,0.0,0.0,0.0,0.0,0.0,0.0,0.0,0.0,0.0,0.0,0.0,0.0,0.0,0.0,0.0,0.0,0.0,0.0,0.0,0.0,0.0,0.0,0.0,0.0,0.0,0.0,0.0,-0.011091250605121533,-0.0302819561267411,-0.0459095369271995,-0.060524283142462665,-0.07568925975890968,-0.08924378686045646,-0.10233703182550744,-0.11598288830325207,-0.12768554063501708,-0.14069546695425553,-0.1538986224103865,-0.16634732202758767,-0.17960192962710925,-0.1933431357366115,-0.20706698965559872,-0.22394307668395444,-0.24251087022434498,-0.26421355983725764,-0.2928264900277141,-0.32405462862389106,-0.3558084440822729,-0.3901429563404773,-0.4203580837182986,-0.452640246213055,-0.486977775891026,-0.5201259252662629,-0.5463182943048343,-0.5705568570273076,-0.5960302879784445,-0.6241518376960249,-0.656090010850528,-0.6910528673919585,-0.7395456345017739,-0.7989184524033612,-0.8517281806555882,-0.9007348383317544,-0.9467066924886095,-0.9955257771943834,-1.0488544011540966,-1.0989890097628319,-1.1552435115425734,-1.2091534417614005,-1.2646361705908762,-1.3301600619178071,-1.3992120238184231,-1.4732831687076358,-1.5556364400495408,-1.6439680407457777,-1.7288635027521233,-1.817175411792576,-1.906498016601387
ENSG00000205126,0.0,0.0,0.0,0.0,0.0,0.0,0.0,0.0,0.0,0.0,0.0,0.0,0.0,0.0,0.0,0.0,0.0,0.010259665827854234,0.02588421280718269,0.03703516493575651,0.04569790715330684,0.05263823722707799,0.05776334304078753,0.06368805935624752,0.06909098532328548,0.0743697315028221,0.07869827157644979,0.08175173328212029,0.08405816040255133,0.08572272851568705,0.08747882771400799,0.08932792670512214,0.09158450446465558,0.09431558794999864,0.09664750885772398,0.09883291245809642,0.10091468952829141,0.10305135568730721,0.10485059495517028,0.10600721605754479,0.10548825189578512,0.1029695021057926,0.10155812538780043,0.10104728350128446,0.10114249776929675,0.10225066885560775,0.10510734767494136,0.10776155537819264,0.1094890562870152,0.10903140319790355,0.11008094877317032,0.1110559017243345,0.1130067043033542,0.11518036028226131,0.11673753912425419,0.11607659200461794,0.11497185321015926,0.11630161998492161,0.11653082412282649,0.11436705253972447,0.10737416751076119,0.10009593821551646,0.0919126514502613,0.08196659106558468,0.07444237963522893,0.06804570673669112,0.06387361297247184,0.06064994974268495,0.05572510375772555,0.05137355370002266,0.048982018000084455,0.04943394056967089,0.05002789133580716,0.05287228314051899,0.057768514632292746,0.06531741687026899,0.07374061213123478,0.084549773467224,0.09624356902892706,0.10938393952932624,0.12248268271238681,0.13320307536599454,0.15019880345167672,0.1659286144836175,0.18233180659141174,0.18685295914800376,0.1930454762805171,0.19818416209043388,0.20336186305167975,0.20929172151320488,0.21311773963362365,0.21635913447422198,0.21924899914565874,0.2208834938017207,0.22380179774631273,0.22786207977012016,0.23095349455001435,0.23297658655316072,0.23469618864026767,0.2372592537642593
ENSG00000133800,0.0,0.0,0.0,0.0,0.0,0.0,0.0,0.0,0.0,0.0,0.0,0.0,0.0,0.0,0.0,0.0,0.0,0.0,0.0,0.0,0.0,0.0,0.0,0.0,0.0,0.0,0.0,0.0,0.0,0.0,0.0,0.0,0.0,0.0,0.0,0.0,0.0,0.0,0.0,0.0,0.0,0.0,0.0,0.0,0.0,0.0015373818662189154,0.0052972334094329365,0.009460080066490609,0.015559449333823075,0.024302578511818745,0.03244439839394562,0.0404562678643053,0.046347297114885055,0.05662250152790502,0.06759518305957184,0.07834916133715389,0.08694886578618082,0.09643679630108314,0.10447193223345073,0.11127181301927322,0.11324836821164568,0.11391723268478711,0.11107665434051095,0.10520308960290557,0.10020434485669422,0.09577202946144105,0.09059445633651003,0.07976943334980062,0.0735066853059369,0.07045613933611582,0.06481938635428566,0.059046046816839774,0.05279132052852418,0.04314757776491818,0.036134395492758015,0.030148869893842002,0.017982761142924315,0.0024646728873787774,0.0,0.0,0.0,0.0,0.0,0.0,0.0,0.0,0.0,0.0,0.0,0.0,0.0,0.0,0.0,0.0,0.0,0.0,0.0,0.0,0.0,0.0
ENSG00000102547,0.0,0.0,0.0,0.0,0.0,0.0,0.0,0.0,0.0,0.0,0.0,0.0,0.0,0.0,0.0,0.0,0.0,0.0,0.0,0.0,0.0,0.0,0.0,0.0,0.0,0.0,0.0,0.0,0.0,0.0,0.0,0.0,0.0,0.0,0.0,0.0,0.0,0.0,0.0,0.0,0.0,0.0,0.0,0.0,0.0,0.0,0.0,0.0,0.0,0.0,0.0,0.0,0.0,0.0031498409824357574,0.012623657674452587,0.021455556316072846,0.02769150756588524,0.032697577959461564,0.04210463753100861,0.05121853945842,0.05990670792540852,0.06851935977031642,0.07693714929646571,0.08605956818222173,0.09616504907564292,0.10570317654375301,0.1179108645608408,0.1333567587847641,0.149174858802382,0.16504661042676505,0.18398617524877192,0.20276339034643467,0.2256355700241943,0.2539527265296716,0.28797646881957567,0.3253669855290081,0.36645225256552344,0.41007097442946144,0.449400052288197,0.49117293333600803,0.5352181673211481,0.5880386778907895,0.6406885536282558,0.6951890984278102,0.7539609620345114,0.8077214577936317,0.8696668729354677,0.9385366566616676,1.002159767566207,1.075829812454442,1.146589250303397,1.214846043368405,1.2848327586684622,1.354890378170349,1.4163139309137485,1.4810455434114547,1.549041831215562,1.6137678795300558,1.6808224940275451,1.747274883407817
ENSG00000270069,0.0,0.0,0.0,0.0,0.0,0.0,0.0,0.0,0.0,0.0,0.0,0.0,0.0,0.0,0.0,0.0,0.0,0.0,0.0,0.0,0.0,0.0,0.0,0.0,0.0,0.0,0.0,0.0,0.0,0.0,0.0,0.0,0.0,0.0,0.0,0.0,0.0,0.0,0.0,0.0,0.0,0.0,0.0,0.0,0.0,0.0023725218424469775,0.0016361648272710191,0.0,0.0,0.0,0.0,0.0,0.0,0.0,0.0,0.0,0.0,0.0,0.0,0.0,0.0,0.0,0.0,0.0,0.0,0.0,0.0,0.0,0.0,0.0,0.0,0.0,0.0,0.0,0.0,0.0,0.0,0.0,0.0,0.0,0.0,0.0,0.0,0.0,0.0,0.0,0.0,0.0,0.0,0.0,0.0,0.0,0.0,0.0,0.0,0.0,0.0,0.0,0.0,0.0
ENSG00000204053,0.0,0.0,0.0,0.0,0.0,0.0,0.0,0.0,0.0,0.0,0.0,0.0,0.0,0.0,0.0,0.0,0.0,0.0,0.0,0.0,0.0,0.0,0.0,0.0,0.0,0.0,0.0,0.0,0.0,0.0,0.0,0.0,0.0,0.0,0.0,0.0,0.0,0.0,0.0,0.0,0.0,0.0,0.0,0.0,0.0,0.0,0.0,0.0,0.0,0.0,0.0,0.0,0.0,0.0,0.0,0.0,0.0,0.0,0.0,0.0,0.0,0.0,0.0,0.0,0.0,0.0,0.0,0.0,0.0,0.0,0.0,0.0,0.0,0.0,0.0,0.0,0.0,0.0,0.0,0.0,0.0,1.4159466226827017e-05,0.0,0.0,0.0,0.0,0.0,0.0,0.0,0.0,0.0,0.0,0.0,0.0,0.0,0.0,0.0,0.0,0.0,0.0
ENSG00000131737,0.0,0.0,0.0,0.0,0.0,0.0,0.0,0.0,0.0,0.0,0.0,0.0,0.0,0.0,0.0,0.0,0.0,0.0,0.0,0.0,0.002223950511430377,0.037099766598690805,0.0527520195780876,0.062458175040036555,0.06888048600783059,0.07413699916483356,0.0783923068492864,0.08270971006189219,0.08661569188971804,0.08932774098398386,0.09190549159369543,0.09427618882630875,0.09661868840197624,0.09893294543800062,0.10129333449724198,0.10369992914607735,0.10627289981810849,0.10876253356993835,0.1110221016896359,0.11177913832256169,0.11134030442147588,0.11079291147007055,0.1109439623339588,0.11093320408189873,0.11002427632233779,0.10880461633264271,0.10761337695572822,0.10498194536139009,0.1009689458506739,0.09515966207813385,0.0894234100354108,0.0844118500989715,0.0795127864602828,0.0744913884816046,0.07436830113548332,0.07648005324922957,0.07968827157130187,0.08247241796079431,0.0843139931102842,0.08727108957126993,0.08925837785623196,0.09264544713198887,0.09840551355201096,0.1083711245437602,0.12278454091631752,0.13494202929911356,0.14729706878115154,0.1552166876049149,0.15902541582629023,0.1612916213036915,0.16298219492389104,0.16384906546406824,0.16402785954546428,0.16421512012793538,0.16318386935427875,0.16250927029706702,0.16271855325250095,0.16418548306362118,0.16616124293637344,0.1689725698172245,0.17212654584262518,0.17715328531825747,0.1840998861197823,0.19051003758310023,0.1981230772444622,0.20447970564526702,0.2104778710195642,0.2178204440175651,0.22633200186955835,0.2351859024122842,0.24349057001940635,0.250798022359387,0.25879169116315504,0.2652945684992282,0.2704458202933071,0.276557630623812,0.2837204734307739,0.29148005876840105,0.2999690580610439,0.30918061165895994
ENSG00000286628,0.0,0.0,0.0,0.0,0.0,0.0,0.0,0.0,0.0,0.0,0.0,0.0,0.0,0.00952783612927826,0.024370917321802892,0.036755851797216826,0.05015167238643989,0.06274072951073707,0.07253246501605401,0.08129357978534629,0.08872517244350821,0.09440473390349786,0.10092909308123643,0.10857139146676377,0.11565873421834699,0.12306631258421241,0.13037094197093396,0.13696510418189178,0.14336656741325624,0.1497441780512201,0.15515139802092082,0.16042184710968607,0.16596334018329167,0.1716654989736418,0.17736650520792893,0.18401054512720702,0.18986242322517075,0.19550735056147803,0.2012968233258695,0.20692884868141084,0.21250488930596106,0.21830312818891145,0.2249396416547342,0.23022747282708148,0.23429208736385781,0.2385957622329488,0.2418718393866739,0.24379548496582118,0.24542206587274487,0.24744500053549512,0.24890511196724516,0.25188231912996456,0.2541963150368507,0.25617598236955347,0.26010560918738523,0.26489240493966226,0.27145175443183833,0.27818751202819003,0.28569846231130797,0.291919128563457,0.2953629775847323,0.298084336113483,0.30152936309033773,0.30524375833905676,0.3088879486071579,0.31559480715099514,0.323147853460957,0.3301602498187535,0.33685650061214445,0.34271249974412177,0.349602290578181,0.35906850887357167,0.3694632413449687,0.3805328632101646,0.3896439850887336,0.3994503474372495,0.40879229854725146,0.4187559292212869,0.42768067050703334,0.43762546111821204,0.4482217599708146,0.46118092616282164,0.4786222818677121,0.5005957943893208,0.526178041432649,0.550069940672344,0.5765823047972618,0.6044345207849936,0.6301886515481889,0.6608047353386354,0.6895014682004272,0.7153180644897034,0.7405765931952911,0.7667551432887804,0.7931984906314139,0.8218235677139475,0.8518451168545071,0.8799147326841962,0.908943609512056,0.9357531046460407
ENSG00000186369,0.0,0.0,0.0,0.0,0.0,0.0,0.0,0.0,0.0,0.0,0.0,0.0,0.0,0.0,0.0,0.0,0.0,0.0,0.0,0.0,0.0,0.0,0.0,0.0,0.0,0.0,0.0,0.0,0.0,0.0,0.0,0.0,0.0,0.0,0.0,0.0,0.0,0.0,0.0,0.0,0.0,0.0,0.0,0.0,0.0,0.0,0.0,0.0,0.0,0.0,0.0,0.0,0.0,0.0,0.0,0.0,0.0,0.0,0.0,0.0,0.0,0.0,4.6452809242288e-05,0.011018710835076197,0.022264909468641514,0.028217020168203988,0.036501155363839244,0.04329844788980295,0.045349579922560446,0.0477269542320761,0.049638280003465,0.050177674564672994,0.04957602080291393,0.046784629360743346,0.04052591247041968,0.03307538870182893,0.028528627572608906,0.025185811941288088,0.024424081442757414,0.025639502810155434,0.02493052430716266,0.02376594268633372,0.02445244912603877,0.03200182310585969,0.036136131309660764,0.03771348746271994,0.040509073604428285,0.043854607909121754,0.047460546643345355,0.05410283743862407,0.06422934636877653,0.07523539401072264,0.08736085888734275,0.09454690669877928,0.0978226886462845,0.1001269157757563,0.10041917927994844,0.09779975905154692,0.09418870087661423,0.08594024839620899
ENSG00000102383,0.0,0.0,0.0,0.0,0.0,0.0,0.0,0.0,0.0,0.0,0.0,0.0,0.0,0.0,0.0,0.0,0.0,0.0,0.0,0.0,0.0,0.0,0.0,0.0,0.0,0.0,0.0,0.0,0.0,0.0,0.0,0.0,0.0,0.0,0.0,0.0,0.0,0.0,0.0,0.0,0.0,0.0,0.0,0.0,0.0,0.0,0.0,0.0,0.0,0.0,0.0,0.0,0.0,0.0,0.0,0.0,0.0,0.0,0.0,0.0,0.0,0.0,0.0,0.0,0.0,0.0,0.0,0.0,0.0,0.0,0.0,0.0,0.0,0.0,0.0,0.0,0.0,0.0,0.0,0.0,0.0,0.0,0.0,0.0,-0.0016805885365350174,-0.008931726639250749,-0.02073547139285231,-0.031824776145403855,-0.04481898379737276,-0.05749477066356126,-0.06391815327487733,-0.0647516797273517,-0.06059115348743574,-0.056208978680105,-0.04707270971948247,-0.035851620578815135,-0.024315809961318532,-0.015823998712769422,-0.008726478440279942,-0.0011425504383250548
ENSG00000198873,0.0,0.0,0.0,0.0,0.0,0.0,0.0,0.0,0.0,0.0,0.0,0.0,0.0,0.0,0.0,0.0,0.0,0.0,0.0,0.0,0.0,0.0,0.0,0.0,0.0,0.0,0.0,0.0,0.0,0.0,0.0,0.0,0.0,0.0,0.0,0.0,0.0,0.0,0.0,0.0,0.0,0.0,0.0,0.0,0.0,0.0,0.0,0.0,0.0,0.0,0.0,0.0,0.0,0.0,0.011823627899893562,0.026670650142070294,0.04046271838856841,0.05242149980393274,0.06542666043938414,0.0793544699361155,0.09377425458373183,0.09931395392708572,0.10320522112421049,0.10267421317541396,0.10245588169870996,0.10356579762184995,0.10584797087592226,0.10641025609483769,0.10145135612536046,0.09384476300902807,0.08608725883617586,0.07680484939303667,0.060608704280557896,0.03917771284935878,0.013143837730658527,0.0,0.0,0.0,0.0,0.0,0.0,0.0,0.0,0.0,0.0,0.0,0.0,0.0,0.0,0.0,0.0,0.0,0.0,0.0,0.0,0.0,0.0,0.0,0.0,0.0
ENSG00000267714,0.0,0.0,0.0,0.0,0.0,0.0,0.0,0.0,0.0,0.0,0.0,0.0,0.0,0.0,0.0,0.0,0.0,0.0,0.0,0.0,0.0,0.0022777211589587796,0.004306212385644627,0.00614683042525842,0.008216219333676033,0.010061725142180592,0.011090507876208138,0.010657005887172956,0.00901043711082341,0.007179923363397217,0.006426575409088873,0.0060665049679724005,0.006281928434826822,0.007433390559417535,0.010437449663694687,0.015132070519586684,0.017987875214832666,0.018529146388635294,0.016302731713441466,0.01287305689802734,0.010464524883967322,0.004575263621360482,0.0,0.0,0.0,0.0,0.0,0.0,0.0,0.0,0.0,0.0,0.0,0.0,0.0,0.0,0.0,0.0,0.0,0.0,0.0,0.0,0.0,0.0,0.0,0.0,0.0,0.0,0.0,0.0,0.0,0.0,0.0,0.0,0.0,0.0,0.0,0.0,0.0,0.0,0.0,0.0,0.0,0.0,0.0,0.0,0.0,0.0,0.0,0.0,0.0,0.0,0.0,0.0,0.0,0.0,0.0,0.0,0.0,0.0
ENSG00000253721,0.0,0.0,0.0,0.0,0.0,0.0,0.0,0.0,0.0,0.0,0.0,0.0,0.0,0.0,0.0,0.0,0.0,0.0,0.0,0.002529700316921935,0.020991041217931123,0.03510232253885777,0.045839955346438845,0.05408133781226064,0.06126210610094213,0.06770765153525707,0.07360024350561138,0.07906743242948572,0.08477164504935099,0.08959334702350583,0.09426119297930358,0.09862429912276297,0.10337044164191252,0.1087289726857379,0.11443839263139961,0.12042839751952096,0.12635009917898127,0.13214617101960208,0.13777906084749847,0.14241120613646302,0.14651474728558053,0.15188844127939924,0.1587845025403149,0.16562714462373046,0.17173201116948503,0.17670065870924193,0.18138156594302232,0.1827114947683613,0.18385689825758722,0.1843758222141747,0.1839919811483933,0.18377278628723676,0.18424061153946722,0.18461495130253835,0.18403098486049066,0.1837970523172279,0.18417393749755767,0.18579931444983783,0.18997528572861652,0.19509477373076847,0.20179119001353268,0.20956052896886487,0.2170372118729395,0.2246251147720881,0.23309960596367663,0.2416454585259504,0.25130822413566817,0.2620702185294736,0.27377160312939025,0.28438937899624167,0.29492459580470964,0.305760379927252,0.3164656875568318,0.329929264844123,0.3425955938165639,0.355125671951464,0.36846399596915314,0.3841648179162005,0.40028313090036977,0.41639244803546144,0.43214714354509703,0.45073735861480824,0.4708628562336987,0.4911293307198852,0.5120432127196507,0.5328497261168511,0.5536015264847804,0.578053457245247,0.6034479098948441,0.6335751713305566,0.6639515125170571,0.694810665143241,0.7275511407140068,0.7623462531074928,0.7921039468034553,0.8240132359560137,0.8587173954336051,0.8933064520597443,0.9298430645255576,0.96722466713798
ENSG00000167992,0.0,0.0,0.0,0.0,0.0,0.0,0.0,0.0,0.0,0.0,0.0,0.0,0.0,0.0,0.0,0.0,0.0,0.0,0.0,0.0,0.0,0.0,0.0,0.0,0.0,0.0,0.0,0.0,0.0,0.0,0.0,0.0,0.0,0.0,0.0,0.0,0.0,0.0,0.0,0.0,0.0,0.0,0.0,0.0,0.0,0.0,0.0,0.0,0.0,0.0,0.0,0.0,0.0,0.0,0.0,0.0,0.0,0.0,0.0,0.0,0.0,0.0,0.0,0.0,0.0,0.0,0.0,0.0,0.0,0.0,0.0,0.0,0.0,0.0,0.0,0.0,0.0,0.0,0.0,0.0,0.0,0.0,0.0,0.0,0.0,0.0,-0.011798756486900808,-0.02326274942452122,-0.027633913019712665,-0.030790532464629237,-0.03337563674507473,-0.03926511003114341,-0.04671138340006773,-0.05817845388302645,-0.07396501859616836,-0.09047221906125316,-0.10634459850755004,-0.12143752495152323,-0.13709397813830013,-0.15191548573285188
ENSG00000181234,0.0,0.0,0.0,0.0,0.0,0.0,0.0,0.0,0.0,0.0,0.0,0.0,0.0,0.0,0.0,0.0,0.0,0.0,0.0,0.0,0.0,0.0,0.0,0.0,0.0,0.0,0.0,0.0,0.0,0.0,0.0,0.0,0.0,0.0,0.0,0.0,0.0,0.0,0.0,0.0,0.0,0.0,0.0,0.0,0.0,0.0,0.0,0.0,0.0,0.0,0.0,0.0,0.0,0.0,0.0,0.0,0.0,0.0,0.0,0.0,0.0,0.0,0.0,0.0,0.0,0.0,0.0,0.0,0.0,0.0,0.0,0.0,0.0,0.00038148780802925073,0.010822466662862776,0.032743967588616814,0.06922740820372114,0.11160487187638138,0.14812953573310833,0.1860266031760167,0.22582819595193984,0.274955461692346,0.32397620332342053,0.36086338220668907,0.3912611877135687,0.40986627428926714,0.4281423174502315,0.44457023031610116,0.4566804215331305,0.4698757280773405,0.4780266358000798,0.4821272857559878,0.4815634692602524,0.48525493570805217,0.4836004542866842,0.47874451304234317,0.4733269599278066,0.46870389136978147,0.4625701301049688,0.4555857202506702
ENSG00000233304,0.0,0.0,0.0,0.0,0.0,0.0,0.0,0.0,0.0,0.0,0.0,0.0,0.0,0.0,0.0,0.008716811211639093,0.02257638721178961,0.03246473725933717,0.0387199424946736,0.041524503561639114,0.04138613769281441,0.04057450358928311,0.04502659717829251,0.04997600065221301,0.05729778768086555,0.06521459886528512,0.07156957681915241,0.07856654112695412,0.08682614224615888,0.09473461022936155,0.09725843035747854,0.09958168955298578,0.10305362330806188,0.11095022625252686,0.1180776337673469,0.12338610362053971,0.12707456249994387,0.13135369124291799,0.1354200646475836,0.1407591912609881,0.14879843409871887,0.1579025543073459,0.16643250541054214,0.1759269527046037,0.18681750570619962,0.19991194042533944,0.2149950193532959,0.2302133213674063,0.24372949809512887,0.2578711711730774,0.27299921070101074,0.28903816275899363,0.304916099716955,0.3202462351668208,0.33649442456214285,0.3534777017783906,0.36995000123799093,0.3853934987961672,0.4003447089363852,0.41610187625641026,0.43195987155414695,0.4469162721230769,0.4603326658995169,0.47424703216591735,0.48776785084789254,0.5013150734726617,0.5153366446667256,0.5273909015860694,0.5392080797961873,0.5513188903195251,0.5652000654366266,0.5792870612330645,0.5946528752885687,0.6109350240561011,0.6274442833866424,0.6450283622197363,0.6618540780317533,0.6785592910001222,0.6956129643196832,0.715857494638244,0.7363969507288797,0.7591250088753463,0.7835156089686707,0.8079492879209953,0.8335313348315133,0.8573916318804873,0.8844622266180351,0.9138172869519209,0.9422417600203192,0.975090574722596,1.0063793790204338,1.0381923376390605,1.0731998687139752,1.110684822419582,1.1460291538266503,1.1843749232714806,1.2262715416718521,1.2671629110766198,1.310244328294545,1.3533378018034252
ENSG00000183695,0.0,0.0,0.0,0.0,0.0,0.0,0.0,0.0,0.0,0.0,0.0,0.0,0.0,0.0,0.0,0.0,0.0,0.0,0.0,0.0,0.0,0.0,0.0,0.0,0.0,0.0,0.0,0.0,0.0,0.0,0.0,0.0,0.0,0.0,0.0,0.0,0.0,0.0,0.0,0.0,0.0009644741819309462,0.011487862210832363,0.022817454577345065,0.029333927179412307,0.03632108270479981,0.04237898814117724,0.04440712045269275,0.046739019938456174,0.04636689335141138,0.04586942904642549,0.04595990769626178,0.047787038254646225,0.048931782088671105,0.048788406948733376,0.04762368512247373,0.04572782443349548,0.04381419390945519,0.03954752967938123,0.03324105778844872,0.026141266444058453,0.018569318519652954,0.0070824675358751995,0.0,0.0,0.0,0.0,0.0,0.0,0.0,0.0,0.0,0.0,0.0,0.0,0.0,0.0,0.0,0.0,0.0,0.0,0.0,0.0,0.0,0.0,0.0,0.0,0.0,0.0,0.0,0.0,0.0,0.0,0.0,0.0,0.0,0.0,0.0,0.0,0.0,0.0
ENSG00000226674,0.0,0.0,0.0,0.0,0.0,0.0,0.0,0.0,0.0,0.0,0.0,0.0,0.0,0.0,0.0,0.0,0.0,0.0,0.0,0.0,0.0,0.0,0.0,0.0,0.0,0.0,0.0,0.0,0.0,0.0,0.0,0.0,0.0,0.0,0.0,0.0,0.0,0.0,0.0,0.0,0.0,0.0,0.0,0.0,0.0,0.0,0.0,0.0,0.0,0.0,0.0,0.0,0.0,0.0,0.0,0.0,0.0,0.0,0.0,0.0,0.0,0.0,0.0,0.0,0.0,0.0,-0.008907289738486628,-0.015437641872526513,-0.020559075281710575,-0.026202941118875816,-0.03279790485165003,-0.03953154742248381,-0.04022762304361428,-0.036879172367565306,-0.03482665914309026,-0.03097156586683361,-0.02673916441745225,-0.02237666661106997,-0.02024961194853379,-0.018206049209219716,-0.013812965038970525,-0.0050875571154644925,-0.0018606913389594248,-0.008585791421688357,-0.012836518658055662,-0.014798182298344533,-0.01256790253594703,-0.008883127345227084,-0.004597657840158053,-0.000681511156144148,-0.001742052518776535,-0.0029147020566489532,-0.004818120393984081,-0.006282601277030503,-0.006829426008263127,-0.006832290409978311,-0.004718968110422577,-0.0030633395571780823,-0.0015715531175715155,-4.679979230386939e-05
ENSG00000236120,0.0,0.0,0.0,0.0,0.0,0.0,0.0,0.0,0.0,0.0,0.0,0.0,0.0,0.0,0.0,0.0,0.0,0.0,0.0,0.0,0.0,0.0,0.0,0.0,0.0,0.0,0.0,0.0,0.0,0.0,0.0,0.0,0.0,0.0,0.0,0.0,0.0,0.0,0.0,0.0,0.0038101135627376507,0.01172791176664245,0.022771791010077685,0.03580403920452428,0.04466622661215217,0.04746260610254536,0.052673886677815716,0.05713461991559454,0.06487359226277231,0.07374754107405337,0.08271877913266833,0.09834778244917601,0.11321934109722362,0.12831896492434516,0.14301685936659694,0.1571952809733102,0.17302447225158718,0.19150041068386595,0.20761274305509794,0.22363152539115622,0.24092115771431047,0.2581621536682281,0.27694723761312245,0.2977773854080213,0.31592672515738224,0.334414988296756,0.35296062878030426,0.3697367790785955,0.38602357607271176,0.39911440525976505,0.4085967792694049,0.41725836689986917,0.42320210065754355,0.4286912330642575,0.43429165607241077,0.43814453950368504,0.4433085158467065,0.45075338326563114,0.4575786861091105,0.46232663711105765,0.46947870553432647,0.47794479396514555,0.48970622507743505,0.49837838019434444,0.5060800078394524,0.5095169131945252,0.5184327563645351,0.5297841740614333,0.5371500002219561,0.5445879249147622,0.5514264926956853,0.5583338864003762,0.5665168998479476,0.5754395468274149,0.5834766629344976,0.5903287617014535,0.5982819277757663,0.6075023441901407,0.6169844403441658,0.6228125158504086
ENSG00000135318,0.0,0.0,0.0,0.0,0.0,0.0,0.0,0.0,0.0,0.0,0.0,0.0,0.0,0.0,0.0,0.0,0.0,0.0,0.0,0.0,0.0,0.0,0.0,0.0,0.0,0.0,0.0,0.0,0.0,0.0,0.0,0.0,0.0,0.0,0.0,0.0,0.0,0.0,0.0,0.0,0.0,0.0,0.0,0.0,0.0,0.0,0.0,0.0,0.0,0.0,0.0,0.0,0.0,0.0,0.0,0.0,0.0,0.0,0.0,0.0,0.0,0.0,0.0,0.0,0.0,0.0,0.0,0.0,0.0,0.0,0.0,0.0,0.0,0.0,0.0,0.0,0.0,0.0,0.0,0.0,0.0,0.010560632014222138,0.024343002483197772,0.03867371844170577,0.058273304491834654,0.07741453513541456,0.10062176014976212,0.12823535070302797,0.15806963337634483,0.19593010926585885,0.2335107436352089,0.2713014483172576,0.31294405523428664,0.35156956716243354,0.38650918943068796,0.42077256579887723,0.45392951272596266,0.4832430918985267,0.5107647916907339,0.5359730368370065
ENSG00000137872,0.0,0.0,0.0,0.0,0.0,0.0,0.0,0.0,0.0,0.0,0.0,0.0,0.0,0.0,0.0,0.0,0.0,0.0,0.0,0.0,0.0,0.0,0.0,0.0,0.0,0.0,0.0,0.0,0.0,0.0,0.0,0.0,0.0,0.0,0.0,0.0,0.031542431689464225,0.060260281147441176,0.08389598870985529,0.10592127575251513,0.12442784227250618,0.14317694777546833,0.1584074918881767,0.17080941800945215,0.17970338693431598,0.18592833707188294,0.19208192236047883,0.1971758538073874,0.20005601153972888,0.20305737985324718,0.2055284617324196,0.2072992650273197,0.2105073081211869,0.21290976582348622,0.21571282972397815,0.21926732177411076,0.22008562357545772,0.21891300736205474,0.21989267740759402,0.22310967503354498,0.22628769397795737,0.22952516005904738,0.23198565563547568,0.2360540490822203,0.24070461966978263,0.24600116841593694,0.25446068719308695,0.26913910868764107,0.28743371549596947,0.30939846016194583,0.3312037296510871,0.351703917725457,0.36713345555790683,0.37853351528204104,0.386570209845894,0.3960615254118616,0.4069693871440661,0.41785424085890255,0.4302048557969701,0.4389736718948147,0.446142639059089,0.4522132853055952,0.4523329951500307,0.4469425315183796,0.44175351546379055,0.4384156735933533,0.4324576117265415,0.4300525595400294,0.43368657953113526,0.4404261187454361,0.4498222826832719,0.4607589518745127,0.47338912232583985,0.48603628966306417,0.4926038510808829,0.499250740405973,0.506963916798782,0.5150642681129112,0.5225435640230349,0.5307789821528569
ENSG00000235904,0.0,0.0,0.0,0.0,0.0,0.0,0.0,0.0,0.0,0.0,0.0,0.0,0.0,0.0,0.0,0.0,0.0,0.0,0.0,0.0,0.0,0.0,0.0,0.0,0.0,0.0,0.0,0.0,0.0,0.0,0.0,0.0,0.0,0.0,0.0,0.0,0.0,0.0,0.0,0.0,0.0,0.0,0.0,0.0,0.0,0.0,0.0,0.0,0.0,0.0,0.007628115864814201,0.030939085124317145,0.04987279160484498,0.06946156881914428,0.08846298362073457,0.11057389970413166,0.13455111125212713,0.15649771166844448,0.1757240805911568,0.19213058366675168,0.2066900684791894,0.22281408051029739,0.2358089001183096,0.24713900423283688,0.2574084955836855,0.27487670062028136,0.2969580137711155,0.32340572068728657,0.35056563243679817,0.3788031317707085,0.40721692129994,0.43306816952014265,0.45557456961327336,0.47659982187709554,0.49099049176082554,0.502960751111441,0.5093047983165394,0.511131174770324,0.5149787385863539,0.5214224714227851,0.5299427236275452,0.5461738658398709,0.5690335614281128,0.5929299685072792,0.6160225682471469,0.6423641484353833,0.6692932282748901,0.692026594283604,0.7069073956678384,0.7168246546758588,0.7247523683847449,0.7296909929664515,0.7340058267739131,0.7524793921201071,0.7685042223638433,0.7851313337287774,0.8047779825875047,0.8268199290069964,0.85062677206511,0.8758738028190599
ENSG00000224238,0.0,0.0,0.0,0.0,0.0,0.0,0.0,0.0,0.0,0.0,0.0,0.0,0.0,0.0,0.0,0.0,0.0,0.005628284179643154,0.02779087854675548,0.04347154855086947,0.05594795179347736,0.06794519245614226,0.07782786603270174,0.08684479086680198,0.09488121232645727,0.10140134753121612,0.10730327718481342,0.11208795217751134,0.11364834724131752,0.10983343188671789,0.10710955427939947,0.10501139514976678,0.10361297239702312,0.10214085645528061,0.10246015384166919,0.10437255593220483,0.1075759375952425,0.11078138124880084,0.11403209253939965,0.11847510554818186,0.12355185817779864,0.12873357479835956,0.13165672318356364,0.13400563757893377,0.13640052619687482,0.13744538029252423,0.13838566012498146,0.13586354837061193,0.132027905099577,0.12749796305600197,0.12324088117688657,0.11888739133003759,0.1161199291799472,0.11356383476452968,0.10897454958534983,0.10413778414988221,0.09779012089809645,0.09044245628812037,0.08164857452322248,0.07273026820464765,0.0632028723482871,0.0552348780719244,0.046170516314043786,0.039135546152257734,0.031720090205817626,0.024553278766605714,0.0178283061085721,0.011864734586873921,0.0029753989751742267,0.0,0.0,0.0,0.0,0.0,0.0,0.0,0.0,0.0,0.0,0.0,0.0,0.0,0.0,0.0,0.0,0.0,0.0,0.0,0.0,-0.006213874793828252,-0.013545592647567422,-0.020766980789185784,-0.028959188127378264,-0.036894634798554496,-0.04554444645755693,-0.055026725667004776,-0.06520024413666822,-0.07546791529358841,-0.08552320951720507,-0.09514889722787984
ENSG00000081853,0.0,0.0,0.0,0.0,0.0,0.0,0.0,0.0,0.0,0.0,0.0,0.0,0.0,0.0,0.0,0.0,0.0,0.0,0.0,0.0,0.0,0.0,0.0,0.0,0.0,0.0,0.0,0.0,0.0,0.0,0.0,0.0,0.0,0.0,0.0,0.0,0.0,0.0,0.0,0.0,0.0,0.0,0.0,0.0,0.0,0.0,0.0,0.0,0.0,0.0,0.0,0.0,0.0,0.0,0.0,0.0,0.0,0.0,0.0,0.0,0.0,0.0,0.0,0.0,0.0,0.0,0.0,0.0,0.0,0.0,0.0,0.007623703484920762,0.01826605269210179,0.031023051324802722,0.05349492230666474,0.08151626997220304,0.11371492108014652,0.14733317650199998,0.18045338010724593,0.21358220816767387,0.24448346044409947,0.27503641285480596,0.30422130737832875,0.3389828484159626,0.3806428057848062,0.42217395067805014,0.47067984535023244,0.5229730587214211,0.5699483029779963,0.6259892707399457,0.678050633448667,0.7241076291859915,0.7686476043667739,0.8038495689701965,0.839882268930805,0.8790237625151042,0.916954881217063,0.9522250045239321,0.9887455983668313,1.023476859318948
ENSG00000163145,0.0,0.0,0.0,0.0,0.0,0.0,0.0,0.0,0.0,0.0,0.0,0.0,0.0,0.0,0.0,0.0,0.0,0.0,0.0,0.0,0.0,0.0,0.0,0.0,0.0,0.0,0.0,0.0,0.0,0.0,0.0,0.0,0.0,0.0,0.0,0.0,0.0,0.0,0.0,0.0,0.0,0.0,0.0,0.0,0.0,0.0,0.0,0.0,0.0,0.0,0.0,0.0,0.0,0.0,0.0,0.0,0.0,0.0,0.0,0.0,0.0,0.0,0.0,0.0,0.0,0.0,0.0,0.0,0.0,0.0,0.0,0.0,0.0,0.0,0.0,0.0,0.0,0.0,0.0,0.0,0.0,0.0,0.0,0.0,0.0,0.0,0.0,0.0,0.0007911973540463591,0.0,0.0,0.0,0.0,0.0,0.0,0.0,0.0,0.0,0.0,0.0
ENSG00000183287,0.0,0.0,0.0,0.0,0.0,0.0,0.0,0.0,0.0,0.0,0.0,0.0,0.0,0.0,0.0,0.0,0.0,0.0,0.0,0.0,0.0,0.0,0.0,0.0,0.0,0.0,0.0,0.0,0.0,0.0,0.0,0.0,0.0,0.0,0.0,0.0,0.0,0.0,0.0,0.0,0.0,0.0,0.0,0.0,0.0,0.0,0.0,0.0,0.0,0.0,0.0,0.0,0.0,0.0,0.0,0.0031091813084542117,0.007287315536958614,0.006191265929106538,0.005710896903066515,0.0072979330962200896,0.010381591209962248,0.0154070939430624,0.02006454653761507,0.0262020427019004,0.03443648138863942,0.039256588814177665,0.04307644926023227,0.049273831099624216,0.056404549838003006,0.06590825947062912,0.07353993024286866,0.07902525502991069,0.08320562281234391,0.08615132885958361,0.09252080620515317,0.09725022838998174,0.09970771653009317,0.10492173326390292,0.1137123112990449,0.12480082119373133,0.1355473256362381,0.1500985344831963,0.16472163036355958,0.1779683285070604,0.1932413875919589,0.21119755148502797,0.23378848654299025,0.25879952648652377,0.27734504312044844,0.2938484838311785,0.31392038005055406,0.33424945708524234,0.3562494051708471,0.38264627195355994,0.4082454313783832,0.43443151063514274,0.4615847150964172,0.48875436606449785,0.5178415966880041,0.5486788435826947
ENSG00000221060,0.0,0.0,0.0,0.0,0.0,0.0,0.0,0.0,0.0,0.0,0.0,0.0,0.0,0.0,0.0,0.0,0.0,0.008477331278879716,0.018194045538215256,0.025758163014575328,0.03259290725113004,0.03643124541135444,0.03967124642524909,0.04476411626598134,0.05031465211689478,0.055834973067423264,0.0616329347886407,0.06906924234742146,0.07731387572189,0.08424926249611216,0.09119114862249265,0.09776125764757963,0.10449983462295481,0.11105640107987677,0.11848732564000358,0.12614534227919924,0.13336403275183845,0.14058449131139844,0.14783907736748683,0.1553410976816081,0.16360663161274153,0.17213713375390102,0.18188479476467256,0.19176978020340288,0.19877452064943069,0.20484082360371036,0.21002362934641297,0.2097458822968966,0.2080523351575189,0.20495077388689556,0.2022168740725938,0.2011914269269474,0.20145138322368764,0.20116887176916587,0.20150131448190703,0.2039131293296745,0.20740595196786274,0.2106424466440821,0.21176149086480417,0.2113968600744535,0.2111507327506787,0.2103892683193091,0.20866759254897263,0.20723092749866331,0.20567334424282738,0.20514439636205029,0.20747056408451003,0.21147653100678715,0.21574549407902097,0.22273666174125284,0.23070130634663477,0.23843543960770341,0.24600039407499472,0.2548829528022076,0.2632541375380894,0.2714569355094568,0.28086088640097495,0.29115724333601567,0.30253983363461384,0.31532154151372216,0.32808708221030003,0.33910133624158206,0.3519316020720293,0.3669183633683617,0.38162216019471196,0.39577776516217944,0.41407567374182785,0.4351334929994442,0.4534871565693154,0.473586019976493,0.49335943664959747,0.5119361647516604,0.5301878841143902,0.5466693062155851,0.5611127626538558,0.5763528053617557,0.5933721783113548,0.60971384375029,0.6268193991828219,0.6440467149705595
ENSG00000254826,0.0,0.0,0.0,0.0,0.0,0.0,0.0,0.0,0.0,0.0,0.0,0.0,0.0,0.0,0.0,0.0,0.0,0.0,0.0,0.0,0.0,0.0,0.0,0.0,0.0,0.0,0.0,0.0,0.0,0.0,0.0,0.0,0.0,0.0,0.0,0.0,0.0,0.0,0.0,0.0,0.0,0.0,0.0,0.0,0.0,0.0,0.0,0.0,0.0,0.0,0.0,0.0,0.0,0.0,0.0,0.0,0.0,0.0,0.0,0.0,0.0,0.0,0.0,0.0,0.0,0.0,0.0,0.0,0.0,0.0,0.0,0.0,0.0,0.0,0.0,0.0,0.0,0.0,0.00030496563298779454,0.0023449702827513,0.0036386570641364006,0.0041216761443690535,0.004616522095025979,0.006088721141279397,0.0012439897521441378,0.0,0.0,0.0,0.0,0.0,0.0,0.0,0.0,0.0,0.0,0.0,0.0,0.0,0.0,0.0
ENSG00000262097,0.0,0.0,0.0,0.0,0.0,0.0,0.0,0.0,0.0,0.0,0.0,0.0,0.0,0.0,0.0,0.0,0.0,0.0,0.0,0.0,0.0,0.0,0.0,0.0,0.0,0.0,0.0,0.0,0.0,0.0,0.0,0.0,0.0,0.0,0.0,0.0,0.0,0.0,0.0,0.0,0.0,0.0,0.0,0.0,0.0,0.0,0.0,0.0,0.0,0.0,0.0,0.0,0.0,0.0,0.0,0.0,0.0,0.0,0.0,0.0,0.0,0.0,0.0,0.0,0.0,0.0,0.0,0.0,0.0,0.0,0.0,0.0,0.0,0.0,0.0,0.0,0.0,0.0,0.0,0.0,0.0,0.0,0.0,0.0,-0.027382701632540103,-0.058327225250732494,-0.09380404928572907,-0.12719267033882242,-0.15179928095465875,-0.1809294869551555,-0.20800866069536159,-0.23040129372316584,-0.25054681917140664,-0.2707708591157761,-0.28604263141314956,-0.3010754275049356,-0.31772934601611913,-0.33528283201392256,-0.3538189568058211,-0.37063071181179547
ENSG00000187758,0.0,0.0,0.0,0.0,0.0,0.0,0.0,0.0,0.0,0.0,0.0,0.0,0.0,0.0,0.0,0.0,0.0,0.0,0.0,0.0,0.0,0.0,0.0,0.0,0.0,0.0,0.0,0.0,0.0,0.0,0.0,0.0,0.0,0.0,0.0,0.0,0.0,0.0,0.0,0.0,0.0,0.0,0.0,0.0,0.0,0.0,0.0,0.0,0.0,0.0,0.0,0.0,0.0,0.0,0.0,0.0,0.0,0.0,0.0,0.0,0.0,0.0,0.014800108207106996,0.03697419800068442,0.06918386901566713,0.09385193854559092,0.1196626876884116,0.14789053754374581,0.17509770293102508,0.20310725062235843,0.23242070929604774,0.2625121274230991,0.2896747397842698,0.31134612653930493,0.32320388901697955,0.32833517151259756,0.32997307023898126,0.3318946083084117,0.3329667408454493,0.3338019940902723,0.33130053969022716,0.3239388386955299,0.31398739258733194,0.3043498467515996,0.3082036620749786,0.302387320354213,0.2912713600793124,0.2815422296857146,0.27576325425081494,0.26892962654345803,0.2640088172348468,0.2621957329894703,0.26555531204253036,0.2735880823541203,0.2828567267842843,0.2953424547831052,0.3117217018386955,0.330381882586995,0.34936114338904944,0.3659581677962961
ENSG00000237417,0.0,0.0,0.0,0.0,0.0,0.0,0.0,0.0,0.0,0.0,0.0,0.0,0.0,0.0,0.0,0.0,0.0,0.0,0.0,0.0,0.0,0.0,0.0,0.0,0.0,0.0,0.0,0.0,0.0,0.0,0.0,0.0,0.0,0.0,0.0,0.0,0.0,0.0,0.0,0.0,0.0,0.0,0.0,0.0,0.0,0.0,0.0,0.0,0.0,0.0,0.0,0.0,0.0,0.0,0.0,0.0,0.0,0.0,0.0,0.0,0.0,0.0,0.0,0.0,0.0,0.0,0.0,0.0,0.0,0.0,0.0,0.0,0.0,0.0,0.0,0.0,0.0,0.0,0.0,0.0,0.010661306889673684,0.0373367869625861,0.06636621527298403,0.09610542982014125,0.13455601826195457,0.1683725333265609,0.20735380207645268,0.24859016146993865,0.2905638262466696,0.34095503688890594,0.38445751149317087,0.4260740933117178,0.46970815138300614,0.5142309838787759,0.559548347338282,0.6092475668780254,0.6610826831613849,0.7103862881321938,0.7600618552544813,0.8084743837063946
ENSG00000280436,0.0,0.0,0.0,0.0,0.0,0.0,0.0,0.0,0.0,0.0,0.0,0.0,0.0,0.0,0.0,0.0,0.0,0.0,0.0,0.0,0.0,0.0,0.0,0.0,0.0,0.0,0.0,0.0,0.0,0.0,0.0,0.0,0.0,0.0,0.0,0.0,0.0,0.0014648894156634204,0.002462152791536512,0.002883065729533495,0.004398724631558524,0.007778424068317866,0.012107328352041648,0.01708746380511069,0.024158981430295334,0.031772419121921684,0.038654488386981864,0.04697282501526904,0.056427656376646394,0.06605485309690576,0.07511198667221983,0.08383808527742388,0.09147558760266337,0.09763046578086772,0.10476184599100331,0.11268820856592451,0.12123036287006742,0.12901139115390517,0.13523281499239448,0.13995509452593252,0.14272921634997432,0.1473405914130615,0.14967023128124934,0.1505020180977663,0.151513981936513,0.15081335572469465,0.14937758075137758,0.1501898864275037,0.15377963097253344,0.1574195749025688,0.16056427219362907,0.16392177964066867,0.16858935946619935,0.17493010023963973,0.18215664914274002,0.1881551937454061,0.19240667278790022,0.19699869848950674,0.20117698917298052,0.20529607080193935,0.20949840419749402,0.21644875492353402,0.22679288923795252,0.24509901685404584,0.2680867943988251,0.2883576907851519,0.3044760631409018,0.31808653065986986,0.32765332827284793,0.338349459918194,0.34913831915036947,0.36102428145097903,0.37503571963245935,0.38673482685190463,0.4006648773248105,0.4174349119512093,0.4358056082298648,0.45362920634915227,0.4728297956128913,0.49226554012368456
ENSG00000288040,0.0,0.0,0.0,0.0,0.0,0.0,0.0,0.0,0.0,0.0,0.0,0.0,0.0,0.0,0.0,0.0,0.0,0.0,0.0,0.0,0.0,0.0,0.0,0.0,0.0,0.0,0.0,0.0,0.0,0.0021575638679705816,0.011206490362085583,0.019448472374927913,0.026456683462476045,0.031009982587793517,0.03620549854950327,0.04300754243015565,0.04891565727010988,0.054523285620763626,0.0602365618283359,0.06480408679214587,0.06811123638440425,0.07247502799436677,0.07648034014932874,0.07947699150675822,0.08008519323800004,0.08039751358050672,0.08157309411895762,0.08254583931535338,0.0831696395253243,0.08482113182924925,0.08745768540032076,0.08967938771743715,0.09247617789937021,0.09547030430770279,0.09883291343711179,0.10332601695175594,0.109034365583729,0.11581764138736471,0.12195208038171793,0.1269970639818373,0.13311260549914644,0.13911115012009065,0.14589414168697143,0.1545619305915284,0.16549479309797724,0.17248440298130846,0.17954485528545922,0.18658475807128427,0.19352586754263565,0.19960806900241798,0.20459331524314248,0.21072448233401786,0.21582853065993116,0.22126165616364193,0.22568689051070207,0.2290727025492944,0.23133980090393122,0.23212633657647755,0.23458055812086448,0.23782558041779495,0.23958127334570517,0.2399901700346301,0.2430915843583993,0.2466711861118109,0.2498442312461846,0.2510770278089709,0.2574071898231457,0.26374127922472285,0.26929119925948186,0.2741290690990099,0.28118138151011174,0.28961212865779895,0.29996467173173147,0.313659795000519,0.3283460593639183,0.3447805011389734,0.36154923844987275,0.37622696584066556,0.39115973459386727,0.4078786050866855
ENSG00000259107,0.0,0.0,0.0,0.0,0.0,0.0,0.0,0.0,0.0,0.0,0.0,0.0,0.0,0.0,0.0,0.0,0.0,0.0,0.0,0.0,0.0,0.0,0.0,0.0,0.0,0.0,0.0,0.0,0.0,0.0,0.0,0.0,0.0,0.0,0.0,0.0,0.0,0.0,0.0,0.0,0.0,0.0,0.0,0.0,0.0,0.0,0.0,0.0,0.0,0.0,0.0,0.0,0.0,0.0,0.0,0.0,0.0,0.0,0.0,0.0,0.0,0.0,0.0,0.0,0.0,0.0,0.0,0.0,0.0,0.0,0.0,0.005828298892616434,0.018616997412164948,0.033993623822675276,0.05229647545584545,0.07150331810832157,0.08846996592155296,0.10351492180292675,0.11866022029736838,0.13841342457952735,0.1592121013267909,0.1804160748258011,0.2004879195330263,0.21849491294172818,0.23491948319252393,0.24489680520554816,0.25596276515143385,0.2708994339728542,0.28636461935638535,0.3032250914565101,0.31673713011347737,0.3260711417358388,0.3319834046533053,0.3315382681630793,0.32735852976820484,0.3206710926631699,0.3118191042458956,0.30207462693104886,0.2932879573211834,0.2873910002871588
ENSG00000205636,0.0,0.0,0.0,0.0,0.0,0.0,0.0,0.0,0.0,0.0,0.0,0.0,0.0,0.0,0.005827419945994456,0.0108751077181832,0.015120221097388732,0.019189838552332292,0.022257513835709446,0.02516927162745546,0.02759062429511,0.028981912491503795,0.030303738036256113,0.03228431623935003,0.03477791315771467,0.037253033307931414,0.04033790701700892,0.04301086489402983,0.04568742095653831,0.04875220759074904,0.051355535851502015,0.05371443304196282,0.056943944954665135,0.06330360881770315,0.06878168871442028,0.07350012919238241,0.07764331379338213,0.08232692877876084,0.08676554533940517,0.08993394061343743,0.09267792820130118,0.09576827445366501,0.09846314362485993,0.10185611652336762,0.10412686343328378,0.10599038355521492,0.10805542532930376,0.10961082829499047,0.11019853539351546,0.11137034018282779,0.11361980448756082,0.11660003058494756,0.11905916630806408,0.12099864692576215,0.12168997072802488,0.12187614693783184,0.1238882244059973,0.12781215785733835,0.13068623951447497,0.13427026469238687,0.1389017881961854,0.14480536410837178,0.1521581333362378,0.1584007384900214,0.16617892559391564,0.17389871551738076,0.1833015175313499,0.19220660960927244,0.1996503416950701,0.20625496814269767,0.21378150387824313,0.22001355617421103,0.2263909302774907,0.23416191341084594,0.24270070137594507,0.253484918970305,0.26613404349022785,0.279836365879898,0.29488172429938325,0.3107208359875325,0.32519073593711356,0.34822863077176947,0.3737185219912611,0.3969561459283351,0.42206974725500035,0.4485037947130363,0.4736349372402992,0.49979631503803273,0.5259937175885457,0.5581914901614106,0.5908021940968491,0.6223529033911143,0.6556384952374577,0.6892004533778813,0.7158675521414805,0.7438828268560025,0.7741021847391725,0.804345594654367,0.8361220400828239,0.8686067334696392
ENSG00000264515,0.0,0.0,0.0,0.0,0.0,0.0,0.0,0.0,0.0,0.0,0.0,0.0,0.0,0.0,0.0,0.0,0.0,0.0,0.0,0.010718976743393494,0.021187911931218804,0.02819293395237614,0.03325824738016037,0.03724227262053769,0.04074707563350649,0.043554405631443915,0.044271843567876716,0.04523930600468699,0.045929495420567686,0.04701648091689877,0.04754405301246368,0.0481007455047158,0.049135150776883824,0.051370876105021696,0.05196445106959218,0.0514475155611793,0.05050481903150634,0.05002704362309634,0.04989180930533457,0.05041170520051532,0.051890119885096744,0.055351046904713395,0.05906426177580528,0.06122424731997576,0.06287116902232072,0.06264710584366033,0.062473758320710816,0.06328942397022795,0.06301003552355498,0.06174987796494638,0.06148816247486498,0.06089037142726645,0.061145959824038316,0.06258470381293584,0.061372408485386484,0.06136810872288391,0.06302158309922677,0.06740528467008178,0.07338716672215699,0.07958306557346216,0.08642893586820664,0.09584198688601844,0.10527397044615813,0.11397344564795202,0.12353282713711711,0.13240882464350207,0.14167716879875766,0.15203909835461435,0.16400872237807007,0.1754333206721033,0.1865567945265911,0.198394202686904,0.21209582526833434,0.226915449459873,0.24464805285223346,0.2615692379241556,0.2765436514535668,0.2930340227822584,0.3094336368448371,0.3255505035171529,0.3402394662057277,0.35403400761855924,0.36957410642021454,0.3849075086478625,0.4016647864875094,0.41648510997948146,0.428678118126894,0.4425077294136704,0.4560608099310884,0.47277311026978447,0.4908791876882935,0.5099633258785025,0.5312370733835626,0.5556357743561984,0.5760038671509443,0.5992672502987902,0.6242825852144841,0.6489965176085893,0.6750183409448087,0.7000866268672931
ENSG00000091704,0.0,0.0,0.0,0.0,0.0,0.0,0.0,0.0,0.0,0.0,0.0,0.0,0.0,0.0,0.0,0.0,0.0,0.0,0.0,0.0,0.0,0.0,0.0,0.0,0.0,0.0,0.0,0.0,0.0,0.0,0.0,0.0,0.0,0.0,0.0,0.0,0.0,0.0,0.0,0.0,0.0,0.0,0.0,0.00043958247248639516,0.03259296917329984,0.06910239100326737,0.09014794756410913,0.1077621134577029,0.12010202931515626,0.133544868296971,0.14697371675976706,0.16262871672581236,0.17724902344844248,0.19044041754407526,0.20523122474521346,0.2187797679667265,0.2274587434346105,0.23359986895481075,0.24061524993696157,0.24584205555001115,0.2565670848689978,0.26851127035480393,0.28274095378509934,0.29675560033720566,0.31184106994018074,0.32456051316467777,0.33777071303117934,0.3484933136112451,0.3597766334130515,0.37206551072099314,0.3852024113712112,0.39638665578591975,0.4055979467642878,0.4137216468577249,0.42292979566259625,0.4365761799035115,0.45021325229184217,0.46361774250363635,0.4780926839914569,0.49140530926545695,0.5004472766871788,0.5069111627212256,0.5179317752932139,0.5339914700991084,0.5497542406369698,0.5557527640631048,0.5560675032277091,0.5519076307076801,0.5347946245306011,0.5078855025195264,0.485634282334859,0.4654823102983223,0.4411201215523866,0.4163091795722083,0.3988400125644487,0.3799912551244181,0.35869424817838214,0.3359716129152905,0.31425784910081733,0.2992426998015365
ENSG00000123612,0.0,0.0,0.0,0.0,0.0,0.0,0.0,0.0,0.0,0.0,0.0,0.0,0.0,0.0,0.0,0.0,0.0,0.0,0.0,0.0,0.0,0.0,0.0,0.0,0.0,0.0,0.0,0.0,0.0,0.0,0.0,0.0,0.0,0.0,0.0,0.0,0.0,0.0,0.0,0.0,0.0,0.0,0.0,0.0,0.0,0.0,0.0,0.0,0.0,0.0,0.0,0.0,0.0,0.0,0.0,0.0,0.0,0.0,0.0,0.0,0.0,0.0,0.0,0.0,0.0,0.0,0.0,0.0,0.0,0.0,0.0,0.0,0.0,0.0,0.0,0.0,0.0,0.0,0.0,0.0004939093017415194,0.015506576750437883,0.038760806706118145,0.06519399102619325,0.09125220234949372,0.12260230002417945,0.15295658563342054,0.19132087413884133,0.23267737502903077,0.27379722503797216,0.31549754105245753,0.34513385075140335,0.36922219307844956,0.3901008704342772,0.410417600782215,0.4195628068422013,0.424967386010679,0.42872866063650306,0.4333881878726629,0.43648328408192844,0.43648747994672443
ENSG00000133401,0.0,0.0,0.0,0.0,0.0,0.0,0.0,0.0,0.0,0.0,0.0,0.0,0.0,0.0,0.0,0.0,0.0,0.0,0.0,0.0,0.0,0.0,0.0,0.0,0.0,0.0,0.0,0.0,0.0,0.0,0.0,0.0,0.0,0.0,0.0,0.0,0.0,0.0,0.0,0.0,0.0,0.0,0.0,0.0,0.0,0.0,0.0,0.0,0.0,0.0,0.0,0.0,0.0,0.0,0.0,0.0,0.0,0.0,0.0,0.0047872703478815705,0.03116163203838537,0.0569639055009905,0.08905762825706619,0.12800503682018782,0.17011508364347316,0.1993806655508938,0.2247094184219466,0.2512168655839601,0.27509001834372065,0.2960753491232281,0.31932797243139693,0.3476953637279811,0.3799290322254827,0.41601212924073355,0.4554460457036675,0.5054884206725789,0.5630783363986641,0.6206977861974767,0.6770903371460829,0.7365793781941409,0.7955905349489122,0.8520580887499661,0.8987718925444607,0.9350110805586419,0.9684449398377822,1.0021693558169578,1.0395727268728399,1.0844776633373243,1.1265182964270355,1.172931849967851,1.2191755567470894,1.2651248770482382,1.3130387814108315,1.3558506510420605,1.3954457002319005,1.4396207457402477,1.4866108880756495,1.532937416586749,1.5822231310581283,1.6335951745996324
ENSG00000165029,0.0,0.0,0.0,0.0,0.0,0.0,0.0,0.0,0.0,0.0,0.0,0.0,0.0,0.0,0.0,0.0,0.0,0.0,0.0,0.0,0.0,0.0,0.0,0.0,0.0,0.0,0.0,0.0,0.0,0.0,0.0,0.0,0.0,0.0,0.0,0.0,0.0,0.0,0.0,0.0,0.0,0.0,0.0,0.0,0.0,0.0,0.0,0.0,0.0,0.0,0.0,0.0,0.0,0.0,0.0,0.0,0.0,0.0,0.0,0.0,0.0,0.0,0.0,0.0,0.0,0.0,0.0,0.0,-8.826077384650188e-06,-0.0009220528529012284,0.0,-1.5383766106851557e-05,-0.0006534021188662044,-0.0016036108601103416,-0.005751484333056902,-0.005410438859804607,-0.0011541443558246887,0.0,0.0,0.0,0.0,0.0,0.0,-0.00035527405805624594,-0.009577037380271443,-0.023135341963518966,-0.043409753516031345,-0.0644274177830953,-0.07963867315207125,-0.09338516967168735,-0.09955953472396688,-0.1014005261044465,-0.0997990525361307,-0.0944762109380582,-0.09082943601546603,-0.08630271657309559,-0.07956037121438563,-0.07105054522046036,-0.06140859980550461,-0.04942149345085453
ENSG00000184005,0.0,0.0,0.0,0.0,0.0,0.0,0.0,0.0,0.0,0.0,0.0,0.0,0.0,0.0,0.0,0.0,0.0,0.0,0.0,0.0,0.0,0.0,0.0,0.0,0.0,0.0,0.0,0.0,0.0,0.0,0.0,0.0,0.0,0.0,0.0,0.0,0.0,0.0,0.0,0.0,0.0,0.0,0.0,0.0,0.0,0.0,0.0,0.0,0.0,0.0,0.0,0.0,0.0,0.0,0.0,0.0,0.0,0.0,0.0,0.0,0.0,0.0,0.0,0.0,0.0,-0.0009781756630347933,-0.005793835266730062,-0.008306297316853891,-0.004797712329933971,-9.9622251136901e-05,0.0,0.0,0.0,0.0,0.0,0.0,0.0,0.0,0.0,0.0,0.0,0.0,0.0,0.0,0.0,0.0,0.0,0.0,0.0,0.0,0.0,0.0,0.0,0.0,0.0,0.0,0.0,0.0,0.0,0.0
ENSG00000104967,0.0,0.0,0.0,0.0,0.0,0.0,0.0,0.0,0.0,0.0,0.0,0.0,0.0,0.0,0.0,0.0,0.0,0.0,0.0,0.0,0.0,0.0,0.0,0.0,0.0,0.0,0.0,0.0,0.0,0.0,0.0,0.0,0.0,0.0,0.0,0.0,0.0,0.0,0.0,0.0,0.0,0.0,0.0,0.0,0.0,0.0,0.0,0.0,0.0,0.0,0.0,0.0,0.0,0.0,0.0,0.0,0.0,0.0,0.0,0.0,0.0,0.0,0.0,0.0,0.0,0.0,0.0,0.0,-0.00027956649063403343,-0.00508576574361812,-0.01576346721141195,-0.025191425342359408,-0.03201204754622108,-0.03608064446487728,-0.03762239361339196,-0.0378050808660703,-0.039924077931846436,-0.0394469469416298,-0.03767548899185975,-0.03901412548510437,-0.041684228912896755,-0.03809063103719772,-0.028486074943784887,-0.022211068225917514,-0.009147460599678211,0.0,0.0,0.0,0.0,0.0,0.0,0.0,0.0,0.0,0.0,0.0,0.0,0.0,0.0,0.0
ENSG00000277672,0.0,0.0,0.0,0.0,0.0,0.0,0.0,0.0,0.0,0.0,0.0,0.0,0.0,0.0,0.0,0.0,0.0,0.0,0.0,0.0,0.0,0.0,0.0,0.0,0.0,0.0,0.0027003765898359487,0.004160193812256145,0.004397401094786403,0.003393707081345533,0.0025952493253869973,0.0019558465178865503,0.0012411737531700339,0.0,0.0011139781043202149,0.006109237145628473,0.010004759312108341,0.014109995764332894,0.019627839713019058,0.02568325640184208,0.03101090239047638,0.03842585614777582,0.045430193430137274,0.04921385459872742,0.05367948334196901,0.05853632448441499,0.06335809938915919,0.07121900824552664,0.08069049575145566,0.09118204226367231,0.10054160602894131,0.10969738780628989,0.11976828613107929,0.13073884324690868,0.14072792607120665,0.15273491494801641,0.1663472425218916,0.18343697107256748,0.20170204060085917,0.2195907981263417,0.23798189751858162,0.258507251876996,0.2783696998306817,0.2974689803051694,0.3160615122340816,0.33639903698045065,0.3569131490236082,0.379672364633819,0.4005834352537378,0.42209497171203475,0.44524622072388126,0.4658959336698696,0.4858321149551975,0.5031092171143674,0.5197256131578959,0.5379563466488636,0.5576014498800631,0.578005877162869,0.5962579581922203,0.6139337737909482,0.6317815541701636,0.654447744373924,0.6815743938319333,0.7071602732778588,0.7349780974824381,0.7612773731524629,0.7904892558575346,0.8278643313474813,0.8706858897233024,0.9208598075461729,0.9698137676391106,1.0194158423055324,1.072562499344224,1.123238310713132,1.1657319732322837,1.20935656054849,1.2548534344891422,1.2991796753891236,1.3452687235051246,1.3884011117484898
ENSG00000233574,0.0,0.0,0.0,0.0,0.0,0.0,0.0,0.0,0.0,0.0,0.0,0.0,0.0,0.0,0.0,0.0,0.0,0.0,0.0,0.0,0.0,0.0,0.0,0.0,0.0,0.0,0.0,0.0,0.0,0.0,0.0,0.0,0.0,0.0,0.0,0.0,0.0,0.0,0.0,0.0,0.003853897942235298,0.006826355834587312,0.006236934518520915,0.0035582430399292877,0.0,0.0,0.0,0.0,0.0,0.0,0.0,0.0,0.0,0.0,0.0,0.0,0.0,0.0,0.0,0.0,0.0,0.0,0.0,0.0,0.0,0.0,0.0,0.0,0.0,0.0,0.0,0.0,0.0,0.0,0.0,0.0,0.0,0.0,0.0,0.0,0.0,0.0,0.0,0.0,0.0,0.0,0.0,0.0,0.0,0.0,0.0,0.0,0.0,0.0,0.0,0.0,0.0,0.0,0.0,0.0
ENSG00000112964,0.0,0.0,0.0,0.0,0.0,0.0,0.0,0.0,0.0,0.0,0.0,0.0,0.0,0.0,0.0,0.0,0.0,0.0,0.0,0.0,0.0,0.0,0.0,0.0,0.0,0.0,0.0,0.0,0.0,0.0,0.0,0.0,0.0,0.0,0.0,0.0,0.0,0.0,0.0,0.0,0.0,0.0,0.0,0.0,0.0,0.0,0.0,0.0,0.0,0.0,0.0,0.0,0.0,0.0,0.0,0.0,0.0,0.0,0.0,0.0,0.0,0.0,0.0,0.0,0.0,0.0,0.0,0.0,0.0,0.0,0.0,0.0,0.0,0.0,0.0,0.0,0.0,0.0,0.0,0.0,0.0,0.0,0.0,0.0,0.007860238914551754,0.04514916382410592,0.08466077147931413,0.12384733338104503,0.15540473537695618,0.18525030892666014,0.2095720446210637,0.23699609781177713,0.271651370708182,0.32053557813740097,0.3712431770342051,0.4277354170097696,0.48682561134127783,0.5441967364747683,0.6034736135521183,0.6614230090508365
ENSG00000183134,0.0,0.0,0.0,0.0,0.0,0.0,0.0,0.0,0.0,0.0,0.0,0.0,0.0,0.0,0.0,0.0,0.0,0.0,0.0,0.0,0.0,0.0,0.0,0.0,0.0,0.0,0.0,0.0,0.0,0.0,0.0,0.0,0.0,0.0,0.0,0.0,0.0,0.0,0.0,0.0,0.0,0.0,0.0,0.0,0.0,0.0,0.0,0.02114746780687936,0.043915113537604966,0.0709547713948557,0.10137349679859751,0.12930386302165786,0.15449933432370877,0.17916308197913852,0.20002694949833502,0.21762640923525195,0.2336503059738002,0.2462277480271249,0.2591858256882853,0.2713708483725773,0.2844922033334873,0.298738957449652,0.3121980946980647,0.32600288883104617,0.3404842103880491,0.35348100596846893,0.3661874236955869,0.3770602157354231,0.3832408328980666,0.3949640290359464,0.4101859315224304,0.4209107238051346,0.43293546806022015,0.44700875642179716,0.46246829366277586,0.47804425862989247,0.49454343443175935,0.5108963564886481,0.5265391422334221,0.5427412357659979,0.5593836741930961,0.577805689821038,0.5993837639192429,0.6295284244957791,0.6633826624154499,0.6934230721468555,0.7270679196159391,0.7592232274576196,0.7886633032561432,0.8226774558773535,0.856218795663151,0.8890391592227457,0.9238118266486421,0.9588400076819682,0.9911013645007888,1.026536860611885,1.0625024670217105,1.0968045510588005,1.1316088279500913,1.165068444284156
ENSG00000116678,0.0,0.0,0.0,0.0,0.0,0.0,0.0,0.0,0.0,0.0,0.0,0.0,0.0,0.0,0.0,0.0,0.0,0.0,0.0,0.0,0.0,0.0,0.0,0.0,0.0,0.0,0.0,0.0,0.0,0.0,0.0,0.0,0.0,0.0,0.0,0.0,0.0,0.0,0.0,0.0,0.0,0.0,0.0,0.0,0.0,0.0,-0.0018032367039284272,0.0,0.0,0.0,0.0,0.0,0.0,0.0,0.0,0.0,0.0,0.0,0.0,0.0,0.0,0.0,0.0,0.0,0.0,0.0,0.0,0.0,0.0,0.0,0.0,0.0,0.0,0.0,0.0,0.0,0.0,0.0,0.0,0.0,0.0,0.0,0.0,0.0,0.0,0.0,0.0,0.0,0.0,0.0,0.0,0.0,0.0,0.0,0.0,0.0,0.0,0.0,0.0,0.0
ENSG00000258819,0.0,0.0,0.0,0.0,0.0,0.0,0.0,0.0,0.0,0.0,0.0,0.0,0.0,0.0,0.0,0.0,0.0,0.0,0.0,0.0,0.0,0.0,0.0,0.0,0.0,0.0,0.0,0.0,0.0,0.0,0.0,0.0,0.0,0.0,0.0,0.0,0.0,0.0,0.0,0.0,0.0,0.0,0.0,0.0,0.0,0.0,0.0,0.0,0.0,0.0,0.0,0.0,0.0,0.0,0.0,0.0,0.0,0.0,-0.010289469898936383,-0.022764182398191692,-0.03616957304841798,-0.04870904298484542,-0.06203702198317149,-0.07775206175381232,-0.0940445355189728,-0.10962351062067763,-0.12577871366413193,-0.14180926697748286,-0.15852560682438607,-0.17450193123042881,-0.18967933860806005,-0.20374411247880006,-0.2170018656709749,-0.22716573018555158,-0.24281777975512087,-0.2606775286461517,-0.2765069424658809,-0.29231473492911253,-0.3072274090055672,-0.31968322666756177,-0.3325029470413102,-0.3521189043031633,-0.36921499985573,-0.3830573032455039,-0.4043337344123249,-0.4193122392682496,-0.431811368461603,-0.4457135625877638,-0.45777732257823966,-0.4693612490824047,-0.47920502428567135,-0.48912170763371604,-0.4986439658622866,-0.5069129684218353,-0.5162277895621749,-0.5265729248209908,-0.5369640255029001,-0.5479208725202079,-0.5602415702772177,-0.5721497851814427
ENSG00000177675,0.0,0.0,0.0,0.0,0.0,0.0,0.0,0.0,0.0,0.0,0.0,0.0,0.0,0.0,0.0,0.0,0.0,0.0,0.0,0.0,0.0,0.0,0.0,0.0,0.0,0.0,0.0,0.0,0.0,0.0,0.0,0.0,0.0,0.0028539719679509874,0.006448253549748348,0.00970088465006986,0.01380226786929478,0.01693688172646714,0.019570814002073802,0.020724578188972644,0.01905375472763912,0.01568311678521391,0.01128803353849713,0.006338030031852411,0.0037982636509769087,0.00136666775557615,0.0,0.0,0.0,0.0,0.0,0.0,0.0,0.0,0.0,0.0,0.0,0.0,0.0,0.0,0.0,0.0,0.0,0.0,0.0,0.0,0.0,0.0,0.0,0.0,0.0,0.0,0.0,0.0,0.0,0.0,0.0,0.0,0.0,0.0,0.0,0.0,0.0,0.0,0.0,0.0,0.0,0.0,0.0,0.0,0.0,0.0,0.0,0.0,0.0,0.0,0.0,0.0,0.0,0.0
ENSG00000249926,0.0,0.0,0.0,0.0,0.0,0.0,0.0,0.0,0.0,0.0,0.0,0.0,0.0,0.0,0.0,0.0,0.0,0.0,0.0,0.0,0.0,0.0,0.0,0.0,0.0,0.0,0.0,0.0,0.0,0.0,0.0,0.0,0.0,0.0,0.0,1.5733070682807233e-05,0.005851192721014189,0.01126471442583779,0.01690841537390193,0.02379258464799759,0.03173520069618534,0.038685816116846516,0.04686289024092398,0.054369289996587286,0.06155325269915705,0.06943587702286269,0.07884345430674987,0.08663783311538101,0.09302816238484618,0.10019185430966752,0.10627187483151349,0.1121078613816631,0.11876305079562309,0.12545203090044035,0.13379801272323744,0.14203985437210587,0.15039110123926303,0.15904373981751013,0.16731185217197841,0.17547533538282248,0.1842523655241822,0.1924222692761469,0.2002596850409378,0.20622770500461488,0.21279761098570582,0.21996160120682146,0.22814371398814812,0.23635139228408758,0.24555569790230644,0.25394725883551766,0.26025404816444303,0.26594113750774145,0.27205716837337446,0.27734312963468727,0.28206234287750775,0.2854365628479108,0.28676073406469915,0.28899624425596854,0.2924452393837604,0.2953564031062046,0.29858107632820985,0.30447829793419084,0.31224580102994237,0.3191815186422858,0.32959152508776296,0.3380396447637726,0.34685938948037165,0.36090118137790705,0.3769994180867499,0.399079784973931,0.42037211341340214,0.44280093768310674,0.4693213034924027,0.500242146804262,0.5267974709329062,0.5569382602436177,0.5900990405473981,0.6228271090123695,0.6563121683154919,0.6881265069774749
ENSG00000279688,0.0,0.0,0.0,0.0,0.0,0.0,0.0,0.0,0.0,0.0,0.0,0.0,0.0,0.0,0.0,0.0,0.0,0.0,0.0,0.0,0.0,0.0,0.0,0.0,0.0,0.0,0.0,0.0,0.0,0.0,0.0,0.0,0.0,0.0,0.0,0.0,0.0,0.0,0.0,0.0,0.0040514869927102916,0.011095338852047039,0.017565883160224255,0.027578137697047558,0.03251790876364548,0.037244589544433625,0.04447312451486031,0.05537471759398057,0.06627928991285614,0.07880566150441153,0.09266494074906868,0.108053270833802,0.12109629358763443,0.13279512686131723,0.13995603993967767,0.14494929650185745,0.14914806344096132,0.15109797652302864,0.1534654013115196,0.1571352321297776,0.15999062560238564,0.16383062237164445,0.16190180627896067,0.1578797712916841,0.14813716665508997,0.14074534394003244,0.1363367911836274,0.13638642124981776,0.13651405258894161,0.13579444211844946,0.13785363691299368,0.14027331011810606,0.14445420177967783,0.15075532170597136,0.1601322414081158,0.1696845652085088,0.17696468869140658,0.18369694486365698,0.19131837232944723,0.20157229290434858,0.21111281546890906,0.2218102138055769,0.23712757591202538,0.2536739777642043,0.26758318429322675,0.28235873894610186,0.2947741966945141,0.3086626548805587,0.329498704366368,0.3549542442407475,0.37677767664076395,0.39552661702154357,0.4139702188824395,0.43115162723720196,0.4485171180318611,0.4676076113759999,0.4877472465055441,0.505941400597082,0.5228887635967544,0.5374623442377815
ENSG00000286724,0.0,0.0,0.0,0.0,0.0,0.0,0.0,0.0,0.0,0.0,0.0,0.0,0.0,0.0,0.0,0.0,0.0,0.0,0.0,0.0,0.0,0.0,0.0,0.0,0.0,0.0,0.0,0.0,0.0,0.0,0.0,0.0,0.0,0.0,0.0,0.0,0.0,0.0,0.0,0.0,0.0,0.0,0.0,0.0,0.0,0.0,0.0,0.0,0.0,0.0,0.0,0.0,0.0,0.0,0.0,0.0,0.0,0.0,0.0,0.0,0.0,0.0,0.0,0.0,0.0,0.0,0.0,0.0,0.0,0.0,-1.4715994679808645e-05,-0.0001676634958679605,-0.001037700261487658,-0.00015516785592382972,0.0,0.0,0.0,0.0,0.0,0.0,0.0,0.0,0.0,0.0,0.0,0.0,0.0,0.0,0.0,0.0,0.0,0.0,0.0,0.0,0.0,0.0,0.0,0.0,0.0,0.0
ENSG00000138685,0.0,0.0,0.0,0.0,0.0,0.0,0.0,0.0,0.0,0.0,0.0,0.0,0.0,0.0,0.0,0.0,0.0,0.0,0.0,0.0,0.0,0.0,0.0,0.0,0.0,0.0,0.0,0.0,0.0,0.0,0.0,0.0,0.0,0.0,0.0,0.0,0.0,0.0,0.0,0.0,0.0,0.0,0.0,0.0,0.0,0.0,0.0,0.0,0.0,0.0,0.0,0.0,0.0,0.0,0.0,0.0,0.0,0.0,0.0,0.0,0.0,0.0,0.0,0.0,0.0,0.0,0.0,0.0024964690296209496,0.012663117064447907,0.02062148005257271,0.025662056914220948,0.031352346956572325,0.039574054800590466,0.04606812397286684,0.05254619585472095,0.0569266701852377,0.0576666116615608,0.05702373123697952,0.05597743800251818,0.05351444639950371,0.04921048918696251,0.043793027284168264,0.03775961792452863,0.03290549110103226,0.030621052900774538,0.029920214622978083,0.0315038131895289,0.031405805780499785,0.03095257262173106,0.03706279107015745,0.04479635975404018,0.050351841552345046,0.05413048273401426,0.05508502159799757,0.05568893864275008,0.0559736128791251,0.05704874170159698,0.05646567188956122,0.05433687242367219,0.0510638882348922
ENSG00000233471,0.0,0.0,0.0,0.0,0.0,0.0,0.0,0.0,0.0,0.0,0.0,0.0,0.0,0.0,0.0,0.0,0.0,0.0,0.0,0.0,0.0,0.0,0.0,0.0,0.0,0.0012276845527286941,0.004843314298877923,0.006098376437602385,0.00543949210376575,0.005556990180910241,0.006377734173872218,0.007257626493507325,0.00745192136823379,0.005434330400061882,0.00483095021507902,0.006672858054678611,0.009779970419066336,0.012037869853859668,0.015938059914198378,0.02045527658364409,0.023354589229946397,0.026078192157974953,0.028849071279883294,0.03223082263432427,0.037671756601476196,0.043474858302227117,0.04791430063856657,0.05337766043947699,0.05857314202736953,0.06431632744470203,0.07193394742414164,0.08023249475864251,0.08802664646666947,0.09430792188113099,0.10013496488372645,0.10669741412867861,0.11153338849997989,0.11695624025562193,0.12224227005295484,0.126747515661483,0.13080584212293228,0.13448929967056897,0.13645201454771488,0.137835338157667,0.1393226206083278,0.14169032222638353,0.14438153413854718,0.14925449248869105,0.15361780254947208,0.15924044104846974,0.16537373209333825,0.1710605428320994,0.17318277054103176,0.17356607535375018,0.17335605461573753,0.1729571648017398,0.17301834235406816,0.17363414342917163,0.175486038779706,0.17798741730053622,0.17761545056221273,0.17482080119249008,0.17129726215182092,0.1643523068835331,0.15848149787068633,0.15501687568300954,0.152849918112771,0.15208861588669184,0.15090093306027444,0.14872867284372057,0.14666950677642093,0.1462362729538102,0.14696620366937305,0.14951377276434402,0.15134712003895434,0.1542186259358902,0.15767633954532503,0.16157436630120428,0.16614220589634068,0.17258559203083634
ENSG00000158828,0.0,0.0,0.0,0.0,0.0,0.0,0.0,0.0,0.0,0.0,0.0,0.0,0.0,0.0,0.0,0.0,0.0,0.0,0.0,0.0,0.0,0.0,0.0,0.0,0.0,0.0,0.0,0.0,0.0,0.0,0.0,0.0,0.0,0.0,0.0,0.0,0.0,0.0,0.0,0.0,0.0,0.0,0.0,0.0,0.0,0.0,0.0,0.0,0.0,0.0,0.0,0.0,0.0,0.0,0.0,0.0,0.0,0.0,0.0,0.0,0.0,0.01843590722330616,0.043038431450279656,0.06895719445111831,0.09248614645744084,0.11457297635654556,0.13471143109110204,0.15931887736940825,0.1892624422781464,0.2247013738732582,0.2633321261467485,0.3012668417795375,0.33702591147874883,0.37401535168458316,0.40744650250051156,0.44013615988263505,0.47046390651974246,0.5028717378596045,0.5333235265917934,0.5653464072605158,0.6027500263899938,0.6512934013686509,0.7111441475134793,0.7848419155719193,0.8619318543153589,0.9299856892838292,0.9978154860424853,1.0619913537364023,1.1221728585857174,1.1886572784535465,1.2545202665202446,1.315438466074246,1.3776325097711764,1.444408819502185,1.500729165902134,1.5587410723912405,1.616743939305842,1.6718380716527925,1.7326799144841132,1.7999394833112552
ENSG00000169291,0.0,0.0,0.0,0.0,0.0,0.0,0.0,0.0,0.0,0.0,0.0,0.0,0.0,0.0,0.0,0.0,0.0,0.0,0.0,0.0,0.0,0.0,0.0,0.0,0.0,0.0,0.0,0.0,0.0,0.0,0.0,0.0,0.0,0.0,0.0,0.0,0.0,0.0,0.0,0.0,0.0,0.0,0.0,0.0,0.0,0.0,0.0,0.0,0.0,0.0,0.0,0.0,0.0,0.0,0.0,0.0,0.0,0.0,0.0,0.0,0.0,0.0,0.0,0.0,0.0,0.0,0.0,0.0,0.0,0.0,0.0,0.0,0.0,0.0,0.0,0.006290624473112669,0.019762561230545324,0.029923666146936794,0.035063307472473215,0.04078610620022792,0.047190633131296185,0.06274685051432836,0.07336026944782714,0.08568414505351918,0.09861737092646573,0.10848063721378075,0.12506994451231074,0.14022363115781816,0.15459692204365785,0.1711481913861647,0.18597152547508464,0.2020242891972479,0.21780664224446544,0.24193131325899808,0.26423559951140935,0.28717562209584835,0.31119229025602846,0.3347470245505883,0.3587762211165094,0.3854306328789121
ENSG00000287657,0.0,0.0,0.0,0.0,0.0,0.0,0.0,0.0,0.0,0.0,0.0,0.0,0.0,0.0,0.0,0.0,0.0,0.0,0.0,0.0,0.0,0.0,0.0,0.0,0.0,0.0,0.0,0.0,0.0,0.0,0.0,0.0,0.0,0.0,0.0,0.0,0.0,0.0,0.0,0.0,0.0,0.0,0.0,0.0,0.0,0.0,0.0,0.0,0.0,0.0,-1.060228364165059e-05,-0.0034252317915870914,-0.006917029206454412,-0.00996319162956609,-0.015261129193945726,-0.02084950982708512,-0.025375379931067057,-0.027425353063408816,-0.030089169142886472,-0.03178355848246839,-0.030513301293437673,-0.02805880743808376,-0.02455929070192946,-0.021175135227890527,-0.016790825867651144,-0.013189170434926895,-0.009727551905592898,-0.006752352482817795,-0.002467357868392492,0.0,0.0,0.0,0.0,0.0,0.0,0.0,0.0,0.0,0.0,0.0,0.0,0.0,0.0,0.0,0.0,0.0,0.0,0.0,0.0,0.0,0.0,0.0,0.0,0.0,0.0,0.0,0.0,0.0,0.0,0.0
ENSG00000112214,0.0,0.0,0.0,0.0,0.0,0.0,0.0,0.0,0.0,0.0,0.0,0.0,0.0,0.0,0.0,0.0,0.0,0.0,0.0,0.0,0.0,0.0,0.0,0.0,0.0,0.0,0.0,0.0,0.0,0.0,0.0,0.0,0.0,0.0,0.0,0.0,0.0,0.0,0.0,0.0,0.0,0.0,0.0,0.0,0.0,0.0,0.0,0.0,0.0,0.0,0.0,0.0,0.0,0.0,0.0,0.0,0.0,0.0,0.0,0.0,0.0,0.0,0.0,0.0,0.0,0.0,0.0,0.0,0.004698921448991705,0.021867410574044732,0.041081790502776175,0.057962006348852894,0.07390477612868251,0.08500818329151891,0.08864462764015198,0.08552861365063988,0.07509979924210712,0.06110024219430791,0.050642373060942894,0.03672044522274592,0.01862859839177536,0.0,0.0,0.0,0.0,0.0,0.0,0.0,0.0,0.0,0.0,0.0,0.0,0.0,0.0,0.0,0.0,0.0,0.0,0.0
ENSG00000090402,0.0,0.0,0.0,0.0,0.0,0.0,0.0,0.0,0.0,0.0,0.0,0.0,0.0,0.0,0.0,0.0,0.0,0.0,0.0,0.0,0.0,0.0,0.0,0.0008949504508446863,0.0015304008426418757,0.0025335147148229983,0.004443684121809288,0.008272923626053273,0.016036425185485256,0.02069257204091064,0.025262304664199268,0.029469283702589045,0.033564503434098544,0.03592769086443825,0.03686106180569749,0.03818460903710991,0.039795902165590834,0.04184517536313812,0.04340035643504754,0.04440633193580205,0.04513558502275797,0.04107153792398622,0.03673575116905264,0.031943277194165974,0.027312655007838665,0.02230575245329235,0.019273475811454714,0.0156809358506519,0.01135868062400655,0.007602244681354463,0.004946177241686757,0.0029292137136635883,0.0011178108150592522,0.0,0.0,0.0,0.0,0.0018808481735150845,0.005632401195538588,0.010324428998204896,0.030535470994020885,0.05096849103153835,0.0709729518144099,0.09216022928309428,0.11532065432650936,0.13619861277798412,0.1623560632973585,0.1845801129478172,0.20854970221945932,0.23017850961677827,0.24882516136507699,0.26246698018926456,0.27371303176823697,0.28623833559291595,0.3012541355586756,0.31391743782585546,0.32673874563233374,0.3420433090343778,0.36037009402085995,0.38088523207221575,0.4010127490717661,0.41960477422706594,0.4451562524916594,0.4727090755642677,0.4977371588048606,0.5181459865476649,0.5401330618194221,0.565180492975286,0.5887944090468573,0.6161015469662109,0.6418607879832972,0.6682049253000186,0.698034867861867,0.7278723996147146,0.755138026377122,0.7844978665034327,0.8154803783691288,0.8460676417477492,0.879307911967323,0.9154640746613887
ENSG00000178403,0.0,0.0,0.0,0.0,0.0,0.0,0.0,0.0,0.0,0.0,0.0,0.0,0.0,0.0,0.0,0.0,0.0,0.0,0.0,0.0,0.0,0.0,0.0,0.0,0.0,0.0,0.0,0.0,0.0,0.0,0.0,0.0,0.002806068187575792,0.01338340143535435,0.0222545346851785,0.030828045371103178,0.03844391382479392,0.0465913233050857,0.05277992227741796,0.05739254545829071,0.06262370407576401,0.06599463015429272,0.06906779503225764,0.0730165396966209,0.07691825382821359,0.07996874895662678,0.08554258580032381,0.0935557769117753,0.1022534825065566,0.11192305683483264,0.1220340786815677,0.13138284509110879,0.13936830644015874,0.1486446036882892,0.1595568513633244,0.17019894893133494,0.1806958306806209,0.19267572985745343,0.2053087288644704,0.21696399442593822,0.2281726190172086,0.23708680055680287,0.24663214361509558,0.2568429175980099,0.26578146591785373,0.276282798588434,0.28772702117475546,0.2971346026450756,0.30632430158665946,0.31573623563535375,0.3276049639253192,0.3420669838356306,0.3568432803258762,0.37146069441743496,0.3853844049106191,0.40017802142777287,0.4145726937232359,0.426694664462478,0.43753911975863297,0.45015713654614453,0.4607326897828032,0.4686551642265874,0.47706496729237274,0.48646379430830744,0.495595649780109,0.5037015111315832,0.5087581727135642,0.5131235743799476,0.5168747830734265,0.5219325526919648,0.5264622851468003,0.5303518630443782,0.5351468227684133,0.5439823469042303,0.5516974795766151,0.5618334693384109,0.5735796339974192,0.5848684228553054,0.5969940466760736,0.6083736552749869
ENSG00000197891,0.0,0.0,0.0,0.0,0.0,0.0,0.0,0.0,0.0,0.0,0.0,0.0,0.0,0.0,0.0,0.0,0.0,0.0,0.0,0.0,0.0,0.0,0.0,0.0,0.0,0.0,0.0,0.0,0.0,0.0,0.0,0.0,0.0,0.0,0.0,0.0,0.0,0.0,0.0,0.0,0.00017506902700856116,0.006754974818639796,0.01382456967684639,0.02488727699018103,0.03236744612794414,0.038070171876899844,0.0415151856372757,0.04129690538681544,0.03946431437000751,0.03711185177820908,0.03415182469249451,0.031307410504269266,0.029449632349640435,0.026387659703849105,0.022471383050457528,0.01893840040784783,0.011186683544499813,0.003711197764222119,0.0,0.0,0.0,0.0,0.0,0.0,0.0,0.0,0.0,0.0,0.0,0.0,0.0,0.0,0.0,0.0,0.0,0.0,0.0,0.0,0.0,0.0,0.0,0.0,0.0,0.0,0.0,0.0,0.0,0.0,0.0,0.0,0.0,0.0,0.0,0.0,0.0,0.0,0.0,0.0,0.0,0.0
ENSG00000203392,0.0,0.0,0.0,0.0,0.0,0.0,0.0,0.0,0.0,0.0,0.0,0.0,0.0,0.0,0.0,0.0,0.0,0.0,0.0,0.0,0.0,0.0,0.0,0.0,0.0,0.0,0.0,0.0,0.0,0.0,0.0,0.0,0.0,0.0,0.0,0.0,0.0,0.0,0.0,0.0,0.0,0.0,0.0,0.0,0.0,0.0,0.0,0.0,0.0,0.0,0.0,0.0,0.0,0.0,0.0,0.0,0.0,0.0,0.0,0.0,0.0,0.0,0.0,0.0,0.0,-0.013311622942745602,-0.03572608899199231,-0.0606034207871664,-0.07920820480123712,-0.09729995284131207,-0.11976451596680662,-0.14431308716685004,-0.16889659677276617,-0.19393298110325488,-0.2168479537286418,-0.2451824413327389,-0.2790189119946451,-0.3128720611259806,-0.3400945624410607,-0.3630872524074706,-0.3810235485367907,-0.40296825055840446,-0.4241152582821784,-0.4482477026202695,-0.47798486796750916,-0.508438189354551,-0.5354538743342687,-0.5656812001542303,-0.5920170136397734,-0.6202495911687184,-0.6562201338972576,-0.6974146576006915,-0.744107955641704,-0.7905826132412312,-0.8243470018809848,-0.8602229490523164,-0.8976932893499477,-0.932929207585554,-0.9686792599425654,-1.0037708511198071
ENSG00000197635,0.0,0.0,0.0,0.0,0.0,0.0,0.0,0.0,0.0,0.0,0.0,0.0,0.0,0.0,0.0,0.0,0.0,0.0,0.0,0.0,0.0,0.0,0.0,0.0,0.0,0.0,0.0,0.0,0.0,0.0,0.0,0.0,0.0,0.0,0.0,0.0,0.0,0.0,0.0,0.005435795843209561,0.01738456915950073,0.030304026823367497,0.03928980260431505,0.04582421722162076,0.05181443191829324,0.05349407817445027,0.04885524282707386,0.0402861140801767,0.031786700267930165,0.02822005140932914,0.026736596582088733,0.025290119330223775,0.023173887592349153,0.01988391072757783,0.014000093616069041,0.00614139441206688,0.003385858785602812,0.008156103431937449,0.01252057349810365,0.016976808474436115,0.020889067182838957,0.02273045279220588,0.025657995540220916,0.029855100660417303,0.03948016849014199,0.04835704276172443,0.057259212000854466,0.056136794782135575,0.05255923269463159,0.048636912869663665,0.04605641335616857,0.04351042792295578,0.04278756994265318,0.04138646438572958,0.04177049939345522,0.03969518981144874,0.03508151710125101,0.029900773830262562,0.02475627323394359,0.017640269715314755,0.008024116468384296,0.0,0.0,0.0,0.0,0.0,0.0,0.0,0.0,0.0,0.0,0.0,0.0,0.0,0.0,0.0,0.0,0.0,0.0,0.0
ENSG00000249742,0.0,0.0,0.0,0.0,0.0,0.0,0.0,0.0,0.0,0.0,0.0,0.0,0.0,0.0,0.0,0.0,0.0,0.0,0.0,0.0,0.0,0.0,0.0,0.0,0.0,0.0,0.0,0.0,0.0,0.0,0.0,0.0,0.0,0.0,0.0,0.0,0.0,0.0,0.0,0.0,0.0,0.0,0.0,0.0,0.0,0.0,0.0,0.0,0.0,0.0,0.0,0.0,0.0,0.0,0.0036647877115695295,0.007876962339247517,0.010779170590788534,0.011252590207716507,0.005229000702280769,0.0,0.0,0.0,0.0,0.0,0.0,0.0,0.0,0.0,0.0,0.0,0.0,0.0,0.0,0.0,0.0,0.0,0.0,0.0,0.0,0.0,0.0,0.0,0.0,0.0,0.0,0.0,0.0,0.0,0.0,0.0,0.0,0.0,0.0,0.0,0.0,0.0,0.0,0.0,0.0,0.0
ENSG00000187268,0.0,0.0,0.0,0.0,0.0,0.0,0.0,0.0,0.0,0.0,0.0,0.0,0.0,0.0,0.0,0.0,0.0,0.0,0.0,0.0,0.0,0.0,0.0,0.0,0.0,0.0,0.0,0.0,0.0,0.0,0.0,0.0,0.0,0.0,0.0,0.0,0.0,0.0,0.0,0.0,0.0,0.0,0.0,0.0,0.0,0.0,0.0,0.0,0.0,0.006523118002746564,0.021893855984691665,0.037492999686294354,0.05138240459035482,0.06478004710483161,0.07921666124451623,0.09417118178893986,0.10991017443912704,0.12572452047087998,0.14311508902290832,0.16160831167798054,0.1797411450049127,0.1983121068872815,0.21469083491157773,0.2318439104670529,0.24975725638242016,0.2670446631215673,0.2846811858475587,0.30209836763537146,0.31816050273805957,0.3319789543794286,0.34637862403824754,0.3600059052319218,0.3736516211433478,0.3896289902175281,0.404548251240532,0.4198077760868579,0.4384354541725186,0.45987887046606846,0.4806722644437686,0.5023150261905666,0.5226349084524917,0.5447603007022583,0.5676167488896791,0.5882219310507294,0.6034710962009457,0.6199908200786934,0.6379832360438811,0.6592684940021808,0.6790772685171657,0.7044590086645388,0.7305572752158395,0.7575903152615499,0.7867894795372343,0.8199840350945642,0.8485192938263668,0.8805334982434266,0.9149296452574274,0.9477908715565062,0.980480068043059,1.0116034313572422
ENSG00000189134,0.0,0.0,0.0,0.0,0.0,0.0,0.0,0.0,0.0,0.0,0.0,0.0,0.0,0.0,0.0,0.0,0.0,0.0,0.0,0.0,0.0,0.0,0.0,0.0,0.0,0.0,0.0,0.0,0.0,0.0,0.0,0.0,0.0,0.0,0.0,0.0,0.0,0.0,0.0,0.0,0.0,0.0,0.0,0.0,0.0,0.0,0.0,0.0,0.0,0.0,0.0,0.0,0.0,0.0,0.0,0.0,0.0,0.0,0.0,0.0,0.0,0.0,0.0,0.0,0.0,0.0,0.0,0.0,0.0,0.0,0.0,0.0,0.0,0.0,-0.012600497585562533,-0.034927358123855536,-0.06005782297254261,-0.08869887472800077,-0.11761808112261907,-0.13683048952250018,-0.1547380161238154,-0.17126890886323962,-0.18643187923182789,-0.19988106675767864,-0.21492488982586797,-0.2273364445930621,-0.24745773974589003,-0.26980040496805274,-0.2897040602878,-0.3112382006198968,-0.3329219192831096,-0.353253345827517,-0.37347425871043327,-0.3995328510332351,-0.42483450525684485,-0.4520401234673087,-0.48086402924019683,-0.5090779170762229,-0.5399233935375731,-0.5732386419093111
ENSG00000145362,0.0,0.0,0.0,0.0,0.0,0.0,0.0,0.0,0.0,0.0,0.0,0.0,0.0,0.0,0.0,0.0,0.0,0.0,0.0,0.0,0.0,0.0,0.0,0.0,0.0,0.0,0.0,0.0,0.0,0.0,0.0,0.0,0.0,0.0,0.0,0.0,0.0,0.0,0.0,0.0,0.0,0.0,0.0,0.0,0.0,0.0,0.0,0.0,0.0,0.0,0.0,-0.0009374571124480075,-0.003986896933168521,-0.00551779368914268,-0.010463967277795994,-0.018973272954601956,-0.027415701927223993,-0.040375895440121976,-0.04841701355620742,-0.05287417681762988,-0.05654167806653934,-0.05757402606877573,-0.05549469299238595,-0.04785852999864323,-0.04090634359935208,-0.03575208903066825,-0.02989220906434767,-0.01614093839621935,0.0,0.0,0.0,0.0,0.0,0.0,0.0,0.0,0.0,0.0,0.0,0.0,0.0,0.0,0.0,0.0,0.0,0.0,0.0,0.0,0.0,0.0,0.0,0.0,0.0,0.0,0.0,0.0,0.0,0.0,0.0,0.0
ENSG00000168546,0.0,0.0,0.0,0.0,0.0,0.0,0.0,0.0,0.0,0.0,0.0,0.0,0.0,0.0,0.0,0.0,0.0,0.0,0.0,0.0,0.0,0.0,0.0,0.0,0.0,0.0,0.0,0.0,0.0,0.0,0.0,0.0,0.0,0.0,0.0,0.0,0.0,0.0,0.0,0.0,0.0,0.0,0.0,0.0,0.0,0.0,0.0,0.0,0.0,0.0,0.0,0.0,0.0,0.0,0.0,0.0,0.0,0.0,0.0,0.0,0.0,0.0,0.0,0.0,0.0,0.0,0.0,0.001043117915861754,0.006809102709918104,0.009165151625275621,0.008464528323313434,0.009666076023393944,0.009151324595708247,0.008141427648285071,0.006706410668573476,0.0050785001310773925,0.0020983813384846477,7.745752084425402e-05,0.0,0.0,0.0,0.0,0.0,0.0,0.0,0.0,0.0,0.0,0.0,0.0,0.0,0.0,0.0,0.0,0.0,0.0,0.0,0.0,0.0,0.0
ENSG00000185345,0.0,0.0,0.0,0.0,0.0,0.0,0.0,0.0,0.0,0.0,0.0,0.0,0.0,0.0,0.0,0.0,0.0,0.0,0.0,0.0,0.0,0.0,0.0,0.0,0.0,0.0,0.0,0.0,0.0,0.0,0.0,0.0,0.0,0.0,0.0,0.0,0.0,0.0,0.0,0.0,0.0,0.0,0.0,0.0,0.0,0.0,0.0,0.0,0.0,0.0,0.0,0.0,0.0,0.0,0.0,0.0,0.0,0.0,-0.015126341331195076,-0.03151912547632421,-0.04907185970549963,-0.06825866928892756,-0.08881676419204655,-0.11445595155298018,-0.138539951808061,-0.1657908080568778,-0.19152638310809608,-0.21597881433670033,-0.23743822769804618,-0.2556939215678216,-0.27803062469848827,-0.2986705153794149,-0.3179311389238758,-0.33943176837981354,-0.37014009319122876,-0.40550265734933993,-0.4435098464205184,-0.48528130681452614,-0.5278505837704198,-0.5649489532219855,-0.6011656980693776,-0.6380730738090922,-0.683641187819127,-0.7276911852169814,-0.773186724153482,-0.8141738605340848,-0.8622260392115106,-0.910249073506424,-0.9567256536904276,-1.0072748747611795,-1.0585091259994563,-1.1089040107615482,-1.159616035231548,-1.2113266415314503,-1.258358567901006,-1.3089773972385048,-1.3625834328700075,-1.4127725186326439,-1.4652099564845715,-1.513840844507332
ENSG00000269124,0.0,0.0,0.0,0.0,0.0,0.0,0.0,0.0,0.0,0.0,0.0,0.0,0.0,0.0,0.0,0.0,0.0,0.0,0.0,0.0,0.0,0.0,0.0,0.0,0.0,0.0,0.0,0.0,0.0,0.0,0.0,0.0,0.0,0.0,0.0,0.0,0.0,0.0,0.0,0.0,0.0,0.0,0.0,0.0,0.0,0.0,0.0,0.0,0.0,0.0,0.0,0.0,0.0,0.0,0.0,0.0,0.0,0.0,0.0,0.0,0.0,0.0,0.0,0.0,0.0025907780580351524,0.012409119263480331,0.022176260174402055,0.031004241634501307,0.038288895750790655,0.04440864820486713,0.048406196402223274,0.050635628990702675,0.05177076674938229,0.05417284877253967,0.05633755114653315,0.061424249315527805,0.06890206197421432,0.07735336982713303,0.0882717696132887,0.09707037830955237,0.10688506225649154,0.1249007380586709,0.13922838910689878,0.14721256672028535,0.1564324731504014,0.16663769824833025,0.1743792434072279,0.18498522087854968,0.203253139585317,0.221062904824796,0.23916499127568433,0.2588484618579428,0.2808087178161515,0.30866417321334366,0.33622388363206007,0.3676325867753609,0.40097859556846355,0.4321079187563069,0.46263010123592296,0.4903411512092574
ENSG00000203434,0.0,0.0,0.0,0.0,0.0,0.0,0.0,0.0,0.0,0.0,0.0,0.0,0.0,0.0,0.0,0.0,0.0,0.009787525235150116,0.01778628205832491,0.02631404293040409,0.0339677285101327,0.04045369856876464,0.0463696492082075,0.0493253291376407,0.05210367909223712,0.054592028959543785,0.0569864134235931,0.057821550670479525,0.05839425990918546,0.06043314247602632,0.06387617476164557,0.0680503552529828,0.07121604940630089,0.072955958828606,0.07239131904953117,0.06970559371839193,0.06532314022595512,0.06101698231436915,0.05679889883571823,0.05205178481749498,0.04821453232384171,0.04485305730724919,0.040200003048330664,0.03773292714626776,0.03438437341917681,0.03289932776677489,0.0325439862801459,0.02923604383739263,0.0241486832251261,0.018477837470804007,0.013071492157776683,0.00817374181592339,0.0036419885817621065,0.0,0.0,0.0,0.0,0.0,0.0,0.0,0.0,0.0,0.0,0.0,0.0,0.0,0.0,0.0,0.0,0.0,0.0,0.0,0.0,0.0,0.0,0.0,0.0,0.0,0.0,0.0,0.0,0.0,0.0,0.0,0.0,0.0,0.0,0.0,0.0,0.0,0.0,0.0,0.0,0.0,0.0,0.0,0.0,0.0,0.0,0.0
ENSG00000261780,0.0,0.0,0.0,0.0,0.0,0.0,0.0,0.0,0.0,0.0,0.0,0.0,0.0,0.0,0.0,0.0,0.0,0.0,0.0,0.0,0.0,0.0,0.006733443731554267,0.03389636659759195,0.05137905512681253,0.06419376967661197,0.0758956750675624,0.08354799552383459,0.09139654255885266,0.09678403831169322,0.10126280877100748,0.10513900315608996,0.10903020797620883,0.11284751331499575,0.11713904434795346,0.12244986260242213,0.12843865072765454,0.13392246466619004,0.13908287600820846,0.14373544600059035,0.14658622047757308,0.14775974919844043,0.14828939246979259,0.1472322710254725,0.14955174583073474,0.15537838623621944,0.1575377045797177,0.16023959889562667,0.16242380830530798,0.16497108972824798,0.1671626215646251,0.16587244106925222,0.16453669924147013,0.16323962943139694,0.1675261867423467,0.17520165989719869,0.1834389314976304,0.1890350311042193,0.19596083719445212,0.20367587310635563,0.21011997649861405,0.21720530748178418,0.22265875660331552,0.22560385648953124,0.2311148242356671,0.2350821766281719,0.23798209626860806,0.23920616152962196,0.2424336951157492,0.24605777607485538,0.2512814404512326,0.254784516371455,0.2539890903477294,0.2529950040039156,0.25249068676318037,0.25364732584361827,0.2548763687704365,0.25545736374883465,0.2556191058487962,0.2535868406902438,0.2514328984035233,0.2490376962041897,0.2489512517366012,0.25091882553096523,0.2539771004358806,0.2614219858447697,0.2701323414930188,0.274840763924744,0.277342164751869,0.2804894635118898,0.28832671059468556,0.2970463893914157,0.3084321752123298,0.32281242636059193,0.33850467932209366,0.35683954033794235,0.3779881248702208,0.4002288892933652,0.422851828562542,0.44336524105951175
ENSG00000259920,0.0,0.0,0.0,0.0,0.0,0.0,0.0,0.0,0.0,0.0,0.0,0.0,0.0,0.0,0.0,0.0,0.0,0.0,0.0,0.0,0.0,0.0,0.0,0.0,0.0,0.0,0.0,0.0,0.0,0.0,0.0,0.0,0.0,0.0,0.0,0.0,0.0,0.0,0.0,0.0,0.0,0.0,0.0,0.0,0.0,0.0,0.0,0.0,0.0,0.0,0.0,0.0,0.0,0.0,0.0,0.0,0.0,0.0,0.0,0.0,0.0,0.0,0.0,0.0,0.0,0.0,0.0,0.0,0.0,0.0,0.0,0.0,0.0,0.0,0.0,0.0,0.0,0.0,0.0,0.0,0.0,0.0,0.0,0.0,0.0,0.007337686285063593,0.027526036230816866,0.05059056972396282,0.07074855417825905,0.08955226493662312,0.11119596193741109,0.13380619377493105,0.15699595046234432,0.1762157007051159,0.19037794312233242,0.20447506807031313,0.21819839546586323,0.23099182785566877,0.2453825858112718,0.26444345856598017
ENSG00000238110,0.0,0.0,0.0,0.0,0.0,0.0,0.0,0.0,0.0,0.0,0.0,0.0,0.0,0.0,0.0,0.0,0.0,0.0,0.0,0.0,0.0,0.0,0.0,0.0,0.0,0.0,0.0,0.0,0.0,0.0,0.0,0.0,0.0,0.0,0.0,0.0,0.0,0.0,0.0,0.0,0.0,0.0,0.0,0.0,0.004641570574482252,0.01062311381744131,0.015283204748688094,0.015267694896196586,0.01509097936368785,0.01467346336259455,0.013893631751052541,0.013675022868704827,0.015248180369044517,0.015098199458533284,0.015930291936126842,0.017693277289282446,0.01981500599565778,0.020563638664867975,0.020172349280545666,0.018735197505401143,0.01663645421833508,0.013955788464787872,0.008122338429655214,0.001788806535709907,0.0,0.0,0.0,0.0,0.0,0.0,0.0,0.0,5.424202121161425e-05,0.001403933439200011,0.0061198132802007124,0.016183578198640004,0.03330291757299733,0.05773342065642907,0.08591455796077863,0.12026732835195168,0.14743545135260455,0.17114500285562181,0.19995648698404014,0.22823927877661687,0.2530292635665342,0.27083764881220335,0.28728699635743277,0.30469928182216083,0.32285851782577196,0.34473640626636703,0.36683285145870215,0.3922446972498069,0.42208428402366127,0.4567808997858646,0.48759839694414414,0.52031896903781,0.5548969015375228,0.5881675474797927,0.6223244856806752,0.6567252365953964
ENSG00000128917,0.0,0.0,0.0,0.0,0.0,0.0,0.0,0.0,0.0,0.0,0.0,0.0,0.0,0.0,0.0,0.0,0.0,0.0,0.0,0.0,0.0,0.0,0.0,0.0,0.0,0.0,0.0,0.0,0.0,0.0,0.0,0.0,0.0,0.0,0.0,0.0,0.0,0.0,0.0,0.0,0.0,0.0,0.0020431750232222544,0.00523153109545753,0.0059493143841495,0.0026879933832022265,0.0007801138222778178,0.0016639811746753596,0.002812107370195604,0.007195992843231743,0.015333865987269957,0.026048439614171016,0.03631028422639657,0.04524963983138397,0.05077347049217599,0.05312126102899202,0.05082210356202471,0.044145320309049704,0.03830590134894891,0.031741009729605855,0.023978387851193994,0.014818777623470685,0.00433906689320329,0.0,0.0,0.0,0.0,0.0,0.0,0.0,0.0,0.0,0.0,0.0,0.017932491150107227,0.03687979390449204,0.052746194062332476,0.06812730511156681,0.08512355141105174,0.10472255461166655,0.12419493594691536,0.14120998240720256,0.15594012018287046,0.16593298961684588,0.17730352458393794,0.17533816960483836,0.17403750903398663,0.17573111551961132,0.17772799069173603,0.18297606386058157,0.18852424223546882,0.1964361274219057,0.21008015188452883,0.22600575951476823,0.24035641242868142,0.2588501417136239,0.2790795468228089,0.2991524688742062,0.3221798480354893,0.34606126256730163
ENSG00000170891,0.0,0.0,0.0,0.0,0.0,0.0,0.0,0.0,0.0,0.0,0.0,0.0,0.0,0.0,0.0,0.0,0.0,0.0,0.0,0.0,0.0,0.0,0.0,0.0,0.0,0.0,0.0,0.0,0.0,0.0,0.0,0.0,0.0,0.0,0.0,0.0,0.0,0.0,0.0,0.0,0.0,0.0,0.0,0.0,0.0,0.0,0.0,0.0,0.0,0.0,0.0,0.0,0.0,0.0,0.0,0.0,0.0,0.0,0.0,0.0,0.0,0.0,0.0,0.0,0.0,0.0,0.00599951141759965,0.03289887749653111,0.06915268471901528,0.10869960709036511,0.1492528688010117,0.1868804712348599,0.2259068380852677,0.2679956182321083,0.32194131280798965,0.38481714114834653,0.44926989546696094,0.5135122286433651,0.5747327260826953,0.6369067792989733,0.6939836146216094,0.7514726648364232,0.8191445370549711,0.8828324001142016,0.9495884843276986,1.005683887026871,1.0649895971974819,1.1289880271864738,1.18901293656486,1.2582602612236597,1.3280527074455413,1.3950201431613325,1.4664499243749687,1.5426766461376273,1.6154949102955853,1.694340130563836,1.7766964302210289,1.8560534724310749,1.9392933310355664,2.024760070220006
ENSG00000010327,0.0,0.0,0.0,0.0,0.0,0.0,0.0,0.0,0.0,0.0,0.0,0.0,0.0,0.0,0.0,0.0,0.0,0.0,0.0,0.0,0.0,0.0,0.0,0.0,0.0,0.0,0.0,0.006309008836937271,0.015453130386278921,0.021881658712250344,0.028370597707619395,0.035066731827180966,0.04297059881361636,0.05308928337083434,0.06317481954088074,0.07182332834053136,0.07833660002135331,0.08407654270021327,0.08919930881269104,0.09124558073121397,0.09230807520761908,0.08933290563858426,0.08513348213382793,0.0791731610601715,0.07900862436546154,0.08478099093404629,0.08923240458990465,0.09486512947220131,0.10602443613166303,0.11667521038612366,0.1244098335607242,0.12561295182302834,0.12820586096628228,0.12827572113206112,0.12858307215256748,0.1274500424349316,0.12789275682748621,0.1343645519186219,0.13994701802696596,0.14559494536340478,0.15472977312268715,0.16422371538076486,0.1744764225049662,0.18364419739343169,0.1933308737658777,0.20323190331335994,0.21509854480518628,0.22557755260784831,0.23963500112594557,0.25155682952416025,0.2601538547146577,0.2696645549665364,0.27943208832900773,0.28819749036200915,0.29095723498036635,0.29375373711910996,0.30223103643649124,0.3128849492280653,0.32222923564912553,0.3260043769389827,0.3238907547065492,0.3152795773670382,0.30116501978356996,0.297256401250893,0.30351588179017763,0.3072563116531807,0.313814573316061,0.324473065166473,0.34374203583197854,0.3753828576079376,0.40354014330606236,0.43164715461935554,0.46165192861365223,0.4899269780652939,0.5135134089174167,0.5373960974561088,0.5619749546918852,0.5857613679185428,0.6092310421484055,0.636500297921251
ENSG00000261333,0.0,0.0,0.0,0.0,0.0,0.0,0.0,0.0,0.0,0.0,0.0,0.0,0.0,0.0,0.0,0.0,0.0,0.0,0.0,0.0,0.0,0.0,0.0,0.0,0.0,0.0,0.0,0.0,0.0,0.0,0.0,0.0,0.0,0.0,0.0,0.0,0.0,0.0,0.0,0.0,0.0,0.0,0.0,0.0,0.0,0.0,0.0,0.0,0.0,0.0005169134473689072,0.006423278544314704,0.013090204345427452,0.01999915041206778,0.027492328890517264,0.0345373852970093,0.040692030561979446,0.04577828825170732,0.04858888861985377,0.052189249191738465,0.05436850353391949,0.05890865631300969,0.0634217342029195,0.06977474703415885,0.07784432673631372,0.08756744247311664,0.09590124109334827,0.10434626047315722,0.11446816964326588,0.12384746158233448,0.13165102075462398,0.13804036647963658,0.14290748233331063,0.14578521569786707,0.14767515266694178,0.15592963419267178,0.1686758198769057,0.18609215172144697,0.20298459479729494,0.2171610864819333,0.23033853971357815,0.24221428536755435,0.25208762881582103,0.2625125932124497,0.2697403334743852,0.2764521418078582,0.28428280591756355,0.2959935749496761,0.30697024250843413,0.3164462403789248,0.32536687780979606,0.3306341920235787,0.3331888439701765,0.33444774755241613,0.32464105937195936,0.31826281739641366,0.3110340898553391,0.30203921401130723,0.2908986066242663,0.2791261966297598,0.2701516215555703
ENSG00000102935,0.0,0.0,0.0,0.0,0.0,0.0,0.0,0.0,0.0,0.0,0.0,0.0,0.0,0.0,0.0,0.0,0.0,0.0,0.0,0.0,0.0,0.0,0.0,0.0,0.0,0.0,0.0,0.0,0.0,0.0,0.0,0.0,0.0,0.0,0.0,0.0,0.0,0.0,0.0,0.0,0.0,0.0,0.0,0.0,0.0,0.0,0.0,0.0,0.0,0.0,0.0,0.0,0.0,0.0,0.0,0.0,0.0,0.0,0.0,0.0,0.0,0.0,0.0,0.0,0.0,0.0,0.0,0.0,0.0,0.0,0.0,0.0,0.0,0.0,0.0,0.0,0.00979963660703825,0.024280688319472297,0.03880114510505877,0.055256735357391396,0.06905863549398251,0.08082437629158097,0.09823721501793084,0.11123165482020272,0.11801216397305937,0.13020742826978107,0.13823710797450398,0.14992274283527202,0.16072635438055152,0.1742529943727546,0.18369504632016237,0.19418951085268393,0.207339635811552,0.21428085597343013,0.22237068027001908,0.23318489733599673,0.24601962797997332,0.2581610302253756,0.26858320426563737,0.27444642017578413
ENSG00000253608,0.0,0.0,0.0,0.0,0.0,0.0,0.0,0.0,0.0,0.0,0.0,0.0,0.0,0.0,0.0,0.0,0.0,0.0,0.0,0.0,0.0,0.0,0.0,0.0,0.0,0.0,0.0,0.0,0.0,0.0,0.0,0.0,0.0,0.0,0.0,0.0,0.0,0.0,0.0,0.0,0.0,0.0,0.0,0.0,0.0,0.0,0.0,0.0,0.0,0.0,0.0,0.0,0.0,0.0,0.0,0.0,0.0,0.0,0.0,0.0,0.0,0.0,0.0,0.0,0.0,0.0,0.0,0.0,0.0,0.0,0.0,0.0,0.0,0.0,0.0,0.0,0.0,0.0,0.0,0.0,0.0,0.0,0.0,0.0,0.0,0.0,0.0,0.0,0.0,0.0,0.007082634368559106,0.026638611314754233,0.05355172009510079,0.07498671683860737,0.09402517325238505,0.11474590174322508,0.13469652561869835,0.15216954773724908,0.17172296205035456,0.1933876858217389
ENSG00000254245,0.0,0.0,0.0,0.0,0.0,0.0,0.0,0.0,0.0,0.0,0.0,0.0,0.0,0.0,0.0,0.0,0.0,0.0,0.0,0.0,0.0,0.0,0.0,0.0,0.0,0.0,0.0,0.0,0.0,0.0,0.0,0.0,0.0,0.0,0.0,0.0,0.0,0.0,0.0,0.0,0.0,0.0,0.0,0.0,0.0,0.0,0.0,0.0,0.0,0.0,0.0,0.0,0.0,0.0,0.0,0.0,0.0,0.0,0.0,0.0,0.0,0.0,0.0,0.0,0.0,0.0,0.0,0.0,0.0,0.0,0.0,0.0,0.0,0.0,0.0,-0.00036741322316762617,-0.00738380492194113,-0.013537880859716906,-0.017279687734560244,-0.01945405774405753,-0.01984521421323619,-0.02441334427402151,-0.025685400152317354,-0.028677447050538603,-0.037863929126863975,-0.050182086968008625,-0.06667941294153035,-0.08447607325023014,-0.10106997783425553,-0.11815221615371296,-0.12614926064604107,-0.13200160334181638,-0.13579397737076856,-0.13049590389705026,-0.12836966866015695,-0.12574452800000707,-0.1200672869430521,-0.11332424719508574,-0.10697705600669796,-0.09971621812954891
ENSG00000232702,0.0,0.0,0.0,0.0,0.0,0.0,0.0,0.0,0.0,0.0,0.0,0.0,0.0,0.0,0.0,0.0,0.0,0.0,0.0,0.0,0.0,0.0,0.0,0.0,0.0,0.0,0.0,0.0,0.0,0.0,0.0,0.0,0.0,0.0,0.0,0.0,0.0,0.0,0.0,0.0,0.0,0.0,0.0,0.0,0.0,0.0,0.0,0.0,0.0,0.0,0.0,0.0,0.0,0.0,0.0,0.0,0.0,0.0,0.0,0.0,0.0010098771331519042,0.01405674854278808,0.02564030179416772,0.0352620963459788,0.04546017707554158,0.05028269372493741,0.055305977460295475,0.0608764091766631,0.06507743978199367,0.06791630523720717,0.06848812944423766,0.06781081146098784,0.06540597086704815,0.06268108762162561,0.06046335419669593,0.06315259728517728,0.06038551713064936,0.05552607450293835,0.05238982358971218,0.050320450783024155,0.047115855231909615,0.04326404208639641,0.042143690989713656,0.04153541651893788,0.041304766023192004,0.042087888042942785,0.03732460758804096,0.025430876092539766,0.013256669821899582,0.0,0.0,0.0,0.0,0.0,0.0,0.0,0.0,0.0,0.0,0.0
ENSG00000009765,0.0,0.0,0.0,0.0,0.0,0.0,0.0,0.0,0.0,0.0,0.0,0.0,0.0,0.0,0.0,0.0,0.0,0.0,0.0,0.0,0.0,0.0,0.0,0.00763044889326078,0.015495115152315117,0.02193906298612429,0.027387417433666638,0.03198481568530975,0.03574187072313338,0.039081604769278834,0.04120458987796231,0.04347693871825903,0.045673696908335074,0.04787116458907941,0.049240754280911195,0.05120097362159867,0.05348799158865471,0.05497651139264134,0.0564403678181754,0.0579007451134669,0.061326595272256895,0.0630822708673194,0.06413402276853702,0.06478588536397165,0.06382204909597254,0.060498551981295993,0.05767643135810067,0.055506515321362984,0.054763524840086085,0.05370224750193365,0.05189647699294871,0.05109156856237373,0.05014916645337798,0.048190406406686495,0.04580960113023062,0.0447557988219716,0.04328271354624766,0.04347208358039817,0.04487322136324561,0.045517324060245605,0.042455287379218984,0.03797244947940343,0.030197983510543907,0.016943721381314125,0.0014233554413474992,0.0,0.0,0.0,0.0,0.0,0.0,0.0,0.0,0.0,0.0,0.0,0.0,0.0,0.0,0.0,0.0,0.0,0.0,0.0,0.0,0.0,0.0,0.0,0.0,0.0,0.0,0.0,0.0,0.0,0.0,0.0,0.0,0.0,0.0,0.0
ENSG00000236304,0.0,0.0,0.0,0.0,0.0,0.0,0.0,0.0,0.0,0.0,0.0,0.0,0.0,0.0,0.0,0.0,0.0,0.0,0.0,0.0,0.0,0.0,0.0,0.0,0.0,0.0,0.0,0.0,0.0,0.0,0.0,0.0,0.0,0.0,0.0,0.0,0.0,0.0,0.0,0.0,0.0,0.0,0.0,0.0,0.0,0.0,0.0,0.0,0.0,0.0,0.0,0.0,0.0,0.0,0.0,0.0,0.0,0.0,0.0,0.0,0.0,0.0,0.0,0.0,0.0,0.0039065127222530005,0.018001717269780854,0.030211605315552427,0.04104555081889916,0.054053141831047646,0.06347090775084953,0.068423831066603,0.07016485209019035,0.06946731559655207,0.06514572633036775,0.0641522331816551,0.06357599437151236,0.06203570868925183,0.060976988178039426,0.05923617292450244,0.0604670530524944,0.07467946609364497,0.09931453709173084,0.13510412654135734,0.17701916995481337,0.21380343795009765,0.2505560943449189,0.2848005797895874,0.3113462450469401,0.33928962417119224,0.36329467902942064,0.38167221152432657,0.39737761089929813,0.41209050486913895,0.42426556298003154,0.4376796508584324,0.45297292470619305,0.46964326009715673,0.4876545473389861,0.5012004973114553
ENSG00000178734,0.0,0.0,0.0,0.0,0.0,0.0,0.0,0.0,0.0,0.0,0.0,0.0,0.0,0.0,0.0,0.0,0.0,0.0,0.0,0.0,0.0,0.0,0.0,0.0,0.0,0.0,0.0,0.0,0.0,0.0,0.0,0.0,0.0,0.0,0.0,0.0,0.0,0.0,0.0,0.0,0.0,0.0,-0.003769446394385737,-0.016721853498500902,-0.025491887768774646,-0.033471992871123346,-0.04125641222397541,-0.045620869652976556,-0.04566303681504216,-0.0428765015756071,-0.038653110060608786,-0.034215382884001715,-0.029320833107283915,-0.022655289730420997,-0.01539928066723753,-0.00892964790951138,-0.005440218585471729,-0.0042985667275757,-1.9656879033376897e-05,0.0,0.0,0.0,0.0,0.0,0.0,0.0,0.0,0.0,0.0,0.0,0.0,0.0,0.0,0.0,0.0,0.0,0.0,0.0,0.0,0.0,0.0,0.0,0.0,0.0,0.0,0.0,0.0,0.0,0.0,0.0,0.0,0.0,0.0,0.0,0.0,0.0,0.0,0.0,0.0,0.0
ENSG00000249199,0.0,0.0,0.0,0.0,0.0,0.0,0.0,0.0,0.0,0.0,0.0,0.0,0.0,0.0,0.0,0.0,0.0,0.0,0.0,0.0,0.0,0.0,0.0,0.0,0.0,0.0,0.0,0.0,0.0,0.0,0.0,0.0,0.0,0.0,0.0,0.0,0.0,0.0,0.0,0.0,0.0,0.0,0.0,0.0,0.0,0.0,0.0,0.0,0.0,0.0,0.0,0.0,0.0,0.0,0.0,0.0,0.0,0.0,0.0,0.0,0.0,0.0,0.0,0.0,0.0,0.0,0.0,0.0,0.0,-0.02298569909166593,-0.05381034471083409,-0.08582440332971943,-0.11822225670596742,-0.1497655004158459,-0.17809479863953032,-0.20430663057023443,-0.23793114934411463,-0.2750208232459285,-0.3078995419675176,-0.34112537426209477,-0.36924733064801535,-0.3905409726191003,-0.41066107940432506,-0.42995553886457527,-0.45414233738782894,-0.4820449937981466,-0.5147624124926242,-0.5482504288734088,-0.5781709564738094,-0.6122251000778731,-0.6501095184410677,-0.692495823643069,-0.7430665056835081,-0.8020588753175732,-0.8567658777306878,-0.9163668042095703,-0.9793019441561114,-1.0396515482293507,-1.098724959716432,-1.1495712822865485
ENSG00000224299,0.0,0.0,0.0,0.0,0.0,0.0,0.0,0.0,0.0,0.0,0.0,0.0,0.0,0.0,0.0,0.0,0.0,0.0,0.0,0.0,0.0,0.0,0.0,0.0,0.0,0.0,0.0,0.0,0.0,0.0,0.0,0.0,0.0,0.0,0.0,0.0,0.0,0.0,0.0,0.0,0.0,0.0,0.0,0.0,0.0,0.0,0.0,0.014804635177583566,0.031074180893052753,0.04830111240353204,0.06573850043933396,0.08133044126112371,0.09307631395463824,0.10402388752958645,0.11295627110195373,0.12108759384087883,0.1300706576375939,0.13900445177312,0.14849409065347513,0.15817510602056756,0.1675508272733616,0.1786709053641555,0.190533913379462,0.20217383136475678,0.21527357882705891,0.22935437529598077,0.24307726470868546,0.2555912705905379,0.269020038587804,0.28091822435923747,0.2938287369617271,0.30672440322694716,0.31993895257398464,0.3316883491299122,0.3405290163692398,0.34696061463628675,0.3511465171220274,0.3551458231317878,0.3577880447313931,0.3625988313653037,0.364325987612807,0.36577244479389925,0.36753339991678996,0.3651677923473041,0.36134924216561287,0.3559268473746926,0.346925462465933,0.3386969479205329,0.3338065298481776,0.3283604290590455,0.32500352019424794,0.32587082503167175,0.3309507280663704,0.3433273940241604,0.3555049016791857,0.3699524070564908,0.3851819994291032,0.40074698696790806,0.41635336733019546,0.43223217233517236
ENSG00000197769,0.0,0.0,0.0,0.0,0.0,0.0,0.0,0.0,0.0,0.0,0.0,0.0,0.0,0.0,0.0,0.0,0.0,0.0,0.0,0.0,0.0,0.0,0.0,0.0,0.0,0.0,0.0,0.0,0.0,0.0,0.0,0.0,0.0,0.0,0.0,0.0,0.0,0.0,0.0,0.0,0.0,0.0,0.0,0.0,0.0,0.0,0.0,0.0,0.0,0.0,0.0,0.0,0.0,0.007097784933919663,0.011434350703479748,0.015505528794800435,0.01618538099362489,0.01848490293782546,0.022452214919498326,0.029167244376396922,0.03511321393113447,0.038867252449072985,0.03772547076782243,0.03346414606505849,0.026041439884787538,0.0192093826785626,0.012598661113962828,0.00722071642704716,0.0073504537337795535,0.009973096783433772,0.014082349005358673,0.020834757317395897,0.030326315003357137,0.0430019309112612,0.06525430943487599,0.09326784621539737,0.12097132445318938,0.14875820803721856,0.17260931653054393,0.1965051851715299,0.21472199817778806,0.22160207298896994,0.22552785672567477,0.22784644259897568,0.2354521064963297,0.24412090163608155,0.25474256641151644,0.26789952853847826,0.2787039460619206,0.28965686262848567,0.30175632181905737,0.31468275155299535,0.32777900921580777,0.33569524416360647,0.3434485937571825,0.35226298581898513,0.3628714525472813,0.3748578625245377,0.3879849357295032,0.4054370162573988
ENSG00000258311,0.0,0.0,0.0,0.0,0.0,0.0,0.0,0.0,0.0,0.0,0.0,0.0,0.0,0.0,0.0,0.0,0.0,0.0,0.0,0.0,0.0,0.0,0.0,0.0,0.0,0.0,0.0,0.0,0.0,0.0,0.0,0.0,0.0,0.0,0.0,0.0,0.0,0.0,0.0,0.0,0.0,0.0,0.0,0.0,0.0,0.0,0.0,0.0,0.0,0.0,0.0,0.0,0.0,0.0,0.0,0.0,-0.0054530011742838155,-0.017350211055752594,-0.024313937575267328,-0.03394894845340385,-0.052029896264747036,-0.07011485670977823,-0.08941142245862219,-0.10811438604035305,-0.1313667666674032,-0.15214058786698204,-0.1744531168243953,-0.18647204161305922,-0.19389237551139415,-0.20039611612352762,-0.21155432827906792,-0.22379469383699432,-0.238462571694836,-0.25595622172458105,-0.28308261709164034,-0.3197626141917562,-0.35729992205261263,-0.39580220747093725,-0.4384473285558021,-0.48575156384789475,-0.5308038294130504,-0.5653669955055926,-0.6048822728677026,-0.6464871752645198,-0.6962628132373531,-0.7378003294101572,-0.7781070519421027,-0.8242951136377143,-0.870274211572137,-0.9265902269999524,-0.9784526687121016,-1.02630195792108,-1.0768022550049614,-1.1252481868779767,-1.1678361053490727,-1.211944129822005,-1.2576568380387574,-1.2992050514937503,-1.341287421989134,-1.3843738759063378
ENSG00000170275,0.0,0.0,0.0,0.0,0.0,0.0,0.0,0.0,0.0,0.0,0.0,0.0,0.0,0.0,0.0,0.0,0.0,0.0,0.0,0.0,0.0,0.0,0.0,0.0,0.0,0.0,0.0,0.0,0.0,0.0,0.0,0.0,0.0,0.0,0.0,0.0,0.0,0.0,0.0,0.0,0.0,0.0,0.0,0.0,0.0,0.0,0.0,0.0,0.0,0.0,0.0,0.0,0.0,0.0,0.0,0.0,0.0,0.0,0.0,0.0,0.0,0.0,0.0,0.0,0.0,0.0,0.0,0.0,0.0,0.0,0.0,0.0,0.0,0.0,0.0,0.0,0.0,0.0,0.0,0.0,0.0,-0.006506169766351151,-0.0238850126618733,-0.045258234179010266,-0.06589385763235087,-0.0878672183447747,-0.11043204336687135,-0.1335460313169224,-0.1565718386049115,-0.18073024646506913,-0.19570402042321167,-0.21021263296301995,-0.2253527948499605,-0.2395972888743799,-0.2528340252705766,-0.2657591347859725,-0.27981549933276556,-0.29558222029084874,-0.3112071443144686,-0.3242067207120064
ENSG00000231165,0.0,0.0,0.0,0.0,0.0,0.0,0.0,0.0,0.0,0.0,0.0,0.0,0.0,0.0,0.0,0.0,0.0,0.0,0.0,0.0,0.0,0.0,0.0,0.0,0.0,0.0,0.0,0.0,0.0,0.0,0.0,0.0,0.0,0.0,0.0,0.0,0.0,0.0,0.00723042148598658,0.02011674542094152,0.03227991483457415,0.04610954188648881,0.05986105072634887,0.07236163111737837,0.0805146606539583,0.08434132906457488,0.08977707746961823,0.09917844040588814,0.11073107532478878,0.12386431642018289,0.13795397274989749,0.15269605713973275,0.1673624716541824,0.1816083565512972,0.19496089855011936,0.2122678167267943,0.23230895237183505,0.2507553146800168,0.2661771121133408,0.2806575132152711,0.2988366928184332,0.3199715309262071,0.3413155864147994,0.36296600042192084,0.38597248854698346,0.4081730926267328,0.4268182587671184,0.4464111883285774,0.4654321857468742,0.48470747932147557,0.5044614803485216,0.5228981359035313,0.5428010614516824,0.5630195008502332,0.5866463617835496,0.6122524329954768,0.6370462336486505,0.6638314488111972,0.6899746792730324,0.7142896683260487,0.7383174774700675,0.7731394619787757,0.816708271858738,0.8624241136641468,0.9100584527516327,0.9516826040942117,0.994471750286132,1.038375601895822,1.0828782588107384,1.1348864268581784,1.1870808355209803,1.2393152924550854,1.295630065610852,1.3504125166064467,1.399746259257418,1.452043676806647,1.505409831225846,1.5553228393796426,1.6069748201203382,1.6580104048334057
ENSG00000236849,0.0,0.0,0.0,0.0,0.0,0.0,0.0,0.0,0.0,0.0,0.0,0.0,0.0,0.0,0.0,0.0,0.0,0.0,0.0,0.0,0.0,0.0,0.0,0.0,0.0,0.0,0.0,0.0,0.0,0.0,0.0,0.0,0.0,0.0,0.0,0.0,0.0,0.0,0.0,0.0,0.0,0.0,0.0,-0.0032400138907057695,-0.011611128525166051,-0.01954644949293732,-0.025090993723210542,-0.02856395935997939,-0.03297646797953217,-0.03696399928652703,-0.040571350941997486,-0.04628865347496612,-0.05188884583175234,-0.05963479947434614,-0.06751656253366975,-0.07427436086310372,-0.08254924666261852,-0.09225020545682609,-0.1021774062631853,-0.11321119597868436,-0.12408056334984909,-0.13450740756867854,-0.14421619194514843,-0.15201990821172598,-0.1595950755156339,-0.1685565329157789,-0.1769769839567421,-0.18471772040694498,-0.1945389620658189,-0.20101837640240777,-0.20650929590050385,-0.211534812700342,-0.21177068033964688,-0.21233109750796894,-0.21269436835761354,-0.21295514471022617,-0.20852028423180405,-0.20261168060845888,-0.19694905139139723,-0.18715019417841394,-0.17762639839023264,-0.16407946288179287,-0.14061689354396814,-0.12239173351382095,-0.10915349441159823,-0.10093464492106134,-0.08980918939949001,-0.08084363788741199,-0.07540394432063123,-0.06858626820124,-0.06352917074053609,-0.05769636169256181,-0.049402121858926645,-0.04039874328797789,-0.02665998444027033,-0.009147882929805274,0.0,0.0,0.0,0.0
ENSG00000260102,0.0,0.0,0.0,0.0,0.0,0.0,0.0,0.0,0.0,0.0,0.0,0.0,0.0,0.0,0.0,0.0,0.0,0.0,0.0,0.0,0.0,0.0,0.0,0.0,0.0,0.0,0.0,0.0,0.0,0.0,0.0,0.0,0.0,0.0,0.0,0.0,0.0,0.0,0.0,0.0,0.0,0.0,0.0,0.0,0.0,0.0,0.0,0.0,0.0,0.0,0.0,0.0,0.0,0.0,0.0,0.0,0.0,0.0,0.0,0.0,0.0,0.0,-0.003129127118989191,-0.014807706722445503,-0.02875915635749096,-0.03961657016766351,-0.047913456124153715,-0.053380853696919583,-0.05979359622552494,-0.07049794143770559,-0.08359093299913856,-0.09692378836813925,-0.10751373381013767,-0.11749591853918416,-0.13148431578262126,-0.14741029171059977,-0.16506502748360102,-0.18397284432460112,-0.2014065587869581,-0.21804667045119117,-0.23355661360173993,-0.2492649132746597,-0.26596286640770733,-0.27637451323892215,-0.2812373728645464,-0.27965496175760934,-0.27728049418142825,-0.2772372445611381,-0.273888645127165,-0.26497867212231124,-0.2555484386313333,-0.24984890111940403,-0.24989978426576176,-0.2521355747700063,-0.2589779428631342,-0.2673659297174182,-0.2762061767399298,-0.28683346532814574,-0.29962998332077295,-0.3133495283929141
ENSG00000054803,0.0,0.0,0.0,0.0,0.0,0.0,0.0,0.0,0.0,0.0,0.0,0.0,0.0,0.0,0.0,0.0,0.0,0.0,0.0,0.0,0.0,0.0,0.0,0.0,0.0,0.0,0.0,0.0,0.0,0.0,0.0023012255913251243,0.005227474759263424,0.00806391815738087,0.010731817657229926,0.01501542932911659,0.02250886910631146,0.030506364709266043,0.0383713188014708,0.04746800292820444,0.059438184538726346,0.06945747807650252,0.07875097990076656,0.08906153131270546,0.10024430422492149,0.1119008939686334,0.1239343855638957,0.13226500971160854,0.13526886127454754,0.13901731525884628,0.1424568805449264,0.1461204915387409,0.1511627748797794,0.15663184190301,0.16442923803477857,0.17048026320910417,0.1748049315133047,0.18133046717818194,0.19321291562785547,0.2034494467871981,0.2129141990691033,0.22186608718555287,0.22892098686021467,0.23792211223667692,0.24795879893683867,0.2569313320298702,0.26303459234989496,0.2690030730379629,0.27284615425110276,0.2743354303042408,0.2753678435133575,0.27729535687236045,0.27772891622243556,0.27666020629734867,0.27587633299848735,0.27289445999931483,0.27054690959775185,0.2697487831956469,0.2714170354190592,0.27040738854230306,0.26905633891632164,0.26697834940598736,0.2581327727865871,0.24897118223592532,0.24150677967957007,0.23648918685801984,0.23149030016449634,0.23228356336841632,0.2367792263530402,0.24146076170283412,0.2510104175261253,0.26591334031636715,0.2830223808883902,0.30249598188072757,0.32586774356871395,0.349144497271287,0.37471508749781973,0.4040269658640397,0.4334389498512549,0.462905435283888,0.49114627078610107
ENSG00000181997,0.0,0.0,0.0,0.0,0.0,0.0,0.0,0.0,0.0,0.0,0.0,0.0,0.0,0.0,0.0,0.0,0.0,0.0,0.0,0.0,0.0,0.0,0.0,0.0,0.0,0.0,0.0,0.001816675830100936,0.002718070134444748,0.002642821475420737,0.0021381557377400033,0.0013472208237633163,0.001151984846876712,0.0036897704375656723,0.00953255763939963,0.0176815320615457,0.028208688679738754,0.038197185393502996,0.047872879996886594,0.05807914914193595,0.06568518467983267,0.06695636755492433,0.06472342121293319,0.060365335547465045,0.053153613261215704,0.047919216847425436,0.04465781229966152,0.04136813756222742,0.03532664866948624,0.027428314564693707,0.019411409390985006,0.009310040139898043,0.001134523532223834,0.0,0.0,0.0,0.0,0.0,0.0,0.0,0.0,0.0,0.0,0.0,0.0,0.0,0.0,0.0,0.0,0.0,0.0,0.0,0.0,0.0,0.0,0.0,0.0,0.0,0.0,0.0,0.0,0.0,0.0,0.0,0.0,0.0,0.0,0.0,0.0,0.0,0.0,0.0,0.0,0.0,0.0,0.0,0.0,0.0,0.0,0.0
ENSG00000234355,0.0,0.0,0.0,0.0,0.0,0.0,0.0,0.0,0.0,0.0,0.0,0.0,0.0,0.0,0.0,0.0,0.0,0.0,0.0,0.0,0.0,0.0,0.0034763078531507246,0.016045054732383626,0.028238569081402622,0.0393655135178989,0.04916322398316832,0.05649467560959441,0.0626416198171327,0.06657420579743117,0.07005379806886988,0.07281691348066972,0.07555153510114593,0.08076102122406259,0.08588579624002686,0.09052066513587895,0.09743877599463999,0.10359561051791187,0.10927404738005823,0.11591847556141281,0.12002209775201138,0.12100175594966522,0.12103999409480089,0.12017917916821322,0.11904777444986701,0.11672965046612009,0.11288713827678717,0.11013525283508875,0.10746261173870686,0.10417980313363084,0.10022570538887045,0.09614267831118058,0.09242783452492455,0.09020481497555927,0.09045054293029998,0.09437500692874251,0.09889021817798208,0.1008586171707755,0.10348641815840938,0.10451741474926043,0.10234395115482697,0.09956252598810836,0.09833442406167246,0.09984501021464964,0.10105492357324398,0.1042316508405957,0.10766824762379383,0.11094353608630753,0.1167144011908579,0.12091694331848511,0.1264557883066684,0.1356922506619531,0.14708163974440994,0.15986262058098752,0.17584240850306096,0.19455324849215508,0.21185049483546792,0.22770944765049242,0.24214261429861778,0.256286498003226,0.2720040828782113,0.29027874669011466,0.30764591184191925,0.3225089982453041,0.33788713608423737,0.3517496400328933,0.3619758543026963,0.3689299400317346,0.3766672093869842,0.3853631961924357,0.39609876900288904,0.4086464049503331,0.4233370392920194,0.430559911743045,0.44147276945083924,0.4545895976635671,0.4693327120307291,0.48376142864180954,0.4993161705449033,0.5144739756435154
ENSG00000214641,0.0,0.0,0.0,0.0,0.0,0.0,0.0,0.0,0.0,0.0,0.0,0.0,0.0,0.0,0.0061450278273813925,0.012835230105999112,0.013555979855713874,0.013217151664574524,0.015632933944516824,0.020084769598258757,0.025846555009123154,0.03233544517232877,0.03226709874847307,0.031014597023010685,0.027049700344753097,0.021814357457446667,0.01679415193782761,0.011751773023596626,0.005730903033176791,0.0,0.0,0.0,0.0,0.0,0.0,0.0,0.0,0.0,0.0,0.0,0.0,0.0,0.0,0.0,0.0,0.0,0.0,0.0,0.0,0.0,0.0,0.0,0.0,0.0,0.0,0.0,0.0,0.0,0.0,0.0,0.0,0.0,0.0,0.0,0.0,0.0,0.0,0.0,0.0,0.0,0.0,0.0,0.0,0.0,0.0,0.0,0.0,0.0,0.0,0.0,0.0,0.0,0.0,0.0,0.0,0.0,0.0,0.0,0.0,0.0,0.0,0.0,0.0,0.0,0.0,0.0,0.0,0.0,0.0,0.0
ENSG00000234688,0.0,0.0,0.0,0.0,0.0,0.0,0.0,0.0,0.0,0.0,0.0,0.0,0.0,0.0,0.0,0.0,0.0,0.0,0.0,0.0,0.0,0.0,0.0,0.0,0.0,0.0,0.0,0.0,0.0,0.0,0.0,0.0,0.0,0.0,0.0,0.0,0.0,0.0,0.0,0.0,0.0,0.0,0.0,0.0,0.0,0.0,0.0,0.0,0.0,0.0,0.0,0.0,0.0,0.0,0.0,0.0,0.0,0.0,0.0,0.0,0.0,0.0,0.0,0.0,0.0,0.0,0.0,0.0,0.0,0.0,0.0,0.0,0.0,0.0,0.0,0.0,0.0,0.0,0.0,0.0,0.0,0.0,0.0,0.0,0.0,0.0,0.0,0.010116830055625626,0.029800460508964094,0.05556146875119064,0.08002784006466832,0.10288624137005406,0.12544550410568245,0.13889012247088403,0.14511926137688758,0.1503247573981446,0.15615499612841274,0.16111498115622458,0.16469644530337949,0.16670931507116352
ENSG00000287092,0.0,0.0,0.0,0.0,0.0,0.0,0.0,0.0,0.0,0.0,0.0,0.0,0.0,0.0,0.0,0.0,0.0,0.0,0.0,0.0,0.0,0.0,0.0,0.0,0.0,0.0,0.0,0.0,0.0,0.0,0.0,0.0,0.0,0.0,0.0,0.0,0.0,0.0,0.0,0.0,0.0,0.0,0.0,0.0,0.0,0.0,0.0,0.0,0.0,0.0,0.0,0.0,0.0,0.0,0.0,0.0,0.0,0.0,0.0,0.0,0.0,0.0,0.0,0.0,0.0,0.0,0.0,0.0,0.0,0.0,0.0,0.0,0.0,0.0,0.0,0.0,0.0,0.0,0.0,0.0,0.0,-0.00969921205781255,-0.03634159199917519,-0.06369797749417494,-0.09674268024698085,-0.12416622253012374,-0.1451615308711894,-0.15872966252423032,-0.16744296086334942,-0.1784405412443837,-0.19542318981910803,-0.2143192235379573,-0.23390407641028227,-0.2560731861313694,-0.2804060841434886,-0.3072881818277016,-0.33431656046971225,-0.3602358617431512,-0.3880069195863034,-0.4170011120303275
ENSG00000154721,0.0,0.0,0.0,0.0,0.0,0.0,0.0,0.0,0.0,0.0,0.0,0.0,0.0,0.0,0.0,0.0,0.0,0.0,0.0,0.0,0.0,0.0,0.0,0.0,0.0,0.0,0.0,0.0,0.0,0.0,0.0,0.0,0.0,0.0,0.0,0.0,0.0,0.0,0.0,0.0,0.0,0.0,0.0,0.0,0.0,0.0,0.0,0.0,0.0,0.0,0.0,0.0,0.0,0.0,0.0,0.0,0.0,0.0,0.0,0.0,0.0,0.0,0.0,0.0,0.0,0.0,0.0,0.0,0.0,0.0,0.0,0.0,0.0,0.0,0.0,0.0,0.0,0.0,0.0,0.0,0.0,0.0,0.0,0.0,0.0,0.0,-0.006948414426340645,-0.022646510158029206,-0.047728889141398105,-0.08053071624088733,-0.11121484143005121,-0.143650702987586,-0.18100601707481412,-0.21566643711260808,-0.24857623444851873,-0.2833183343156526,-0.317499425139072,-0.34779968997615285,-0.3761135809116719,-0.4017730498308651
ENSG00000102543,0.0,0.0,0.0,0.0,0.0,0.0,0.0,0.0,0.0,0.0,0.0,0.0,0.0,0.0,0.0,0.0,0.0,0.0,0.0,0.0,0.0,0.0,0.0,0.0,0.0,0.0,0.0,0.0,0.0,0.0,0.0,0.0,0.0,0.0,0.0,0.0,0.0,0.0,0.0,0.0,-0.008690739762932819,-0.021119141121439422,-0.03314960099347365,-0.04511374566410303,-0.05844258843997343,-0.0725769134412961,-0.0870275508165628,-0.09762369474787261,-0.10935806074411966,-0.1189381036733689,-0.1273967758594966,-0.13801989651414634,-0.1481426556819111,-0.1587091727531714,-0.1735369040544384,-0.18955971239600142,-0.2062634722292369,-0.21972956823744927,-0.23103706829718573,-0.24315381735217512,-0.25891409459272346,-0.2787085455540178,-0.29712542018490046,-0.315146372988522,-0.3351587927855172,-0.3521350992392922,-0.36813511119976944,-0.3864341026863584,-0.4027461048612402,-0.4193542789796827,-0.43509515916648656,-0.44272344721169155,-0.4481518714978521,-0.452973498061113,-0.45860257626580153,-0.4620458199549421,-0.46262988037289743,-0.4620084129795696,-0.46280515491982016,-0.46778075351987114,-0.47582184208844436,-0.48307973824483097,-0.49867064437513214,-0.5217086311059671,-0.5430740812447338,-0.5652240050960903,-0.6001539962158402,-0.6392834407374847,-0.6798787221516208,-0.7316669641307173,-0.7832411264681467,-0.8302857561398653,-0.8768951845928029,-0.9225374700964692,-0.962771743861721,-1.0042824902723635,-1.044676078491477,-1.080007039205893,-1.1141175371291319,-1.146886971285419
ENSG00000226038,0.0,0.0,0.0,0.0,0.0,0.0,0.0,0.0,0.0,0.0,0.0,0.0,0.0,0.0,0.0,0.0,0.0,0.0,0.0,0.0,0.0,0.0,0.0,0.0,0.0,0.0,0.0,0.0,0.0,0.0,0.0,0.0,0.0,0.0,0.0,0.0,0.0,0.0,0.0,0.0,0.0,0.0,0.0,0.0,0.0,0.0,0.0,0.0,0.0,0.0,0.0,0.0,0.0,0.002030938137498611,0.007069261936779799,0.011815041421266676,0.01654570317049095,0.019738865505358406,0.023749341955650427,0.02767446614761246,0.03275715422982296,0.03626475538564923,0.03778592888251739,0.03994366547897168,0.041155446249264226,0.042163427250125236,0.042082319518273216,0.043072220222026454,0.04476237474558978,0.047030854385213,0.04800202779629995,0.05072084380425968,0.0546283662625111,0.05726083585281746,0.059145457705744066,0.06088473169745489,0.06255234976053137,0.06393104986087479,0.06588476327393353,0.06724484901305942,0.06638113197260949,0.06408564480867134,0.05896091829116345,0.05474496376913662,0.05267061184178085,0.05535503224532193,0.06020601303200031,0.06433117680186386,0.06769589750944131,0.07386410011554967,0.0824555230308905,0.09194241955178875,0.10371071311470567,0.12165069308214763,0.13758179195870143,0.1550566357630196,0.17251538069228364,0.18793608818825386,0.20418203455582423,0.22047036476449836
ENSG00000183807,0.0,0.0,0.0,0.0,0.0,0.0,0.0,0.0,0.0,0.0,0.0,0.0,0.0,0.0,0.0,0.0,0.0,0.0,0.0,0.0,0.0,0.0,0.0,0.0,0.0,0.0,0.0,0.0,0.0,0.0,0.0,0.0,0.0,0.0,0.0,0.0,0.0,0.0,0.0,0.0,0.0,0.0,0.0,0.0,0.0,0.0,0.0,0.0,0.0,0.0,0.0,0.0,0.0,0.0,0.0,0.0,0.0,0.0,0.0,0.0,0.0,0.0,0.0,0.0,0.0,0.0,0.0,0.0,0.0,0.0,0.0,0.0,0.0,0.0,0.0,0.0,0.0,0.0,0.0,0.0,0.0,0.0,0.0,0.0,0.0,0.0,0.0,0.004315110072502247,0.023063524645803322,0.0570594027118279,0.08686638344732023,0.11189914895225977,0.13337157103524702,0.15122749752622613,0.168244790983276,0.1843613557063236,0.20052732644480364,0.2146784022816034,0.22819640868239907,0.24043245510153646
ENSG00000154262,0.0,0.0,0.0,0.0,0.0,0.0,0.0,0.0,0.0,0.0,0.0,0.0,0.0,0.0,0.0,0.0,0.0,0.0,0.0,0.0,0.0,0.0,0.0,0.0,0.0,0.0,0.0,0.0,0.0,0.0,0.0,0.0,0.0,0.0,0.0,0.0,0.0,0.0,0.0,0.0,0.0,0.0,0.0,0.0,0.0,0.0,-0.008806715968395537,-0.03564460343797754,-0.05794937170596221,-0.07337010034870624,-0.0813710182283674,-0.08589181698387635,-0.08989028699837953,-0.09298142103260279,-0.09828203840431118,-0.1069539567227549,-0.11282548296850614,-0.10875979057864679,-0.10428263311415548,-0.09799002765253763,-0.08859973975022672,-0.07714065436516637,-0.060939309596120206,-0.04631786848545289,-0.02079619354017321,-0.011040251403133873,0.0,0.0,0.0,0.0,0.0,0.0,0.0,0.0,0.0,0.0,0.0,0.0,0.0,0.0,0.0,0.0,0.0,0.0,0.0,0.0,0.0,0.0,0.0,0.0,0.0,0.0,0.0,0.0,0.0,0.0,0.0,0.0,0.0,0.0
ENSG00000102181,0.0,0.0,0.0,0.0,0.0,0.0,0.0,0.0,0.0,0.0,0.0,0.0,0.0,0.0,0.0,0.0,0.0,0.0,0.0,0.0,0.0,0.0,0.0,0.0,0.0,0.0,0.0,0.0,0.0,0.0,0.0,0.0,0.0,0.0,0.0,0.0,0.0,0.0,0.0,0.0,0.0,0.0,0.0,0.0,0.0,0.0,0.0,0.0,0.0,0.0,0.0,0.0,0.0,0.0,0.0,0.0,0.0,0.0,0.0,0.0,0.0,0.0,0.0,2.5741738848261127e-05,0.0020053554370715564,0.0014311323683758612,0.0013959308764854728,0.000661638657386769,0.0008275777088935459,0.002678726311734018,0.007769610480720774,0.012075397119927122,0.016654501884938975,0.021128674302593856,0.02911128792248866,0.03524298763461993,0.040723654832391404,0.04678480958489187,0.05254640940716218,0.06082047468130057,0.0689141851337229,0.07963094364412146,0.09144296470163221,0.10264925332247334,0.11457026292532302,0.13024085510425623,0.14573129105715915,0.16147304123518644,0.1730531168809877,0.18531746034916044,0.19420671083288613,0.19944482938980376,0.20196473048002,0.20013505267802126,0.19537385863028267,0.19045113640128905,0.18427097728431235,0.17912642468928372,0.17412493832885828,0.16811212211983417
ENSG00000276527,0.0,0.0,0.0,0.0,0.0,0.0,0.0,0.0,0.0,0.0,0.0,0.0,0.0,0.0,0.0,0.0,0.0,0.0,0.0,0.0,0.0,0.0,0.0,0.0,0.0,0.0,0.0,0.0,0.0,0.0,0.0,0.0,0.0,0.0,0.0,0.0,0.0,0.0,0.0,0.0,0.0,0.0,0.0,0.0,0.0,0.01185453175116368,0.02518995079136128,0.03793635669436142,0.048161971135373356,0.058483200337512156,0.07107303547563329,0.08467228897692648,0.09820256979261274,0.11235524969877753,0.12750557263287546,0.1422663646547126,0.1553983628400386,0.16416847203234788,0.17124986254945934,0.17700995519535118,0.18223884125270534,0.18722381694267043,0.19109014608918168,0.19577993142406416,0.2014536455728853,0.20455936848544345,0.20699273275206218,0.21008469084403242,0.21205642991549353,0.21997760760399815,0.2292273644711063,0.23862775930882366,0.2461490983301772,0.25020639912565673,0.25399220200988426,0.2539305022370843,0.2539361018652386,0.25390400557861714,0.25405468341365384,0.25140652741730446,0.2513378997909719,0.26008466785939544,0.2713595052607371,0.27593399408812735,0.2827606693288318,0.28874175789157547,0.30098504065550613,0.3107463297155462,0.3169059751273057,0.3223049472314447,0.3191589870534675,0.30988609372007103,0.2964039004890141,0.2818384036060315,0.27494500037698655,0.2694231688593289,0.26320885407824346,0.25384453902444615,0.23135687029958849,0.20064092941268005
ENSG00000092009,0.0,0.0,0.0,0.0,0.0,0.0,0.0,0.0,0.0,0.0,0.0,0.0,0.0,0.0,0.0,0.0,0.0,0.0,0.0,0.0,0.0,0.0,0.0,0.0,0.0,0.0,0.0,0.0,0.0,0.0,0.0,0.0,0.0,0.0,0.0,0.0,0.0,0.0,0.0,0.0,0.0,0.0,0.0,0.0,0.0,0.0,0.0,0.0,0.0,0.0,0.0,0.0,0.0,0.0,0.0,0.0,0.0,0.0,0.0,0.0,0.0,0.0,0.0,0.0,0.0,0.0,0.0,0.0,0.0,0.0,0.0,0.0,0.0,0.0076383836687331265,0.027457040324445247,0.053656095439856166,0.08362618376879277,0.11554522961333676,0.14059257556321153,0.1640130703612873,0.18836446268922638,0.2180766402436419,0.24920631165143245,0.28492324048949796,0.3221085814224856,0.35507287680417116,0.37900297948294226,0.4024905476624742,0.42476872603201504,0.45026793916039193,0.47738212829786275,0.5061897010802789,0.5401924296524152,0.5783514598575212,0.6168169904018649,0.6596645211036395,0.7056810910949215,0.7500905277377694,0.7957502615667769,0.8425712204707442
ENSG00000256691,0.0,0.0,0.0,0.0,0.0,0.0,0.0,0.0,0.0,0.0,0.0,0.0,0.0,0.0,0.0,0.0,0.0,0.0,0.0,0.0,0.0,0.0,0.0,0.0,0.0,0.0,0.0,0.0,0.0,0.0,0.0,0.0,0.0,0.0,0.0,0.0,0.0,0.0,0.0,0.0,0.0,0.0,0.0,0.0,0.0,0.0,0.0,0.0,0.0,0.0,0.0,0.0,0.0,0.0,0.0,0.0,0.0,0.0,0.0,0.0,0.0,0.0,0.0,0.0,0.0,0.0,0.0,0.0,0.0,0.0,0.0,0.0,0.0,0.0,0.0,0.0,0.0,0.0,0.0,0.0,0.0,0.0,0.0,0.0,0.0,0.0,0.0,0.0,0.0,0.0,0.0007972229192507862,0.007238986695584151,0.010942827719442178,0.014680664023868572,0.021673836519846203,0.028298157022702986,0.032654290395061736,0.03469554136540562,0.03473147921456673,0.033777803132595555
ENSG00000227260,0.0,0.0,0.0,0.0,0.0,0.0,0.0,0.0,0.0,0.0,0.0,0.0,0.0,0.0,0.0,0.0,0.0,0.0,0.0,0.0,0.0,0.0,0.0,0.0,0.0,0.0,0.0,0.0,0.0,0.0,0.0,0.0,0.0,0.0,0.0,0.0,0.0,0.0,0.0,0.0,0.0,0.0,0.0,0.0,0.0,0.004221998542766687,0.016223208031813204,0.03083487667410582,0.04406582350634823,0.05427770577827078,0.06197767687643814,0.06788339831271616,0.07462063721556138,0.082335865967826,0.08815791759902473,0.09342528808143226,0.09428211442090217,0.09067844731654713,0.08945640341170329,0.08821704351114423,0.08074751582120354,0.07592820223988275,0.06587536216381737,0.05085966692154803,0.030420677093827946,0.013781089064479543,0.0015612508113535162,0.0,0.0,0.0,0.0,0.0,0.0,0.0,0.0,0.0,0.0,0.0,0.0,0.0,0.0,0.0,0.0,0.0,0.0,0.0,0.0,0.0,0.0,0.0,0.0,0.0,0.0,0.0,0.0,0.0,0.0,0.0,0.0,0.0
ENSG00000215386,0.0,0.0,0.0,0.0,0.0,0.0,0.0,0.0,0.0,0.0,0.0,0.0,0.0,0.0,0.0,0.0,0.0,0.0,0.0,0.0,0.0,0.0,0.0,0.0,0.0,0.0,0.0,0.0,0.0,0.0,0.0,0.0,0.0,0.0,0.0,0.0,0.0,0.0,0.0,0.0,0.0,0.0,0.0,-0.008318743719463426,-0.027897580143671653,-0.048017667318020145,-0.06901898939338985,-0.09325869129679988,-0.1152840147693254,-0.13608101716145432,-0.1566591369692434,-0.18243034818388365,-0.2064319025549583,-0.23246008746800778,-0.2564580924015641,-0.2791751561884944,-0.30065868812011637,-0.3227894425063803,-0.3466583943589018,-0.3710600521778527,-0.3989611146900634,-0.42900548308366054,-0.4545858229679366,-0.4826807851982459,-0.5089952951965869,-0.5359724955186901,-0.5666248682108024,-0.6032309277796303,-0.638014309899527,-0.6826365440128517,-0.7325908551634849,-0.7843441246272016,-0.837262652803858,-0.8986326074967755,-0.9759323587558675,-1.0649849411360843,-1.1605471730007502,-1.260406852092444,-1.3558384964137966,-1.454396458946314,-1.5518645953982686,-1.6470695255845238,-1.7501681648512692,-1.8497061462899964,-1.9409497394132351,-2.024793532428694,-2.1201320822546004,-2.224215725214717,-2.31917681635821,-2.4262612830620807,-2.5313489924738763,-2.635442922795818,-2.7477289396915103,-2.86511016738449,-2.9785034895782543,-3.1019946331295505,-3.2285012300725793,-3.348186163006934,-3.4726698661588205,-3.59630257615442
ENSG00000224309,0.0,0.0,0.0,0.0,0.0,0.0,0.0,0.0,0.0,0.0,0.0,0.0,0.0,0.0,0.0,0.0,0.0,0.0,0.0,0.0,0.0,0.0,0.0,0.0,0.0,0.0,0.0,0.01834564779682248,0.04083337649039868,0.05758781643947123,0.07267394640602937,0.0861208512313548,0.0984645247650316,0.1049649219624679,0.1097386173604396,0.11384294179770653,0.11809444273445152,0.122330438581721,0.12649928344683606,0.13167631221243034,0.13741888847503272,0.14411275429299283,0.15056536433464315,0.15702410403235698,0.16381674584039982,0.16948140331740363,0.17395447214715457,0.1779897969522012,0.18170067206642498,0.18671714467339653,0.19109844188063455,0.1961274962018062,0.2006549289756656,0.2046257336713625,0.20955175204645166,0.2157581455395575,0.2228862331694473,0.22954029840390042,0.23622629992504887,0.24124913195687878,0.2466921907834571,0.25274192392757194,0.25905862447842887,0.2677422056365909,0.27641211455195,0.28346576570004456,0.290538632122671,0.2969817507596942,0.30521911911084515,0.3125894042752164,0.3207067281893646,0.32850588224110483,0.3383611022903289,0.3498332396788057,0.3613109167128169,0.37187023374185274,0.38119245357019077,0.39045968733501674,0.3995349955415296,0.4104317709397326,0.42069908365246594,0.42564108449105276,0.43112819127207763,0.43537484964656986,0.44030383775948356,0.4422942671701021,0.44225642044722313,0.44528595329260506,0.4486465966820871,0.4529049100641618,0.4600482796574759,0.47050455439309585,0.4840535076735043,0.5005761914021004,0.5165394424630881,0.5358215531488886,0.5580643158790801,0.5802351046578523,0.6038118355907679,0.6264147916331371
ENSG00000286695,0.0,0.0,0.0,0.0,0.0,0.0,0.0,0.0,0.0,0.0,0.0,0.0,0.0,0.0,0.0,0.0,0.0,0.0,0.0,0.0,0.0,0.0,0.0,0.0,0.0,0.0,0.0,0.0,0.0,0.0,0.0,0.0,0.0,0.0,0.0,0.0,0.0,0.0,0.0,0.0,0.0,0.0,0.0033737474189165424,0.010197197194567654,0.011262549958789439,0.010486506693466445,0.014727360921681112,0.02073428256444403,0.02500174320553464,0.02945942890104575,0.03536211387234692,0.04210536387263589,0.04881451592023422,0.054007820343368325,0.0581092860096212,0.06312699997791087,0.06756634655391082,0.07534990924741909,0.08852083801784663,0.10180458522038291,0.11268850736019538,0.12279958480651126,0.13218863580050344,0.14043101779126185,0.1468692763163787,0.15373882167789912,0.16191068830765853,0.16937455927631428,0.17541147899093512,0.17754470292897506,0.1805927028780762,0.18198031349494345,0.18500834551167225,0.19005339568596924,0.19293279301029842,0.19612412762860462,0.20183065935992375,0.20993733557421057,0.21667396429183877,0.22349164711915057,0.22903371523885943,0.23392182710963236,0.23360557060886764,0.23522468235127528,0.23510839006615417,0.23615927727300992,0.23808721947153338,0.23771482299465468,0.24157082188847545,0.2492348930510084,0.25847846346843434,0.26487480930697815,0.2672771564866876,0.2653998445096817,0.26455063264316814,0.26282342912380335,0.2605309457035943,0.25809060508287107,0.2563435988509627,0.2569104715456251
ENSG00000062485,0.0,0.0,0.0,0.0,0.0,0.0,0.0,0.0,0.0,0.0,0.0,0.0,0.0,0.0,0.0,0.0,0.0,0.0,0.0,0.0,0.0,0.0,0.0,0.0,0.0,0.0,0.0,0.0,0.0,0.0,0.0,0.0,0.0,0.0,0.0,0.0,0.0,0.0,0.0,0.0,0.0,0.0,0.0,0.0,0.007097890998818964,0.015797036673193158,0.019827352018746074,0.02357395072958678,0.025898267767048847,0.030657837770718257,0.03986130131923806,0.05161534533145569,0.061457663222971734,0.06922719671568993,0.07548640882154026,0.08226906691570768,0.09006176480124051,0.10331126054354313,0.11553148314042148,0.12720242893744105,0.13863439551731094,0.1522700532652726,0.1688032285121649,0.1893988506346916,0.21131638586445994,0.23073315223151483,0.25360883563211417,0.28004550362625247,0.30437575234401476,0.3290347970320762,0.3538763130107971,0.37661142775468404,0.39755897453472644,0.4198133587359901,0.44032684853721715,0.45988359186196137,0.4781247492827176,0.49292033789325834,0.5088928206234572,0.5250218650400673,0.5400964945316482,0.557134500391251,0.5765265721058379,0.5870756304140444,0.5989514750706217,0.6048692934657651,0.6161480652280031,0.6288613828579313,0.6416024388763185,0.6578656191198595,0.6772588708745424,0.6980841814295226,0.7214368095510987,0.7424299792841605,0.7620023723487875,0.7837694352475363,0.8082801656579484,0.8329057757962792,0.8587965968143317,0.887518621444791
ENSG00000100911,0.0,0.0,0.0,0.0,0.0,0.0,0.0,0.0,0.0,0.0,0.0,0.0,0.0,0.0,0.0,0.0,-0.00534673087795471,-0.0171810732939841,-0.025049011898322114,-0.031706789020526406,-0.03779424151447548,-0.04382047873028154,-0.04975410100579013,-0.056855740139278986,-0.06228985144028932,-0.0647464441090451,-0.0666572466163141,-0.06806032091264415,-0.06943021903658061,-0.07123677662046572,-0.07372099928718512,-0.07604159951038673,-0.07842636490182212,-0.08318367949216338,-0.08663571243168493,-0.09056974439913917,-0.0949726551802079,-0.0992446699776807,-0.10301557777266057,-0.10663887845251903,-0.11183365962078262,-0.11803510762774379,-0.1224472367673373,-0.12857089559173074,-0.13669908899332214,-0.14464722938289426,-0.14946298214124054,-0.1544649292867799,-0.1587958420782669,-0.16394354893431062,-0.1704682435879132,-0.17853680406384112,-0.18619969634803535,-0.1945330486386735,-0.20139942990479567,-0.20720535360342995,-0.21560500103149036,-0.2271398429031882,-0.2434946301165359,-0.2609106145761672,-0.278601359960335,-0.30010339872485264,-0.3196461453439998,-0.3403015058870011,-0.36032157586821717,-0.37793850237175713,-0.3973183778179435,-0.416859082467898,-0.4365194271062297,-0.45646469292543274,-0.4663142357470901,-0.4692804009814827,-0.4722289796064104,-0.4823737051165292,-0.4943272816966276,-0.49759882184643606,-0.4958181197191659,-0.4976017284343173,-0.49772874287024516,-0.49721806138932134,-0.5009955039829325,-0.5159544136124453,-0.531056567534351,-0.5441507671709829,-0.563213036276133,-0.5810630130348279,-0.5949055275799856,-0.611161947785451,-0.6263558209466125,-0.6421851640294978,-0.6550486434894282,-0.6690148838434417,-0.6830233951169683,-0.6969070252244803,-0.7076979394422288,-0.7169711780382058,-0.7303990756817392,-0.7456818937081058,-0.7649006975670496,-0.7848559828644036
ENSG00000241644,0.0,0.0,0.0,0.0,0.0,0.0,0.0,0.0,0.0,0.0,0.0,0.0,0.0,0.0,0.0,0.0,0.0,0.0,0.0,0.0,0.0,0.0,0.0,0.0,0.0,0.0,0.0,0.0,0.0,0.0,0.0,0.0,0.0,0.0,0.0,0.0,0.0,0.0,0.0,0.0,0.0,0.0,0.0,0.0,0.0,0.0,0.0,0.0,0.0,0.0,-0.0025223583722169185,-0.009963672351941247,-0.01851608424896132,-0.0307208048462082,-0.04019082057891851,-0.04662642164978997,-0.05223987886740793,-0.05204994042569636,-0.05025697869558684,-0.047850054417313485,-0.04297233739083963,-0.03678582410154803,-0.032593992761238894,-0.027821746125343782,-0.02286684290663653,-0.01942840262812805,-0.016270733892295754,-0.0127302830475387,-0.00940594369942365,-0.002210676176978637,0.0,0.0,0.0,-0.002954468105881026,-0.011926330360216265,-0.029976973613002365,-0.05703987406097949,-0.08752688480725546,-0.11053126392433345,-0.13265733489676468,-0.15187599804068402,-0.17552246363607035,-0.2018519017454019,-0.2294594993683588,-0.2591800303247838,-0.2895646517936892,-0.32026201654336317,-0.35589928080922045,-0.3880078643331309,-0.4181989470481392,-0.44501149473319496,-0.46901780966118684,-0.4950182605888661,-0.5133718657345323,-0.5267527334326679,-0.5416619953103339,-0.5589599729534022,-0.5776039178038593,-0.5980542105666593,-0.6171966823349547
ENSG00000171773,0.0,0.0,0.0,0.0,0.0,0.0,0.0,0.0,0.0,0.0,0.0,0.0,0.0,0.0,0.0,0.0,0.0,0.0,0.0,0.0,0.0,0.0,0.0,0.0,0.0,0.0,0.0,0.0,0.0,0.0,0.0,0.0,0.0,0.0,0.0,0.0,0.0,0.0,0.0,0.0,0.0,0.0007566131471617144,0.009027475136194927,0.0162285260481204,0.018910201891409913,0.021467571042227126,0.023035903390194155,0.024899279752232995,0.02712509782734816,0.028248293309079273,0.02831319351382087,0.02486194952546383,0.021321202073575615,0.013170825552793601,0.006280893851887738,0.0,0.0,0.0,0.0,0.0,0.0,0.0,0.0,0.0,0.0,0.0,0.0,0.0,0.0,0.0,0.0,0.0,0.0,0.0,0.0,0.0,0.0,0.0,0.0,0.0,0.0,0.0,0.0,0.0,0.0,0.0,0.0,0.0,0.0,0.0,0.0,0.0,0.0,0.0,0.0,0.0,0.0,0.0,0.0,0.0
ENSG00000095739,0.0,0.0,0.0,0.0,0.0,0.0,0.0,0.0,0.0,0.0,0.0,0.0,0.0,0.0,0.0,0.0,0.0,0.0038323540250820003,0.023442145074442443,0.04221281819016659,0.059382074921266285,0.0717188407454308,0.08303826686642561,0.09452943399984925,0.10591675975414225,0.11649282927647209,0.1261778884769551,0.1344424488136808,0.14212766142040423,0.15024124755183138,0.15752058589234386,0.16446168367813677,0.1718213644915838,0.1814920423062691,0.1907038773593917,0.1994151893754711,0.2078017197539688,0.21578535168406995,0.2232605847301039,0.23184079861779147,0.24184564058048358,0.25358072726312814,0.26415520285367283,0.2757045169689944,0.2894650149100932,0.30406090602994545,0.31856934569964235,0.3328482456339838,0.3470005385035161,0.3614726983158682,0.37538067019105587,0.3905032905270522,0.4059824583152247,0.42233860786841626,0.43865827455687956,0.4533462422064751,0.4682363179362245,0.482624997788275,0.4973839885672637,0.5133112747344474,0.5302510722156256,0.5493291192980376,0.5686239197636657,0.5882523891582366,0.6087852029369121,0.6289793777331465,0.6494535694700649,0.6711581064516019,0.6948364700802218,0.7221712031867366,0.7522217230160669,0.7813629119178789,0.8100198681959724,0.8399191073615059,0.8722402293801871,0.9059791308350132,0.9410469386258026,0.9782816814913134,1.0149360439984714,1.0540926391073688,1.0923153488325363,1.1339860953402552,1.1775368757292461,1.2238834425196208,1.2723168573596146,1.3182459189008169,1.3738928079089758,1.434397280637043,1.4908579775184316,1.5560256991753996,1.6197786558816727,1.6835131146598585,1.7516209219264929,1.8268731128962716,1.8951607804334258,1.9680267747143578,2.044795821228121,2.1203558957332476,2.2001864664614885,2.2819182565969762
ENSG00000250921,0.0,0.0,0.0,0.0,0.0,0.0,0.0,0.0,0.0,0.0,0.0,0.0,0.0,0.0,0.0,0.0,0.0,0.0,0.0,0.0,0.0,0.0,0.0,0.0,0.0,0.0,0.0,0.0,0.0,0.0,0.0,0.0,0.0,0.0,0.0,0.0,0.0,0.0,0.0,0.0,0.0,0.0,0.0,0.0,0.0,0.0,0.0,0.0,0.0,0.0,0.0,0.0,0.0,0.0,0.0,0.0,0.0,0.0,0.0,0.0,0.0,0.0,0.0,0.0,0.0,0.0,0.0,0.0,0.0,0.0,0.0,0.0,0.0,0.0,0.0,0.0,0.0,0.0,0.0,0.0,0.0,0.0,0.0,0.0,0.0,0.0,0.0,0.0,0.0,0.0,0.0,0.0,0.0,0.0,-0.016585625980603078,-0.026988044856673245,-0.03512930137755067,-0.03990822706105927,-0.042247311211306385,-0.045562480231411816
ENSG00000164849,0.0,0.0,0.0,0.0,0.0,0.0,0.0,0.0,0.0,0.0,0.0,0.0,0.0,0.0,0.0,0.0,0.0,0.0,0.0,0.0,0.0,0.0,0.0,0.0,0.0,0.0,0.0,0.0,0.0,0.0,0.0,0.0,0.0,0.0,0.0,0.0,0.0,0.0,0.0,0.0,0.0,0.0,0.0,0.0,0.0,0.0,0.0,0.0,0.0,-0.005655142104208719,-0.015703655705400194,-0.020594138683221883,-0.02204598142327261,-0.02323533555818344,-0.023773010572184717,-0.0206349435369029,-0.01966517644836318,-0.020047693623289686,-0.018417478820823747,-0.009497388589459697,0.0,0.0,0.0,0.0,0.0,0.0,0.0,0.0,0.0,0.0,0.0,0.0,0.0,0.0,0.0,0.0,0.0,0.0,0.0,0.0,0.0,0.0,0.0,0.0,0.0,0.0,0.0,0.0,0.0,0.0,0.0,0.0,0.0,0.0,0.0,0.0,0.0,0.0,0.0,0.0
ENSG00000138459,0.0,0.0,0.0,0.0,0.0,0.0,0.0,0.0,0.0,0.0,0.0,0.0,0.0,0.0,0.0,0.0,0.0,0.0,0.0,0.0,0.0,0.0,0.0,0.0,0.0,0.0,0.0,0.0,0.0,0.0,0.0,0.0,0.0,0.0,0.0,0.0,0.0,0.0,0.0,0.0,0.0,0.0,0.0,0.0,0.0,0.0,0.0,0.0,0.0,0.0,0.0,0.0,0.0,0.0,0.0,0.0,0.0,-0.005743964869137731,-0.014677497332178135,-0.021658125341240952,-0.028524652006746382,-0.0382223165752932,-0.050297801886742335,-0.06152014489249198,-0.07119672584151404,-0.08080894721299123,-0.09241891705134735,-0.10283820297819601,-0.1087538392205515,-0.11440210234193948,-0.1220107512744098,-0.1308797186557033,-0.14023212030489257,-0.15283433784468603,-0.16457862862637906,-0.17575016346826028,-0.18529609035839908,-0.19666644397540178,-0.2077106166646377,-0.2186968120826993,-0.2302187512688667,-0.23933640465093647,-0.2447650920250163,-0.25531283696938806,-0.2587205387256596,-0.2589969821960039,-0.2625745266078309,-0.26525861455105737,-0.26887827292434036,-0.27434863493129397,-0.2851440069409702,-0.2964645380288037,-0.30784379976451953,-0.3182537373107272,-0.3330986497272257,-0.34592315446665023,-0.3582518230234765,-0.3696906195785232,-0.38120893089166524,-0.39051572518788036
ENSG00000285336,0.0,0.0,0.0,0.0,0.0,0.0,0.0,0.0,0.0,0.0,0.0,0.0,0.0,0.0,0.0,0.0,0.0,0.0,0.0,0.0,0.0,0.0,0.0,0.0,0.0,0.0,0.0,0.0,0.0,0.0,0.0,0.0,0.0,0.0,0.0,0.0,0.0,0.0,0.0,0.0,0.0,0.0,0.0,0.0,0.0,0.0,0.0,0.0,0.0,0.0,0.0,0.0,0.0,0.0,0.0,0.0,0.0,0.0,0.0,0.0,0.0,-6.315438650800309e-05,-0.0012133283669070578,-0.0008164807170029416,-0.00016349803616573448,0.0,0.0,0.0,0.0,0.0,0.0,0.0,0.0,0.0,0.0,0.0,0.0,0.0,0.0,0.0,0.0,0.0,0.0,0.0,0.0,0.0,0.0,0.0,0.0,0.0,0.0,0.0,0.0,0.0,0.0,0.0,0.0,0.0,0.0,0.0
ENSG00000286492,0.0,0.0,0.0,0.0,0.0,0.0,0.0,0.0,0.0,0.0,0.0,0.0,0.0,0.0,0.0,0.0,0.0,0.0,0.0,0.0,0.0,0.0,0.0,0.0,0.0,0.0,0.0,0.0,0.0,0.0,0.0,0.0,0.0,0.0,0.0,0.0,0.0,0.0,0.0,0.0,0.0,0.0,0.0,0.0,0.0,0.0,0.0,0.0,0.0,0.0,0.0,0.0,0.0,0.0,0.0,0.0,0.0,0.0,0.0,0.0,0.0,0.0,0.010274540130673132,0.02534438650048202,0.0434005142718298,0.060269017026844146,0.07774319287166717,0.09871107527279883,0.12136269915682071,0.14799183108676683,0.17909051755441072,0.20981177346472815,0.24142510174147358,0.27319650706937526,0.3084690739052435,0.34533887631777205,0.37813073762363664,0.4088623844132958,0.43881859470524587,0.4657954747822703,0.4917768211986595,0.5254207613943802,0.562621803449873,0.6014368094296529,0.6375823396219348,0.6673433032660341,0.7078164287548961,0.7517906967833611,0.7932675739982977,0.8341674003957461,0.8693276392921314,0.9047886793398423,0.9459371228936384,0.9871419919820177,1.0254352922891992,1.0650419588261337,1.1062348159974082,1.146825371365084,1.1896940987436286,1.2347851478740655
ENSG00000254724,0.0,0.0,0.0,0.0,0.0,0.0,0.0,0.0,0.0,0.0,0.0,0.0,0.0,0.0,0.0,0.0,0.0,0.0,0.017166240509873268,0.03194032774429174,0.04374850274950764,0.05433410886471048,0.06347364134739096,0.07077333878275527,0.0779322776557256,0.08380057909736639,0.08923779847055173,0.09456163137199948,0.09946598895113822,0.10342512920011206,0.10602120661516712,0.10821500428526207,0.11109130172988126,0.11576117275076878,0.12040737554019382,0.12560656311893345,0.130047863161729,0.1346307283550324,0.13911667242020792,0.14360037473787973,0.1461643910119135,0.14726002127168836,0.14777088756324888,0.1482524607469953,0.14760940737852443,0.14331175343235408,0.13916603148721518,0.13481599217008639,0.13017148462346587,0.12549749900555449,0.12164441550671128,0.12059851358410688,0.12072801177765002,0.12163818581105701,0.12485934522715243,0.1271009735503516,0.12564261638827756,0.1217306341584638,0.121213213313198,0.12189137732632065,0.12286515466840342,0.12428149301038807,0.1233863293071497,0.12164907740901788,0.11998636830122526,0.1198218261629606,0.1174024697104429,0.1159461762225948,0.1142528211987592,0.11282178636677054,0.1126580520167364,0.11497623612286266,0.11662887978570753,0.11824294570052375,0.11559986631426962,0.11248764161078523,0.11425404524207357,0.11908224993178464,0.12355755579802555,0.12658241986264812,0.12890088679970244,0.12357336960126274,0.11304741847711333,0.09818442590055929,0.07972976395462274,0.06331956103563513,0.04718342765826002,0.03334061127100056,0.019656552244291862,0.004195332428745336,0.0,0.0,0.0,0.0,0.0,0.0,0.0,0.0,0.0,0.0
ENSG00000197921,0.0,0.0,0.0,0.0,0.0,0.0,0.0,0.0,0.0,0.0,0.0,0.0,0.0,0.0,0.0,0.0,0.0,0.0,0.0,0.0,0.0,0.0,0.0,0.0,0.0,0.0007399574142268137,0.004981389917644375,0.007846245759186948,0.01039040630612125,0.012939917501031763,0.014924083279504584,0.01690623225452962,0.018963236940651378,0.021886285216224002,0.0255236755023631,0.027939818226530924,0.02975459094273169,0.03282643066741585,0.03636032246486616,0.04023923899571202,0.046113283599686715,0.051253513958208895,0.05301853167726129,0.05761675875470834,0.0617702064287154,0.0663838544290193,0.07113759918866927,0.07465727937720347,0.07579637975037781,0.0756326926474427,0.07561225628417884,0.07738116490508387,0.07898328474732941,0.08038110512636464,0.08442329206756118,0.08966053319724708,0.09467249988546998,0.09643863778461727,0.0985776330378475,0.10352917984586134,0.1128571913234533,0.12290162108951826,0.13375059501486253,0.1442093108370043,0.15478675657047508,0.16308243817959073,0.17118582575646452,0.17824176652308804,0.18529891978249202,0.19016282595542666,0.19883596159586367,0.2082374227234785,0.22042204352474717,0.23724655891586793,0.25143821552700113,0.26847882489525043,0.2884759122218934,0.3075132138472241,0.32462719926289246,0.341749693813247,0.3596760243441965,0.38490141366119623,0.41217587517244964,0.44181060222047025,0.47167301724722094,0.5005422328776135,0.5286416525335639,0.5555878530522319,0.583710178132906,0.61896467392387,0.654244757029913,0.6855088660305041,0.7172604409661972,0.7489841144842584,0.7753641567463839,0.8020025578584272,0.8306853984270086,0.8591738517858112,0.8889006877238939,0.9170215102165201
ENSG00000272657,0.0,0.0,0.0,0.0,0.0,0.0,0.0,0.0,0.0,0.0,0.0,0.0,0.0,0.0,0.0,0.0,0.0,0.0,0.0,0.0,0.0,0.0,0.0,0.0,0.0,0.0,0.0,0.0,0.0,0.0,0.0,0.0,0.0,0.0,0.0,0.0,0.0,0.0,0.0,0.0,0.0,0.0,0.0,0.0,0.0,0.0,0.0,0.0,0.0,0.0,0.0,0.0,0.0,0.0,0.0,0.0,0.0021511942867546035,0.0046784846314256254,0.006684171991691172,0.008899026660027195,0.01257389173468671,0.01544733300616239,0.015910443428577378,0.015916976328385617,0.01599297552950799,0.014985095799740304,0.013647491261602656,0.009566094591998489,0.005674296106623859,0.002115228735172332,0.0,0.0,0.0,0.0,0.0,0.0,0.0,0.0,0.0,0.0,0.0,0.0,0.0,0.0,0.0,-0.002432334630593531,-0.01852499682007731,-0.03709603696186213,-0.05670808124201321,-0.07970766632979569,-0.10083794421700176,-0.12177713458393005,-0.14400970069459662,-0.16241905616240102,-0.1786072154373598,-0.19459584879195643,-0.21129963207504623,-0.2276291572472028,-0.24331429174611546,-0.2602531633566987
ENSG00000138593,0.0,0.0,0.0,0.0,0.0,0.0,0.0,0.0,0.0,0.0,0.0,0.0,0.0,0.0,0.0,0.0,0.0,0.0,0.0,0.0,0.0,0.0,0.0,0.0,0.0,0.0,0.0,0.0,0.0,0.0,0.0,0.0,0.0,0.0,0.0,0.0,0.0,0.0,0.0,0.0,0.0,0.0,0.0,0.0,0.0,0.0,0.0,0.0,0.0,0.0,0.0,0.0,0.0,0.0,0.0,0.0,0.0,0.0,0.0,0.0,0.0,0.0,-0.0019036454027218461,-0.010437176880334503,-0.0188143807295369,-0.02535651851677211,-0.029406733094106612,-0.03407002941998403,-0.0416881866250561,-0.051600774724326164,-0.061431757586908234,-0.067549166268221,-0.0751759831608849,-0.08277455075318241,-0.0890033335571863,-0.09550321953875708,-0.10106705966425829,-0.10270906644465706,-0.10127908828953257,-0.10253606543660937,-0.103105301736708,-0.09969601890490698,-0.10202782497764111,-0.0962621641480334,-0.08937047208701092,-0.0819288261847696,-0.07712006041690915,-0.07535045039251632,-0.07020255922535754,-0.06441380430865021,-0.058282405261182224,-0.054469501126375636,-0.05274875612602197,-0.05130943151386378,-0.05526437261800218,-0.06238923948287235,-0.07153590015378311,-0.079285941147597,-0.08849715264593784,-0.09824571054629169
ENSG00000271880,0.0,0.0,0.0,0.0,0.0,0.0,0.0,0.0,0.0,0.0,0.0,0.0,0.0,0.0,0.0,0.0,0.0,0.0,0.0,0.0,0.0,0.0,0.0,0.0,0.0,0.0,0.0,0.0,0.0,0.0,0.0,0.0,0.0,0.0,0.0,0.0,0.0,0.0,0.0,0.0,0.0,0.0,0.0,0.0,0.0,0.0,0.0,0.0,0.0,0.0,0.0,0.0,0.0,0.0,0.0,0.0,0.0,0.0,0.0,0.0,0.0,0.0,0.0,0.0,0.0,0.0,0.0,0.0,0.0,0.0,0.0,0.0,0.0,0.0,0.0,0.0,0.0,0.0,0.0,0.0,0.0,0.0,0.0,0.0,0.0,0.0,-0.018934849394295933,-0.03683914612722551,-0.04776609901598787,-0.05710447350634689,-0.06791848886764568,-0.08010581309919657,-0.09375659042461273,-0.10453368484205705,-0.11623064485522724,-0.12881621427205003,-0.141507747756154,-0.15422945378456634,-0.16814621685789619,-0.18528044504121008
ENSG00000255389,0.0,0.0,0.0,0.0,0.0,0.0,0.0,0.0,0.0,0.0,0.0,0.0,0.0,0.0,0.0,0.0,0.0,0.0,0.0,0.0,0.0,0.0,0.0,0.0,0.0,0.0,0.0,0.0,0.0,0.0,0.0,0.0,0.0,0.0,0.0,0.0,0.0,0.0,0.0,0.0,0.0,0.0,0.0,0.0,0.0,0.0,0.0,0.0,0.0,0.0,0.0,0.0,0.0,0.0,0.0,0.0,0.0,-0.0013924480893113223,-0.009522084952732846,-0.019046902401983475,-0.027067874161200246,-0.03082426873911646,-0.031819770863453035,-0.0316861276623166,-0.026770913839736038,-0.02144549538448523,-0.0118285348678629,-0.0031578719909343697,0.0,0.0,0.0,0.0,0.0,0.0,0.0,0.0,0.0,0.0,0.0,0.0,0.0,0.0,0.0,0.0,0.0,0.0,0.0,0.0,0.0,0.0,0.0,0.0,0.0,0.0,0.0,0.0,0.0,0.0,0.0,0.0
ENSG00000132837,0.0,0.0,0.0,0.0,0.0,0.0,0.0,0.0,0.0,0.0,0.0,0.0,0.0,0.0,0.0,0.0,0.0,0.0,0.0,0.0,0.0,0.0,0.0,0.0,0.0,0.0,0.0,0.0,0.0,0.0,0.0,0.0,0.0,0.0,0.0,0.0,0.0,0.0,0.0,0.0,0.0,0.0,0.0,0.0,0.0,0.0,0.0,0.0,0.0,0.0,0.0,0.0,0.0,0.0,0.0,0.0,0.0,0.0,0.0,0.0,0.0,0.0,0.0,-0.009960421873856417,-0.022114566226826317,-0.036041047467510814,-0.04779351391938731,-0.05507224850128624,-0.06428719013526793,-0.0716760864004157,-0.08120172340985389,-0.09419493948783694,-0.1120013370975107,-0.1280209385719179,-0.1275025298816827,-0.10880729275433686,-0.07928473878244512,-0.0439289435660136,-0.004925024927275111,0.0,0.0,0.0,0.0,0.0,0.0,0.0,0.0,0.0,0.0,0.0,0.0,0.0,0.0,0.0,0.0,0.0,0.0,0.0,0.0,0.0
ENSG00000128573,0.0,0.0,0.0,0.0,0.0,0.0,0.0,0.0,0.0,0.0,0.0,0.0,0.0,0.0,0.0,0.0,0.0,0.0,0.0,0.0,0.0,0.0,0.0,0.0,0.0,0.0,0.0,0.0,0.0,0.0,0.0,0.0,0.0,0.0,0.0,0.0,0.0,0.0,0.0,0.0,0.0,0.0,0.0,0.0,0.0,0.0,0.0,0.0,0.0,0.0,0.0,0.0,0.0,0.0,0.0,0.0,0.0,0.0,0.0,0.0,0.0,-0.004415248567267903,-0.013416950762239992,-0.023716084120933248,-0.030887357583264413,-0.04228964729661374,-0.05190665686197947,-0.061269011054613416,-0.06994103596581056,-0.07711855212092354,-0.08324097182200614,-0.08778563592294761,-0.08958885393522174,-0.09000431087554069,-0.08894108029321032,-0.08104038123369212,-0.06507934770137001,-0.04943599136748545,-0.03411569351363194,-0.012505715435367765,0.0,0.0,0.0,0.0,0.0,0.0,0.0,0.0,0.0,0.0,0.0,0.0,0.0,0.0,0.0,0.0,0.0,0.0,0.0,0.0
ENSG00000238097,0.0,0.0,0.0,0.0,0.0,0.0,0.0,0.0,0.0,0.0,0.0,0.0,0.0,0.0,0.0,0.0,0.0,0.0,0.0,0.0,0.0,0.0,0.0,0.0,0.0021577652288049445,0.006669768815750618,0.010315448365368577,0.014212372611292776,0.02007848370291221,0.027312172427613732,0.03254521962070275,0.03691636192583868,0.04027927435365974,0.04184004037542582,0.04133083747110578,0.038660708769334785,0.0344726619765137,0.030715271918420085,0.027299542985081568,0.021945537224747895,0.016872713525086437,0.012741630447355075,0.010685922907389374,0.010610567059482347,0.009332538248012036,0.008801640016080527,0.008804385130008774,0.008102553485496825,0.008076113593106145,0.008993173233360035,0.009429779607767,0.009398250903736555,0.008123618968121558,0.0068184980730529535,0.0032588307030178417,0.0,0.0,0.0,0.0,0.0,0.0,0.0004641707454894996,0.0037192618172427637,0.007469042080833928,0.011576935284366357,0.015582658582398849,0.020580434930957455,0.021691024831211218,0.017868037592962717,0.012341150463701663,0.009262728677656323,0.005427781266584518,0.0010324697715060715,0.0,0.0,0.0,0.0,0.0,0.0,0.0,0.0,0.0,0.0,0.0,0.0,0.0,0.0,0.0,0.0,0.0,0.0,0.0,0.0,0.0,0.0,0.0,0.001213725616786188,0.006341601121034339,0.014451679009976758,0.023625621289163977
ENSG00000259744,0.0,0.0,0.0,0.0,0.0,0.0,0.0,0.0,0.0,0.0,0.0,0.0,0.0,0.0,0.0,0.0,0.0,0.0,0.0,0.0,0.0,0.0,0.0,0.0,0.0,0.0,0.0,0.0,0.0,0.0,0.0,0.0,0.0,0.0,0.0,0.0,0.0,0.0,0.0,0.0,0.0,0.0,0.0,0.0,0.0,-0.0014238062757606668,-0.007779595077701803,-0.01591749996454636,-0.021807390974856084,-0.026509752061684353,-0.03067961451498088,-0.03367467217471685,-0.037808550132644836,-0.04270385677870131,-0.04383905900344567,-0.04132655098769925,-0.03772124468293935,-0.03874727431227937,-0.040856155265156124,-0.04262617569199063,-0.04262116511673775,-0.0387334947817445,-0.030288357949557573,-0.021250589907696224,-0.008189826531406326,0.0,0.0,0.0,0.0,0.0,0.0,0.0,0.0,0.0,0.0,0.0,0.0,0.0,0.0,0.0,0.0,0.0,0.0,0.0,0.0,0.0,0.0,0.0,0.0,0.0,0.0,0.0,0.0,0.0,0.0,0.0,0.0,0.0,0.0,0.0
ENSG00000249467,0.0,0.0,0.0,0.0,0.0,0.0,0.0,0.0,0.0,0.0,0.0,0.0,0.0,0.0,0.0,0.0,0.0,0.0,0.0,0.0,0.0,0.0,0.0,0.0,0.0,0.0,0.0,0.007118830510953898,0.015514886165260476,0.023559236911229412,0.031248694005022642,0.038468885492680925,0.045991484188634246,0.05497878117483026,0.06369765000894578,0.07376886549901877,0.08221704615532024,0.08856755499510448,0.09492644989011165,0.10248959258015264,0.1112104080764814,0.1226154209863003,0.13523494524236265,0.15078283927376523,0.16890312393035312,0.18514465311981232,0.1994770847163942,0.21671086940675574,0.23390293002361293,0.2528875919919743,0.27139924520562886,0.28957702553960907,0.30607197924977536,0.3221806777872111,0.3371612033678194,0.3507560903113923,0.3650456841636058,0.37818927235396016,0.3932036817258991,0.4072083672618521,0.4215114655388823,0.436112572209129,0.4512729578498546,0.46787116944060103,0.4856602513726027,0.5035847914353649,0.5213948378345192,0.5373725816391371,0.5518107965096434,0.5686598430228137,0.5851194114469371,0.5991273024227541,0.6131024300314881,0.6304467692936947,0.651872723140371,0.6729834205578994,0.696728354404373,0.7238741264046505,0.7502952356459809,0.780000954087171,0.8076629778001013,0.8335982639924212,0.8646410932097826,0.8960956143994562,0.9259218024941501,0.9530132893735664,0.9840817117855559,1.0173695370201314,1.0455331272833925,1.0778539003349934,1.113473705134992,1.1505820119106915,1.1925621238703583,1.2374247307701787,1.279855476233183,1.3259414502378029,1.3731450055285417,1.4171743573576738,1.4633718593333664,1.5074570906148812
ENSG00000267023,0.0,0.0,0.0,0.0,0.0,0.0,0.0,0.0,0.0,0.0,0.0,0.0,0.0,0.0,0.0,0.0,0.0,0.0,0.0,0.0,0.0,0.0,0.0,0.0,0.0,0.0,0.0,0.0,0.0,0.0,0.0,0.0,0.0,0.0,0.0,0.0,0.0,0.0,0.0,0.0,0.0,0.0,0.0,0.0,0.0,0.0,0.0,0.0,0.0,0.0,0.0,0.0,0.0,0.0,0.0,0.0,0.0,0.0,0.0,0.0,0.0,0.0,0.0,0.0,0.0,0.0,0.0,0.0,0.0,0.0,0.0,0.0,0.0,0.0,0.0,0.0,0.0,0.0,-0.009873977680834126,-0.024412953961827303,-0.04249473932614662,-0.07079380786614772,-0.10958387458226478,-0.1490432397222057,-0.1844383216946762,-0.21851465683685123,-0.25798176616653845,-0.3021302944063102,-0.3431430018651272,-0.3864420835647544,-0.4221270160158894,-0.44763702559203333,-0.46628277908732685,-0.4754137213312153,-0.47559621625334025,-0.47261796626305186,-0.46774163305528726,-0.46190037096575154,-0.4558565550667601,-0.4501910542495021
ENSG00000139318,0.0,0.0,0.0,0.0,0.0,0.0,0.0,0.0,0.0,0.0,0.0,0.0,0.0,0.0,0.0,0.0,0.0,0.0,0.0,0.0,0.0,0.0,0.0,0.0,0.0,0.0,0.0,0.0,0.0,0.0,0.0,0.0,0.0,0.0,0.0,0.0,0.0,0.0,0.0,0.0,0.0,0.0,0.0,0.0,0.0,0.0,0.0,0.0,0.0,0.0,0.0,0.0,0.0,0.0,0.0,0.0,0.0,0.0,0.0,0.0,0.0,0.0,0.0,0.0,0.0,0.0,0.0,0.0,0.0,0.0,0.0,0.0,0.0,0.0,0.0,0.0,0.0,0.0,0.0,0.0,0.0,0.0,0.0,0.0,0.0,0.0,0.0,0.0,0.0,0.0,0.0,0.0,0.0,0.009121358921921858,0.030583424242370906,0.05914246644082471,0.08895233543599759,0.11557150443797759,0.14349350244887799,0.17200238419855718
ENSG00000256757,0.0,0.0,0.0,0.0,0.0,0.0,0.0,0.0,0.0,0.0,0.0,0.0,0.0,0.0,0.0,0.0,0.0,0.0,0.0,0.0,0.0,0.0,0.0,0.0,0.0,0.0,0.0,0.0,0.0,0.0,0.0,0.0,0.0,0.0,0.0,0.0,0.0,0.0,0.0,0.0,0.0,0.0,0.0,0.0,0.0,0.0,0.0,0.0015087071378161163,0.003921724178856632,0.006859771642505462,0.01127782756832063,0.016569429858432988,0.021525162747837192,0.027192394536418217,0.03351646005182149,0.03894222891533242,0.04341117075391504,0.04383558578429059,0.046068475441642026,0.0502959460110202,0.05739673504344611,0.06392139150300992,0.06915078979523936,0.07520075084833083,0.0816785384530364,0.08731951195909499,0.09276886916713006,0.09783948440109695,0.10108287699417288,0.10298262951044189,0.10542424102171266,0.10820860148512215,0.11148343846660957,0.11536972422014767,0.11936737372307434,0.12577245929879619,0.13679558097156033,0.15008491235756244,0.16287291335931262,0.17630017854621113,0.1901426499623844,0.2036601620805972,0.2161945868209795,0.22775902741831522,0.2427914828469144,0.25742265161519823,0.2720601046819776,0.2880904584464301,0.30166421063886373,0.31812996139978095,0.33332556952059916,0.3468555234086107,0.35963414043446124,0.3685972464583893,0.3780912767649207,0.38863327967602224,0.3992304757813755,0.40991430354887626,0.42097608813799015,0.4305344876507546
ENSG00000071205,0.0,0.0,0.0,0.0,0.0,0.0,0.0,0.0,0.0,0.0,0.0,0.0,0.0,0.0,0.0,0.0,0.0,0.0,0.0,0.0,0.0,0.0,0.0,0.0,0.0,0.0,0.0,0.0,0.0,0.0,0.0,0.0,0.0,0.0,0.0,0.0,0.0,0.0,0.0,0.0,0.0,0.0,0.0,0.0,0.0,0.0,0.0,0.0,0.0,0.0,0.0,0.0,0.0,0.0,0.0,0.0,0.0,0.0,0.0,0.0,0.0,0.0,0.0,0.0,0.0,0.0,-0.005626181497347363,-0.020906250828776913,-0.038649820557742826,-0.05670229052499459,-0.07258427103145018,-0.09125710593193398,-0.10859013362719294,-0.11967166313115375,-0.13187987609496127,-0.14325028179822408,-0.1487230802133308,-0.15198131198567402,-0.1556565360102075,-0.15276419679853023,-0.15474638187922474,-0.1603646077487088,-0.16071623095810383,-0.15669301994319934,-0.15295669414695462,-0.14611444524700176,-0.14196828334310008,-0.13960571594863178,-0.13498038453353903,-0.12350583969920345,-0.10827988577663479,-0.09330424327979736,-0.07879764317347368,-0.0670456151382323,-0.058172263661227366,-0.04694604996955573,-0.03531635703133845,-0.0230045496573218,-0.008818818675735167,0.0
ENSG00000251361,0.0,0.0,0.0,0.0,0.0,0.0,0.0,0.0,0.0,0.0,0.0,0.0,0.0,0.0,0.0,0.0,0.0,0.0,0.0,0.0,0.0,0.0,0.0,0.0,0.0,0.0,0.0,0.0,0.0,0.0,0.0,0.0,0.0,0.0,0.0,0.0,0.0,0.0,0.0,0.0,0.0,0.0,0.0,0.0,0.0,0.0,0.0,0.0,0.0,0.0,0.0,0.0,0.0,0.0,0.0,0.0,0.0,0.0,0.0,0.0,0.0,0.0,0.0,0.0,0.0,0.0,0.0,0.0,0.0,0.0,0.0,-0.0006544087773562601,-0.007600019825895996,-0.017592882029374226,-0.029097445208091686,-0.04038314695461572,-0.047823433728526765,-0.05435402362979339,-0.05907891833483699,-0.06605547199464207,-0.07385934499754444,-0.08233562609605932,-0.09233661886670434,-0.1019402788872936,-0.11138463427334001,-0.11948784925228123,-0.12619788753753497,-0.13308652613015443,-0.1381039462928703,-0.143094549630161,-0.14582306115058555,-0.14913481336743636,-0.15513914618080574,-0.164931725351887,-0.17678243300007435,-0.18980157024446748,-0.20299415028427872,-0.21603009292033953,-0.23209574937818572,-0.24940227946643365
ENSG00000106034,0.0,0.0,0.0,0.0,0.0,0.0,0.0,0.0,0.0,0.0,0.0,0.0,0.0,0.0,0.0,0.0,0.0,0.0,0.0,0.0,0.0,0.0,0.0,0.0,0.0,0.0,0.0,0.0,0.0,0.0,0.0,0.0,0.0,0.0,0.0,0.0,0.0,0.0,0.0,0.0,0.0,0.0,0.0,0.0,0.0,0.0,0.0,0.0,0.0,0.0,0.0,0.0,0.0,0.0,0.0,0.0,0.0,0.0,0.0,0.0,0.0,0.0,0.0,0.0,0.0,0.0,0.008516681079713463,0.014438766148441206,0.022904445321400613,0.02916947808401843,0.03407669788742926,0.04142726015658812,0.04986120567124983,0.05782075264710471,0.06274078237896641,0.0661335550455646,0.07188757432490137,0.07868471120122343,0.08362869684898352,0.09608728073670071,0.10580252876816093,0.109139453253121,0.11464411467480325,0.12305906720150958,0.13433896001302487,0.14503929456532227,0.156746761292472,0.17226277430396514,0.18607318849869844,0.20581100819163384,0.22973825333557568,0.2525443819569016,0.27358549921240727,0.29595146075670575,0.3160749250962674,0.33792247194807823,0.36024094908204973,0.3797031093215287,0.39742584561595834,0.41267077989167006
ENSG00000106113,0.0,0.0,0.0,0.0,0.0,0.0,0.0,0.0,0.0,0.0,0.0,0.0,0.0,0.0,0.0,0.0,0.0,0.0,0.0,0.0,0.0,0.0,0.0,0.0,0.0,0.0,0.0,0.0,0.0,0.0,0.0,0.0,0.0,0.0,0.0,0.0,0.0,0.0,0.0,0.0,0.0,0.004037246094564605,0.008178520864683339,0.011524196484108193,0.014512158055598691,0.016331391788746222,0.01716534591626238,0.018007985389023644,0.02036595096357215,0.022700666637876447,0.024640033830674132,0.026442553521880196,0.028270920814527388,0.030926852607231443,0.03350331470418641,0.036454224472525346,0.03973080493247257,0.04135205287752317,0.04070981620061031,0.039432204648234624,0.03914411046673342,0.038918598395072154,0.03928519345537323,0.039308482154272205,0.03973893306816142,0.039686892388279535,0.04146296722879566,0.043375908152191965,0.04505460086891674,0.046402699082718275,0.046948740140123436,0.047509317494463556,0.04928395017478632,0.05086625814204888,0.05343981830892357,0.058112640035041026,0.06416809597286764,0.07071945301160047,0.07693810916368647,0.08315623146501423,0.08902472833927627,0.09251386789852734,0.09297871846139943,0.09521553675523138,0.09424931699959183,0.09559807786824992,0.09973933462816503,0.10719311071714527,0.11622716644660339,0.1260968576785926,0.1339780701348878,0.14118504931857312,0.1482010919763598,0.15547603863465528,0.16129356083593552,0.16727051740576723,0.17256433394825207,0.17788942625540502,0.1830507695382027,0.1879421330833648
ENSG00000197702,0.0,0.0,0.0,0.0,0.0,0.0,0.0,0.0,0.0,0.0,0.0,0.0,0.0,0.0,0.0,0.0,0.0,0.0,0.0,0.0,0.0,0.0,0.0,0.0,0.0,0.0,0.0,0.0,0.0,0.0,0.0,0.0,0.0,0.0,0.0,0.0,0.0,0.0,0.0,0.0,0.0,0.0,0.0,0.0,0.0,0.0,0.0,0.0,0.0,-0.012612145133982598,-0.026345380274037714,-0.040583701928393376,-0.05324636679041338,-0.06251650579499608,-0.06705866537822015,-0.06869746803513843,-0.06968174227521916,-0.06557855559812027,-0.05776612612357913,-0.049767499772741385,-0.03777756964363356,-0.026652980127113816,-0.01946576302192119,-0.019236786795323077,-0.01741217214129709,-0.02371514616070129,-0.03174924722791431,-0.04058740111250044,-0.052399273886816485,-0.06861656127282299,-0.08975373525342331,-0.11287273244801588,-0.1350915596901615,-0.15689506576178616,-0.18086322276546501,-0.20975603567215595,-0.23817663311714374,-0.2686030151702887,-0.3013586334372966,-0.33506105009985937,-0.3660959479400848,-0.40290862655517223,-0.4393101517579303,-0.4760792245012069,-0.5129086386692756,-0.5574174324912917,-0.6067937993507074,-0.6520307219816486,-0.6904155034338174,-0.7282924312415336,-0.763089061538596,-0.7923658539467285,-0.8185924641682737,-0.8444140082312311,-0.8688430843272259,-0.8952082878723342,-0.9214802547789605,-0.9445046323455546,-0.9697214143179783,-0.9961214277187738
ENSG00000207870,0.0,0.0,0.0,0.0,0.0,0.0,0.0,0.0,0.0,0.0,0.0,0.0,0.0,0.0,0.0,0.0,0.0,0.0,0.0,0.0,0.0,0.0,0.0,0.0,0.0,0.0,0.0,0.0,0.0,0.0,0.0,0.0,0.0,0.0,0.0,0.0,0.0,0.0,0.0,0.0,0.0,0.0,0.0,0.0,0.0,0.005673416180678633,0.014242542753424386,0.025776069388830012,0.034612114557549326,0.04261787381216206,0.05107639105143606,0.06207152664485336,0.07338131389816555,0.08622041205606713,0.09832311721410215,0.10907040525178198,0.11909283836541323,0.1280617508451281,0.13575254309050896,0.14086188657129836,0.1437427294084578,0.14657941790100654,0.15030995370757763,0.15500139103456959,0.15982094494065477,0.16327405677082021,0.16792569267648524,0.1731055719255493,0.1772809701118885,0.1835060453145361,0.19029208890251514,0.19679778610968743,0.20308313070958453,0.20944959096108456,0.2154083344431752,0.22156524293375687,0.22822828729411365,0.23596807967915875,0.243483022623133,0.25126220350890754,0.25759645717584034,0.26152248499034714,0.2657478938065213,0.26652493648834585,0.26415009340049017,0.26482674156892805,0.2642432744451188,0.2628565538261665,0.2599767223745254,0.25468479293799196,0.250504943449374,0.24857477285123278,0.24749926868469121,0.2542567216830194,0.25946184595656924,0.2664783372563169,0.27306566929403525,0.27922916344455734,0.2873105830772149,0.2973462994747345
ENSG00000116194,0.0,0.0,0.0,0.0,0.0,0.0,0.0,0.0,0.0,0.0,0.0,0.0,0.0,0.0,0.0,0.0,0.0,0.0,0.0,0.0,0.0,0.0,0.0,0.0,0.0,0.0,0.0,0.0,0.0,0.0,0.0,0.0,0.0,0.0,0.0,0.0,0.0,-0.0038138565095055654,-0.012969085832531427,-0.026724999520909967,-0.03905689552413065,-0.05812881659127166,-0.07548620228342563,-0.09146740759729786,-0.10466336179779075,-0.1190286573276007,-0.1381616867984547,-0.15297880589922203,-0.1598072814024015,-0.16156390829982015,-0.16254169991913509,-0.15858182035164362,-0.1565786659614611,-0.1547956562729261,-0.1598688297238452,-0.1673596052388192,-0.17699291121007676,-0.19726366162263487,-0.22205347928556327,-0.2459257169483876,-0.2590756604927782,-0.2699552287723031,-0.28059532178578506,-0.287529485375953,-0.2838922004453314,-0.2871300213859799,-0.28692181244668913,-0.2887127743172157,-0.2956212577724465,-0.309138938281446,-0.327029070044974,-0.3467228130156955,-0.365929923869733,-0.3875368889583102,-0.40229172505343685,-0.40729044940502224,-0.4040479545216633,-0.39699471610919174,-0.3893397426432861,-0.3783523357932089,-0.3717591265047697,-0.36737749843200834,-0.3612977082878986,-0.3573435443034102,-0.3624851481965212,-0.3688406201903103,-0.3792429339246649,-0.3959736016163601,-0.417706963767943,-0.44401767698438865,-0.4671700258603577,-0.488347781655997,-0.5095414309544825,-0.5317961876590355,-0.5508778349424109,-0.5692857468994471,-0.5873283064860336,-0.6042946893210942,-0.6219120099135118,-0.6405145117926757
ENSG00000180663,0.0,0.0,0.0,0.0,0.0,0.0,0.0,0.0,0.0,0.0,0.0,0.0,0.0,0.0,0.0,0.0,0.0,0.0,0.0,0.0,0.0,0.0,0.0,0.0,0.0,0.0,0.0,0.0,0.0,0.0,0.0,0.0,0.0,0.0,0.0,0.0,0.0,0.0,0.0,0.0,0.0,0.0,0.0,0.0,0.0,0.0,0.0,0.0,0.0,0.0,0.0,0.0,0.0,0.0,0.0,0.0,0.0,0.0,0.0,0.0,0.0,0.0,0.0,0.0,0.0,0.0,0.0,0.0,0.0,0.0,0.0,-0.015569185677229634,-0.03491955286549044,-0.054186110248469435,-0.07302876227048669,-0.09332931377820608,-0.11335187901886021,-0.13695861098909504,-0.1603793490588326,-0.18133262447279988,-0.2043277878226598,-0.2315615803668637,-0.256242852138507,-0.2794116618295649,-0.30497088287316626,-0.3254972323855762,-0.3407848748171298,-0.35721115907665413,-0.37361166141932267,-0.388543611960132,-0.4027007251995654,-0.4164332561706907,-0.42588656845080514,-0.4338902767228802,-0.43955396812907205,-0.44471810825771163,-0.4508509684007833,-0.46067113202876164,-0.4720585457392231,-0.4831574895134374
ENSG00000250126,0.0,0.0,0.0,0.0,0.0,0.0,0.0,0.0,0.0,0.0,0.0,0.0,0.0,0.0,0.0,0.0,0.0,0.0,0.0,0.0,0.0,0.0,0.0,0.0,0.0,0.0,0.0,0.0,0.0,0.0,0.0,0.0,0.0,0.0,0.0,0.0,0.0,0.0,0.0,0.0,0.0,0.0,0.0,0.0,0.0,0.0,0.0,0.0,0.0,0.0,0.0,0.0,0.0,0.0,0.0,0.0,-0.0008062162838598772,-0.007019974108459553,-0.015547606132373533,-0.026426627432747072,-0.03766209059397007,-0.049067233376349384,-0.05844974325204213,-0.06430279504662632,-0.06899254075344835,-0.07566324128986326,-0.08563382757684736,-0.09626460010277145,-0.1056296091737244,-0.11000751818539704,-0.11497705246522594,-0.12107300260189373,-0.12956110072109492,-0.14244122770175505,-0.15541471422328726,-0.1705356611255697,-0.18772988033104224,-0.20817639498965476,-0.2275936519578091,-0.24864470200303884,-0.2656027595775472,-0.2805042057416936,-0.2994273320687925,-0.32436820798460125,-0.3516205819298667,-0.37500466028851653,-0.3966574832842764,-0.4209750185176246,-0.4472400171858346,-0.4824783268679815,-0.519734628916639,-0.5550337888502425,-0.5911020760973228,-0.6250705474826471,-0.657203903561548,-0.6910285798204008,-0.7283029775324273,-0.7655188002981163,-0.8030564609148754,-0.8388618522873448
ENSG00000261103,0.0,0.0,0.0,0.0,0.0,0.0,0.0,0.0,0.0,0.0,0.0,0.0,0.0,0.0,0.0,0.0,0.0,0.0,0.0,0.0,0.0,0.0,0.0,0.0,0.0,0.0,0.0,0.0,0.0,0.0,0.0,0.0,0.00038856051010322716,0.0,0.0,0.0,0.0,0.0,0.0,0.0,0.0,0.0,0.0,0.0,0.0,0.0,0.0,0.0,0.0,0.0,0.0,0.0,0.0,0.0,0.0,0.0,0.0,0.0,0.0,0.0,0.0,0.0,0.0,0.0,0.0,0.0,0.0,0.0,0.0,0.0,0.0,0.0,0.0014251999348973347,0.0072096910676125005,0.012383025787929764,0.01798898639510297,0.02359574365067053,0.02929745418204218,0.035058192088316426,0.04409012083474321,0.05351274136305309,0.05953174425215904,0.0683601692975766,0.07660314112742174,0.07606791301779536,0.07123682060691963,0.06636163344664428,0.06420912242083694,0.06407962633226595,0.06400344478141631,0.06636740198681784,0.07165068918623138,0.07882968296239633,0.08808570757426061,0.09426820013312995,0.10135046945312118,0.10953155955687273,0.11773132723529348,0.12573834883056678,0.1319881860215028
ENSG00000236444,0.0,0.0,0.0,0.0,0.0,0.0,0.0,0.0,0.0,0.0,0.0,0.0,0.0,0.0,0.0,0.0,0.0,0.0,0.0,0.0,0.0,0.0,0.0,0.0,0.0,0.0,0.0,0.0,0.0,0.0,0.0,0.0,0.0,0.0,0.0,0.0,0.0,0.0,-0.0027208601219485535,-0.01456679334158216,-0.02374242315617304,-0.031929998397103976,-0.039095158407889345,-0.04209350952011392,-0.04805927185709058,-0.05401660401882388,-0.05557376820518692,-0.057745895427862494,-0.05958666679574314,-0.05654615624757971,-0.051946732737642366,-0.047325483782565146,-0.042900694861367654,-0.039070912029618224,-0.034833384231084334,-0.03328109330516581,-0.032404565887287975,-0.0353864372284578,-0.041487956871199036,-0.048238412729115956,-0.057961550297088375,-0.06867645904339165,-0.08432907506938267,-0.10703595827445221,-0.13387586328196333,-0.15653747597040893,-0.17824941179599094,-0.20173910635212652,-0.22483246853444322,-0.24537624652021986,-0.26687092827356695,-0.28977826161369735,-0.3165316237578248,-0.34678839017323293,-0.37992747228787704,-0.41336789321312895,-0.4460812608016458,-0.4799540659170808,-0.5127207837846587,-0.5463779008838855,-0.5806044157666234,-0.6142333260002736,-0.6408130502909455,-0.6668658308102203,-0.696979683045872,-0.7280319495810411,-0.7634027928300737,-0.7979409349569718,-0.8310819075108,-0.8719807828570271,-0.9157121672871056,-0.959195493978466,-1.0037579830661958,-1.0542678729640742,-1.1027816720736887,-1.1528768375527152,-1.204528030812676,-1.2511947454005263,-1.2974863791450457,-1.3444530186438002
ENSG00000215009,0.0,0.0,0.0,0.0,0.0,0.0,0.0,0.0,0.0,0.0,0.0,0.0,0.0,0.0,0.0,0.0,0.0,0.0,0.0,0.0,0.0,0.0,0.0,0.0,0.0,0.0,0.0,0.0,0.0,0.0,0.0,0.0,0.0,0.0,0.0,0.0,0.0,0.0,0.0,0.0,0.0,0.0,0.0,0.0,0.0,0.0,0.0,0.0,0.0,0.0,0.0,0.0,0.0,0.0,0.0,0.0,0.0,0.0,0.0,0.0,0.0,0.0,0.0,0.0,0.0006802910762049164,0.0,0.0,0.0,0.0,0.0,0.0,0.0,0.0,0.0,0.0,0.0,0.0,0.0,0.0,0.0,0.0,0.0,0.0,0.0,0.0,0.0,0.0,0.0,0.0,0.0,0.0,0.0,0.0,0.0,0.0,0.0,0.0,0.0,0.0,0.0
ENSG00000248334,0.0,0.0,0.0,0.0,0.0,0.0,0.0,0.0,0.0,0.0,0.0,0.0,0.0,0.0,0.0,0.0,0.0,0.0,0.0,0.0,0.0,0.0,0.0,0.0,0.0,0.0,0.0,0.0,0.0,0.0,0.0,0.0,0.0,0.0,0.0,0.0,0.0,0.0,0.0,0.0,0.0,0.0,0.0,0.0,0.0,0.0,0.0,0.0,0.0,0.0,0.0,0.0,0.0,0.0,0.0,0.0,0.0,0.0,0.0,0.0,0.0,0.0,0.0,0.0,0.0,0.0,0.0,0.0,0.0,0.0,0.0,0.0,0.0,0.0,0.0,0.0,0.0,0.0,0.0,0.0,0.0,0.0,0.0,0.0,0.0,0.0,0.0,7.994670728632772e-06,0.008480409650990168,0.02755325410272085,0.04594178977139876,0.06229523823350542,0.0770172776790305,0.09034237379704843,0.10083494726540854,0.11199775641637962,0.12619860235500024,0.14291408643810263,0.16127409346518554,0.17773951911056834
ENSG00000205423,0.0,0.0,0.0,0.0,0.0,0.0,0.0,0.0,0.0,0.0,0.0,0.0,0.0,0.0,0.0,0.0,0.0,0.0,0.0,0.0,0.0,0.0,0.0,0.0,0.0,0.0,0.0,0.0,0.0,0.0,0.0,0.0,0.0,0.0,0.0,0.0,0.0,0.0,0.0,0.0,0.0,0.0,0.0,0.0,0.0,0.0,0.0,0.0,0.0,0.0,0.0,0.0,0.0,0.0,0.0,0.0,0.0,0.0,0.0,0.0,0.0,0.0,0.0,0.0,0.0,0.0,0.0,0.0,0.0,0.0,0.0,0.0,0.0,0.009811696389053388,0.030960308907309254,0.052625409641769254,0.07623646364652963,0.10311226303792739,0.13434855784702895,0.16580949031142111,0.1986021631143519,0.24022914666701098,0.29422631530790516,0.35558595172639373,0.4188361030212397,0.48440732213777843,0.5531877910444502,0.6223804385462884,0.6849720052912499,0.7503578278548136,0.8100179685514342,0.8621681446338705,0.9109511149500641,0.9557789261931028,0.9949175579844542,1.0346451879931573,1.0750496896852564,1.1139677085456647,1.1530055005793098,1.1903990305666328
ENSG00000080561,0.0,0.0,0.0,0.0,0.0,0.0,0.0,0.0,0.0,0.0,0.0,0.0,0.0,0.0,0.0,0.0,0.0,0.0,0.0,0.0,0.0,0.0,0.0,0.0,0.0,0.0,0.0,0.0,0.0,0.0,0.0,0.0,0.0,0.0,0.0,0.0,0.0,0.0,0.0,0.0,0.0,0.0,0.0,0.0,0.0,0.0,0.0,0.0,0.0,0.0,0.0,0.0,0.0,0.0,0.0,0.0,0.0,0.0,0.0,0.0019515405508510036,0.006994211134730164,0.009208549337324477,0.011128339642961366,0.011231119271667613,0.012319547444272981,0.013491884097413316,0.014865598469386234,0.013874123237042445,0.014614411142059532,0.013669255745843642,0.01186751569881114,0.009573577767927454,0.008354214945559447,0.008097784964344944,0.005285015338184672,0.0,0.0,0.0,0.0,0.0,0.0,0.0,0.0,0.0,0.0,0.0,0.0,0.007118009417792044,0.019107737942709962,0.03435775536025556,0.0453960172847283,0.05502529364355801,0.06368597512543749,0.06512032489945535,0.06391224295053682,0.061748037312045215,0.05809566478495475,0.05409818143993998,0.04817726371174742,0.03886769635338432
ENSG00000285719,0.0,0.0,0.0,0.0,0.0,0.0,0.0,0.0,0.0,0.0,0.0,0.0,0.0,0.0,0.0,0.0,0.0,0.0,0.0,0.0,0.0,0.0,0.0,0.0,0.0,0.0,0.0,0.0,0.0,0.0,0.0,0.0,0.0,0.0,-0.013085194290087985,-0.02913221069908417,-0.04479389320823475,-0.05760081655818398,-0.06861067477331258,-0.07850090160292934,-0.09056611181699087,-0.10606231199597788,-0.12235695455078471,-0.13866313095609398,-0.14977096415196453,-0.16242632937254542,-0.16946261816877284,-0.17255923280707763,-0.17746879723069478,-0.18208251611817872,-0.18435683177776516,-0.18454456613175135,-0.18456015474163354,-0.18873558639733196,-0.19131134418348542,-0.18812401444566826,-0.1832418960752731,-0.1763424451927199,-0.1677183532980076,-0.15933685263688915,-0.15586453334744918,-0.15120965164615005,-0.1444587007072385,-0.1397788931787151,-0.1348172487486037,-0.12121786297063218,-0.10623661919513383,-0.08948336436136627,-0.0734457022152116,-0.059873795765610055,-0.04636539904533255,-0.03214696751832285,-0.015581279723063135,0.0,0.0,0.0,0.0,0.0,0.0,0.0,0.0,0.0,0.0,0.0,0.0,0.0,0.0,0.0,0.0,0.0,0.0,0.0,0.0,0.0,0.0,0.0,0.0,0.0,0.0,0.0
ENSG00000262454,0.0,0.0,0.0,0.0,0.0,0.0,0.0,0.0,0.0,0.0,0.0,0.0,0.0,0.0,0.0,0.0,0.0,0.0,0.0,0.0,0.0,0.0,0.0,0.0,0.0,0.0,0.0,0.0,0.0,0.0,0.0,0.0,0.0,0.0,0.0,0.0,0.0,0.0,0.0,0.0,0.0,0.0,0.0,0.0,0.0,0.0,0.0,0.0,0.0,0.0,0.0,0.0,0.0,0.0,0.0,0.0,0.0,0.0,0.0,0.0,0.0,0.0,0.0,0.0,0.0,0.0,0.0,0.0,0.0,0.0,0.0,0.0,0.0,0.0,0.0,0.0,0.0,0.0,0.0,0.0,0.0,0.0,0.0,0.0,0.0,0.0,0.0,0.0,0.0,0.0,0.0,0.0,0.0,0.0,0.0,0.0018707967598309246,0.0038394132774453252,0.0052390225131244755,0.007572853726257806,0.012341833215327641
ENSG00000272848,0.0,0.0,0.0,0.0,0.0,0.0,0.0,0.0,0.0,0.0,0.0,0.0,0.0,0.0,0.0,0.0,0.0,0.0,0.0,0.0,0.0,0.0,0.0,0.0,0.0,0.0,0.0,0.0,0.0,0.0,0.0,0.0,0.0,0.0,0.0,0.0,0.0,0.0,0.0,0.0,0.0,0.0,0.0,0.0,0.0,0.0,0.0,0.0,0.0,0.0,0.0,0.0,0.0,0.0,0.0,0.0,0.0,0.00043117902293455406,0.004896885632038397,0.00899719296883184,0.014124144082178719,0.01703227727393924,0.021105944237845745,0.027732239292662293,0.03381363382850404,0.045113152799795685,0.05811706735608717,0.07157260713685519,0.08300789866440615,0.09432905378957723,0.10827279183043116,0.12160481178479476,0.1364140281138996,0.1530030024297932,0.16642843661635068,0.17657264666953598,0.18803444087679463,0.1993799698848661,0.20963279262639686,0.22468891922201356,0.2408304313799595,0.2573645114689468,0.27142111043809364,0.27827058969897356,0.284601929689577,0.2956365399831256,0.3150064854707569,0.3368429310579356,0.35449006845198083,0.37228299657095154,0.38864135589280063,0.4077790451293153,0.4305257887962768,0.45581088404546133,0.4804379454085214,0.5071593759611422,0.5356031958910602,0.5621952085774986,0.5889208055126606,0.6154947859790495
ENSG00000236319,0.0,0.0,0.0,0.0,0.0,0.0,0.0,0.0,0.0,0.0,0.0,0.0,0.0,0.0,0.0,0.0,0.0,0.0,0.0,0.0,0.0,0.0,0.0,0.0,0.0,0.0,0.0,0.0,0.0,0.0,0.0,0.0,0.0,0.0,0.0,0.0,0.0,0.0,0.0,0.0,0.0,0.0,0.0,0.0,0.0,0.0,0.0,0.0,0.0,0.0,0.0,0.0,0.0,0.0,0.0,0.0,0.0,0.0,0.0,0.0,0.0,0.0,0.0,0.0,0.0,0.0,0.0,0.0,0.0,0.0,0.0,0.0,0.0,0.0015437743441329608,0.004394460821087327,0.0036345585918517577,0.00019077999715024475,0.00018635476256025844,2.93040832157639e-06,3.757150340997739e-05,0.0,0.0,0.0,0.0,0.0,0.0,0.0,0.0,0.0,0.0,0.0,3.245696367629191e-05,0.005615578084449026,0.019195243702250578,0.040102242644145594,0.06193314190553973,0.08651759617416621,0.10971453075504654,0.13244480183301657,0.15148708926430296
ENSG00000100979,0.0,0.0,0.0,0.0,0.0,0.0,0.0,0.0,0.0,0.0,0.0,0.0,0.0,0.0,0.0,0.0,0.0,0.0,0.0,0.0,0.0,0.0,0.0,0.0,0.0,0.0,0.0,0.0,0.0,0.0,0.0,0.0,0.0,0.0,0.0,0.0,0.0,0.0,0.0,0.0,0.0,0.0,0.0,0.0,0.0,0.0,0.0,0.0,0.0,0.0,0.0,0.0,0.0,0.0,0.0,0.0,0.0,0.0,0.0,0.0,0.0,0.0,0.0,0.0,0.0,0.0,0.0,-0.0025426181521429783,-0.01767223166239928,-0.033622322048943956,-0.04607976526978295,-0.05757561098737873,-0.07072692347795162,-0.08589868642495009,-0.10048565501398958,-0.11636594819493185,-0.13281433924712904,-0.14622392256725086,-0.15996065397430304,-0.17476370452270557,-0.18924873847748708,-0.20107627053809082,-0.2156895605123611,-0.22849533288557122,-0.2318915859721722,-0.22482280745688624,-0.21820705742224625,-0.21261871533807322,-0.2088005136238338,-0.20078817232683943,-0.192577435505913,-0.18680590948271114,-0.18029575122370167,-0.17018910458256356,-0.15547356743711324,-0.14018269742322537,-0.12423713584745917,-0.10941621629483621,-0.0947065773626959,-0.08196173085097229
ENSG00000232328,0.0,0.0,0.0,0.0,0.0,0.0,0.0,0.0,0.0,0.0,0.0,0.0,0.0,0.0,0.0,0.0,0.0,0.0,0.0,0.0,0.0,0.0,0.0,0.0,0.0,0.0,0.0,0.0,0.0,0.0,0.0,0.0,0.0,0.0,0.0,0.0,0.0,0.0,0.0,0.0,0.0,0.0,0.0,0.0,0.0,0.0,0.0,0.0,0.0,0.0,0.0,0.0,0.0,0.0,0.0,0.0,0.0,0.0,0.0,0.0,0.0,0.0,0.0,0.0,0.0,0.0,0.0,0.0,0.0,0.0,0.0,0.0,0.0,0.0,0.0,-0.0018694955012772169,-0.004859168980684925,-0.01027431844920819,-0.01743731308655386,-0.02203476823834338,-0.027920867323396967,-0.04342927326006563,-0.06568549065281419,-0.08569123550676229,-0.10326611526250801,-0.12186118479109222,-0.13737241796590205,-0.14683641653856747,-0.15882613919424055,-0.16757227313172818,-0.16775965606468368,-0.16690075846332172,-0.1647037371947316,-0.15868689893192275,-0.15009392626006762,-0.14128820995562014,-0.1318481420491986,-0.12226722075844516,-0.11149909425726089,-0.10286003890408754
ENSG00000042445,0.0,0.0,0.0,0.0,0.0,0.0,0.0,0.0,0.0,0.0,0.0,0.0,0.0,0.0,0.0,0.0,0.0,0.0,0.0,0.0,0.0,0.0,0.0,0.0,0.0,0.0,0.0,0.0,0.0,0.0,0.0,0.0,0.0,0.0,0.0,0.0,0.0,0.0,0.0,0.0,0.0,0.0,0.0,0.0,0.0,0.0,0.0,0.0,0.0,0.0,0.0,0.0,0.0,0.0,0.0,0.0,0.0,0.0,0.0,0.0,0.0,0.0,0.0,0.0,0.0,0.0,0.0,0.0,0.0,0.0,0.0,0.0,0.0,0.0,0.0,0.0,0.0,0.0,0.0,0.0,-0.018800077183028653,-0.08023529855724354,-0.1506245847107537,-0.2313369603949649,-0.3210828035392078,-0.39849660508200785,-0.47470954983049446,-0.5493904458464328,-0.6171871907345282,-0.6877264540918852,-0.7500766867191612,-0.8087194083362691,-0.8676862331581363,-0.9295054597571191,-0.9840345039041781,-1.041508851282225,-1.1024244150082216,-1.16334195369887,-1.2272757410596062,-1.2937339104176964
ENSG00000288013,0.0,0.0,0.0,0.0,0.0,0.0,0.0,0.0,0.0,0.0,0.0,0.0,0.0,0.0,0.0,0.0,0.0,0.0,0.0,0.0,0.0,0.0,0.0,0.0,0.0,0.0,0.0,0.0,0.0,0.0,0.0,0.0,0.0,0.0,0.0,0.0,0.0,0.0,0.0,0.0,0.0,0.0,0.0,0.0,0.0,0.0,0.0,0.0,0.0,0.0,0.0,0.0,0.0,0.0,0.0,0.0,0.0,0.0,0.0,0.0,0.0,0.0,-0.0026925565881182954,-0.011430796046173069,-0.020714216271379118,-0.02830695160380565,-0.0341255028677777,-0.04200519996037168,-0.0536951721686134,-0.0670059020952353,-0.0798925304449041,-0.09151558548490578,-0.10286718213944303,-0.11234908348160016,-0.12197480486947465,-0.1286117299843333,-0.13146274781456804,-0.13336004978613772,-0.13591264780393994,-0.139961927018081,-0.14328303819450192,-0.145357858482459,-0.14809163779186324,-0.15386744358048704,-0.16249464304188724,-0.1699883890257984,-0.17390042549998685,-0.17746874748693883,-0.1829579869885916,-0.18941738499775415,-0.19734512696104323,-0.2065913771670281,-0.21932594989190912,-0.24078130489672095,-0.25848501740892316,-0.2788759570962576,-0.3005494624007554,-0.3188899001451859,-0.3365069454554109,-0.3527676976287502
ENSG00000197083,0.0,0.0,0.0,0.0,0.0,0.0,0.0,0.0,0.0,0.0,0.0,0.0,0.0,0.0,0.0,0.0,0.0,0.0,0.0,0.0,0.0,0.0,0.0,0.0,0.0,0.0,0.0,0.0,0.0,0.0,0.0,0.0,0.0,0.0,0.0,0.0,0.0,0.0,0.0,0.0,0.0,0.0,0.0,0.0,0.0,0.0,0.0,0.0,0.0,0.0,0.0,0.0,-0.0008538962282274473,-0.0014847316134833236,-0.0014537105454431706,0.0,0.0,0.0,0.0,0.0,0.0,0.0,0.0,0.0,0.0,0.0,0.0,0.0,0.0,0.0,0.0,0.0,0.0,0.0,0.0,0.0,0.0,0.0,0.0,0.0,0.0,0.0,0.0,0.0,0.0,0.0,0.0,0.0,0.0,0.0,0.0,0.0,0.0,0.0,0.0,0.0,0.0,0.0,0.0,0.0
ENSG00000263400,0.0,0.0,0.0,0.0,0.0,0.0,0.0,0.0,0.0,0.0,0.0,0.0,0.0,0.0,0.0,0.0,0.0,0.0,0.0,0.0,0.0,0.0,0.0,0.0,0.0,0.0,0.0,0.0,0.0,0.0,0.0,0.0,0.0,0.0,0.0,0.0,0.0,0.0,0.0,0.0,0.0,0.0,0.0,0.0,0.0,0.0,0.0,0.0,0.0,0.0,0.0,0.0,0.0,0.0,0.0,0.0,0.0,0.0,0.0,0.0,0.0,0.0,0.0,0.0,0.0,0.0,0.0,0.0,0.0,0.0,0.0,0.0,0.0,0.0,0.0,0.0,0.0,0.0,0.0,0.0,0.0,-0.029068979195068283,-0.055104118534283555,-0.0794415152338349,-0.10755817426182793,-0.1352493927487584,-0.16315152513439088,-0.19235952189661878,-0.22003868341955993,-0.2458047288484448,-0.27095497599682117,-0.29592947731161173,-0.32176858967610117,-0.35123522446902933,-0.372615151179967,-0.39573803400817387,-0.4206231654020027,-0.44624201967045646,-0.47382250379978047,-0.5015570937620184
ENSG00000101331,0.0,0.0,0.0,0.0,0.0,0.0,0.0,0.0,0.0,0.0,0.0,0.0,0.0,0.0,0.0,0.0,0.0,0.0,0.0,0.0,0.0,0.0,0.0,0.0,0.0,0.0,0.0,0.0,0.0,0.0,0.0,0.0,0.0,0.0,0.0,0.0,0.0,0.0,0.0,0.0,0.0,0.0,0.0,0.0,0.0,0.0,0.0,0.0,0.0,0.0,0.0,0.0,0.0,0.0,0.0,0.0,0.0,0.0,0.0,0.0,0.0,0.0,0.0,0.0,0.0,0.0,0.0,0.0,0.0,0.0,0.0,0.0,0.0,0.0,0.0,0.0,0.0,0.0,0.0,0.0,0.0,0.0,0.0,0.0,0.0,0.0,0.0,0.0,-0.0036320712548651487,-0.02181928481926655,-0.037525324892341845,-0.05392706414719935,-0.07086729429604348,-0.08680099901787419,-0.10297637743724929,-0.1194452648575172,-0.135585026775763,-0.14803868839059636,-0.159112913346459,-0.1689783951825429
ENSG00000215440,0.0,0.0,0.0,0.0,0.0,0.0,0.0,0.0,0.0,0.0,0.0,0.0,0.0,0.0,0.0,0.0,0.0,0.0,0.0,0.0,0.0,0.0,0.0,0.0,0.0,0.0,0.0,0.0,0.0,0.0,0.0,0.0,0.0,0.0,0.0,0.0,0.0,0.0,0.0,0.0,0.0,0.0,0.0,0.0,0.0,0.0,0.0,0.0,0.0,0.0,0.0,0.0,0.0,0.0,0.0,0.0,0.0,0.0,0.0,0.0,0.0,0.0,0.0,0.0,0.0,0.0,0.0,0.0,0.0,0.0,0.0,0.0,0.0,0.0,0.0,0.0,0.0,0.0,0.0,0.0,0.0,0.0,0.0,0.0,0.01614417273474295,0.03160879097206091,0.050135386021403466,0.06927899854882066,0.08478522753396643,0.09945020074323874,0.11036186375015725,0.11763346847106432,0.12263912846868129,0.13039048637334702,0.14082217811475203,0.15287341978029928,0.16605996485248756,0.18006152583520915,0.1955157413363497,0.2143176077475372
ENSG00000154330,0.0,0.0,0.0,0.0,0.0,0.0,0.0,0.0,0.0,0.0,0.0,0.0,0.0,0.0,0.0,0.0,0.0,0.0,0.0,0.0,0.0,0.0,0.0,0.0,0.0,0.0,0.0,0.0,0.0,0.0,0.0,0.0,0.0,0.0,0.0,0.0,0.0,0.0,0.0,0.0,0.0,0.0,0.0,0.0,0.0,0.0,0.0,0.0,0.0,0.0,0.0,0.0,0.0,0.0,0.0,0.0,0.0,0.0,0.0,0.0,0.0,0.0,0.0,0.0,0.0,0.0,0.0,0.0,0.0,0.0,0.0,0.0,0.0,0.0,0.0,0.0,0.0,0.0,0.0,0.0,0.0,0.0,0.0,-0.020130674712001514,-0.04892837154489966,-0.07493103798859156,-0.1052082267783725,-0.12789347297383946,-0.1492713267284238,-0.17244694325425938,-0.19308491890988527,-0.2075529111867609,-0.21778860808585584,-0.22626221134134752,-0.2353385960001104,-0.24268792782421278,-0.24821537680941222,-0.2542600616503609,-0.25969999128610155,-0.26338938243111887
ENSG00000286073,0.0,0.0,0.0,0.0,0.0,0.0,0.0,0.0,0.0,0.0,0.0,0.0,0.0,0.0,0.0,0.0,0.0,0.0,0.0,0.0,0.0,0.0,0.0,0.0,0.0,0.0,0.0,0.0,0.0,0.0,0.0,0.0,0.0,0.0,0.0006736702705923963,0.0076754077321369695,0.013728196312634054,0.01828157050403846,0.022976874335306666,0.025811089989610392,0.026526372451329605,0.02931716437353182,0.028021207673076923,0.03215341562799024,0.03646370888045432,0.03956232190067904,0.042329071268443506,0.04277955588638804,0.04290056690564626,0.04222670784163706,0.041384127232805566,0.039166181136394564,0.03534068869227091,0.03195734308959376,0.02860585160429914,0.026840348689067026,0.026743000318121265,0.028178618886319905,0.031261261451056704,0.03538772341229884,0.03963302861433626,0.04170813686648571,0.04357283312874176,0.04687816889576872,0.04936786289601209,0.05188835929508853,0.05630917314997017,0.057675796436394845,0.06057419392724613,0.06695800640518192,0.07592356798114566,0.08313028246726194,0.09049002807604967,0.09852613344429857,0.10378434162172655,0.1092521110719235,0.11516038433629151,0.12365656167080002,0.13323893306007265,0.14327026905535584,0.15449435812129103,0.16365755936429474,0.17410433488018898,0.1882294256281961,0.20598606597927308,0.22233849251053445,0.24014233201161964,0.2564701335626934,0.269131262154331,0.2834522836344444,0.29610507355758414,0.3070217190891157,0.31767241298390286,0.3240855883916205,0.328336553706002,0.33225719397897335,0.33413743288652187,0.3340640574002872,0.336001488321439,0.3384553397140418
ENSG00000109339,0.0,0.0,0.0,0.0,0.0,0.0,0.0,0.0,0.0,0.0,0.0,0.0,0.0,0.0,0.0,0.0,0.0,0.0,0.0,0.0,0.0,0.0,0.0,0.0,0.0,0.0,0.0,0.0,0.0,0.0,0.0,0.0,0.0,0.0,0.0,0.0,0.0,0.0,0.0,0.0,0.0,0.0,0.0,0.0,0.0,0.0,0.0,0.0,0.0,0.0,0.0,0.0,0.0,-0.003775831318047699,-0.01250233690220869,-0.02227239007091391,-0.032214694478464936,-0.04134793911377741,-0.05041370891422382,-0.05925558182813374,-0.0692627085646244,-0.07735839569528356,-0.08530393179554131,-0.09377757562368716,-0.10453217532835252,-0.11306565168162065,-0.12117640422682763,-0.12528989972970445,-0.12474528473782176,-0.1232722605008152,-0.12352825323936666,-0.12569364831191912,-0.1298482911244705,-0.138015265749397,-0.14683182322290736,-0.15419970797691215,-0.16212424248236845,-0.17267418264846296,-0.18676947682184705,-0.20280008957050036,-0.2197888603920648,-0.23854814818321549,-0.2575842104274979,-0.2754907458299268,-0.28857645482614847,-0.29696182467693755,-0.31287350823837795,-0.3329174785409032,-0.3524782452847535,-0.37679464841896365,-0.40211573250830257,-0.4294024197866286,-0.4586118575086397,-0.48964986000172706,-0.5196497473910552,-0.5529926710753852,-0.5861201527799709,-0.6155852647274629,-0.644417097372205,-0.670853751983137
ENSG00000236782,0.0,0.0,0.0,0.0,0.0,0.0,0.0,0.0,0.0,0.0,0.0,0.0,0.0,0.0,0.0,0.0,0.0,0.0,0.0,0.0,0.0,0.0,0.0,0.0,0.0,0.0,0.0,0.0,0.0,0.0,0.0,0.0,0.0,0.0,0.0,0.0,0.0,0.0,0.0,0.0,0.0,0.0,0.0,0.0,0.0,0.0,0.0,0.0,0.0,0.0,0.0,0.0,0.0,0.0,0.0,0.0,0.0,0.0,-0.005648245690806697,-0.015753199586692752,-0.02460137430508523,-0.035739354470118945,-0.04692176971996889,-0.056572436475338064,-0.06528425851840447,-0.07365665316272262,-0.08298187921063226,-0.0931898603384637,-0.10374409374954954,-0.11454865410420402,-0.1266228013424016,-0.13795439506736576,-0.1481550942433989,-0.15949971360060008,-0.1711321530305159,-0.183139135532606,-0.19313608368342716,-0.20186798708910395,-0.20995880245425552,-0.21765397092979225,-0.22522373237644702,-0.23883008860228366,-0.25572550331823357,-0.27282683200325175,-0.29291146700266635,-0.31164299636066667,-0.3311864288399052,-0.3504357015236081,-0.3699508908974856,-0.39088738490925856,-0.40869316397509736,-0.42623268555712057,-0.4441302457346831,-0.4594353668502321,-0.47500720069332275,-0.49096352826355905,-0.5067689263977532,-0.5224353865344686,-0.5388741842073501,-0.5546897178636824
ENSG00000231561,0.0,0.0,0.0,0.0,0.0,0.0,0.0,0.0,0.0,0.0,0.0,0.0,0.0,0.0,0.0,0.0,0.0,0.0,0.0,0.0,0.0,0.0,0.0,0.0,0.0,0.0,0.0,0.0,0.0,0.0,0.0,0.0003270262764236935,0.0029083527541514495,0.0045513048915176895,0.006823024247863684,0.010036208026815168,0.012290400866676179,0.014194258801730232,0.016281691095431535,0.01817735600685345,0.01720000555874029,0.014585889842141325,0.010408010714574572,0.005555519700332082,0.0,0.0,0.0,0.0,0.0,0.0,0.0,0.0,0.0,0.0,0.0,0.0,0.0,0.0,0.0,0.0,0.0,0.0,0.0,0.0,0.0,0.0,0.0,-8.061169448873413e-05,-0.012939252102797203,-0.02282496038365691,-0.030967112926592915,-0.04019370692342959,-0.04933484689686289,-0.057881974330513994,-0.07103932227389469,-0.08421058758331033,-0.09771008732972543,-0.11010260515585707,-0.12078808693945109,-0.13396539093760643,-0.1482148018888906,-0.16714221914886193,-0.18516730047044988,-0.20608143217676744,-0.22833592188718962,-0.2467520878757582,-0.26557482845520347,-0.28689068751819025,-0.3064776746541964,-0.32604013493981354,-0.34492426544293353,-0.3624266036661656,-0.3801742982120472,-0.3994558495029546,-0.4183476406356555,-0.43970159190148994,-0.46316982611724805,-0.4864546995269041,-0.5110442658923492,-0.5371845160184561
ENSG00000144230,0.0,0.0,0.0,0.0,0.0,0.0,0.0,0.0,0.0,0.0,0.0,0.0,0.0,0.0,0.0,0.0,0.0,0.0,0.0,0.0,0.0,0.0,0.0,0.0,0.0,0.0,0.0,0.0,0.0,0.0,0.0,0.0,0.0,0.0,0.0,0.0,0.0,0.0,0.0,0.0,0.0,0.0,0.0,0.0,0.008929190330225881,0.019690516301671165,0.031093412359966596,0.04467060685215847,0.05664466175362737,0.06758042012461517,0.0767634642774714,0.08461618575646339,0.09099002487201613,0.09458375078117363,0.09758540806571532,0.10309919911826754,0.10937454347489613,0.11613210670286102,0.12611717443123951,0.1362423460354663,0.14244799461054622,0.14921619210014597,0.15447375547715575,0.15811353657108046,0.16165703952883603,0.16772649270315473,0.17143620180150385,0.17794888775245174,0.18638729809821308,0.19385132528965265,0.2013083634340973,0.20949569913409968,0.21540265787552326,0.21979482403623693,0.221628148619416,0.22250654713976833,0.2251563364372392,0.22681958216422704,0.2283540971575952,0.231051741604626,0.2339183993539314,0.2367953028752842,0.2386793976082829,0.2439103592260786,0.25425507335469255,0.26893408620980463,0.2864032436974946,0.3046936567267439,0.32164692967077485,0.3377540161792749,0.34721541034827036,0.3540941161595092,0.36040051292908043,0.3652616120416586,0.3709194870904641,0.3774622712079796,0.384941449818937,0.3917807665190753,0.3995585201483242,0.40805348389266544
ENSG00000111961,0.0,0.0,0.0,0.0,0.0,0.0,0.0,0.0,0.0,0.0,0.0,0.0,0.0,0.0,0.0,0.0,0.0,0.0,0.0,0.0,0.0,0.0,0.0,0.0,0.0,0.0,0.0,0.0,0.0,0.0,0.0,0.0,0.0,0.0,0.0,0.0,0.0,0.0,0.0,0.0,0.0,0.0,0.0,0.0,0.0,0.0,0.0,0.0,0.0,0.0,0.0,0.0,0.0,0.0,0.0,0.0,0.0,0.0,0.0,0.0,0.0,0.0,0.0,0.0,0.0,0.0,0.0,0.0,0.0,0.0,0.0,0.0010172893383537664,0.012490171400501486,0.02460163509291356,0.039594965921936884,0.05597838101903267,0.06958256385469336,0.0849383076168847,0.09818655750567881,0.11673695791801002,0.13523846006552284,0.1529753129814868,0.172732649320482,0.20035358871265266,0.2402132935140337,0.2777846275974855,0.32338612543832435,0.37417643765310715,0.4199065986424156,0.4714728864790911,0.5165036552726304,0.5583578025476355,0.5998444379942565,0.6377509651428954,0.6680915300093119,0.7003108728686811,0.733264987180879,0.7630087719441242,0.7927679317463823,0.8212482217856385
ENSG00000229694,0.0,0.0,0.0,0.0,0.0,0.0,0.0,0.0,0.0,0.0,0.0,0.0,0.0,0.0,0.0,0.0,0.0,0.0,0.0,0.0,0.0,0.0,0.0,0.0,0.0,0.0,0.0,0.0,0.0,0.0,0.0,0.0,0.0,0.0,0.0,0.0,0.0,0.0,0.0,0.0,0.0,0.0,0.0,0.0,0.0,0.0,0.0,0.0,0.0,0.0,0.0,0.0,0.0,0.0,0.0,0.0,0.0,0.0,0.0,0.0,0.0,0.0,0.0,0.0,0.0,-0.004143105850601962,-0.012676223886480684,-0.026068600687016767,-0.03806190245907892,-0.050739481473361464,-0.061150259779641294,-0.06986896081996413,-0.07944034329681494,-0.0882855882217544,-0.09913622546905833,-0.11322021268443476,-0.13131425846614114,-0.15111286807037563,-0.17225318419452884,-0.19473873873989472,-0.21201862815582442,-0.2268748178904247,-0.24619996119446858,-0.2640477778755452,-0.2791157295114179,-0.29563173889385147,-0.31662314587296686,-0.33811017129445636,-0.3616239081236581,-0.3937967199760461,-0.4281206020090754,-0.46385000090758494,-0.5033902489581158,-0.5404332710460156,-0.5676686491672391,-0.5949633760366688,-0.6215469050445578,-0.6449154852177506,-0.6686418104708843,-0.6925375074083082
ENSG00000271871,0.0,0.0,0.0,0.0,0.0,0.0,0.0,0.0,0.0,0.0,0.0,0.0,0.0,0.0,0.0,0.0,0.0,0.0,0.0,0.0,0.0,0.0,0.0,0.0,0.0,0.0,0.0,0.0,0.0,0.0,0.0,0.0,0.0,0.0,0.0,0.0,0.0,0.0,0.0,0.0,0.0,0.0,0.0,0.0,0.0,0.00027713831389456796,0.0035313238278706395,0.006001006642379852,0.008984770678894614,0.010262489600284025,0.0085762509546159,0.006467266644259502,0.0028082750208067086,0.0,0.0,0.0,0.0,0.0,0.0,0.0,0.0,0.0,0.0,0.0,0.0,0.0,0.0,0.0,0.0,0.0,0.0,0.0,0.0,0.0,0.0,0.0,0.0,0.0,0.0,0.0,0.0,0.0,0.0,0.0,0.0,0.0,0.0,0.0,0.0,0.0,0.0,0.0,0.0,0.0,0.0,0.0,0.0,0.0,0.0,0.0
ENSG00000278730,0.0,0.0,0.0,0.0,0.0,0.0,0.0,0.0,0.0,0.0,0.0,0.0,0.0,0.0,0.0,0.0,0.0,0.0,0.0,0.0,0.0,0.0,0.0,0.0,0.0,0.0,0.0,0.0,0.0,0.0,0.0,0.0,0.0,0.0,0.0,0.0,0.0,0.0,0.0,0.0,0.0,0.0,0.0,0.0,0.0,0.0,0.0,0.0,0.0,0.0,0.0,0.0,0.0,0.0,0.0,0.0,0.0,0.0,0.0,0.0,0.0,0.0,0.0,0.0,0.0,0.0,0.0,0.0,0.0,0.0,-0.0014313841240176828,-0.009937057708139333,-0.019530896839356833,-0.033162457773129685,-0.05128896871270976,-0.07392377471640582,-0.09977354148125926,-0.12551003811776745,-0.1426687305554392,-0.15669006887914147,-0.16396270952024483,-0.15903221230649367,-0.14852333069211598,-0.13992291165502901,-0.13910308837103938,-0.13506903816626759,-0.13233475796741886,-0.12595479854160666,-0.11504471105552898,-0.10364146127158805,-0.10190478233565323,-0.10958782717918401,-0.12523197271867348,-0.15242646209555677,-0.18652557995907884,-0.22651009597639277,-0.2704979281236287,-0.3137404340415917,-0.3591828266992283,-0.4049645360835202
ENSG00000287401,0.0,0.0,0.0,0.0,0.0,0.0,0.0,0.0,0.0,0.0,0.0,0.0,0.0,0.0,0.0,0.0,0.0,0.0,0.0,0.0,0.0,0.0,0.0,0.0,0.0,0.0,0.0,0.0,0.0,0.0,0.0,0.0,0.0,0.0,0.0,0.0,0.0,0.0,0.0,0.0,0.0,0.0,0.0,0.0,0.0,0.0,0.0,0.0,0.0,-0.0014393392770254607,-0.006075246077115323,-0.00756914614246046,-0.008979912159096933,-0.009551849265367994,-0.008952463374337421,-0.010444836806712732,-0.01253605794059276,-0.010065197786242016,-0.0033146474663274038,0.0,0.0,0.0,0.0,0.0,0.0,0.0,0.0,0.0,-0.0032531257510825373,-0.013612606435084003,-0.026067428041527663,-0.03585613579223243,-0.0453395248760521,-0.05220405766166565,-0.056050519463122866,-0.05327331622125865,-0.046069788555835316,-0.03704519744994888,-0.030891078715751388,-0.01855441211995596,-0.003177618916802936,0.0,0.0,0.0,0.0,0.0,0.0,0.0,0.0,0.0,0.0,0.0,0.0,0.0,0.0,0.0,0.0,0.0,0.0,0.0
ENSG00000226871,0.0,0.0,0.0,0.0,0.0,0.0,0.0,0.0,0.0,0.0,0.0,0.0,0.0,0.0,0.0,0.0,0.0,0.0,0.0,0.0,0.0,0.0,0.0,0.0,0.0,0.0,0.0,0.0,0.0,0.0,0.0,0.0,0.0,0.0,0.0,0.0,0.0,0.0,0.0,0.0,0.0,0.0,0.0,0.0,0.0,0.0,0.0,0.0,0.0,0.0,0.0,0.0,0.0,0.0,0.0,0.0,0.0,0.0,0.0,0.0,0.0,0.0,0.0,0.0,0.0,0.0,0.0,0.0,0.0,0.0018450633992046263,0.0124180615964793,0.02259314138605157,0.031681452236589,0.04107733159589339,0.05266505988464833,0.06407855584511538,0.07451353090735621,0.08555183263126721,0.09604082826660022,0.10482763623103368,0.11350068139169127,0.11987524854836495,0.11942837967170618,0.1169416876197747,0.11335151924492891,0.11009329981951599,0.10814958296802181,0.10665205566167599,0.10444841353766843,0.09738697724002361,0.09251465845900014,0.08977185198037689,0.08576387657845672,0.0747029320295459,0.06504319258306147,0.051688947528053746,0.03611193764890924,0.021592486444528682,0.006417897387016867,0.0
ENSG00000243244,0.0,0.0,0.0,0.0,0.0,0.0,0.0,0.0,0.0,0.0,0.0,0.0,0.0,0.0,0.0,0.0,0.0,0.0,0.0,0.0,0.0,0.0,0.0,0.0,0.0,0.0,0.0,0.0,0.0,0.0,0.0,0.0,0.0,0.0,0.0,0.0,0.0,0.0,0.0,0.0,0.0,0.0,0.0,0.0,0.0,0.0,0.0,0.0,0.0,0.0,0.0,0.0,0.0,0.0,0.0,0.0,0.0,0.0,0.0,0.0,0.0,0.0,0.0,0.0,0.0,0.0,0.0,0.0,0.0,0.0,0.0,0.0,0.0,0.0,0.0,0.0,0.0,0.0,0.0,0.0,0.0,0.0,0.0,0.0,0.0,0.0,0.0,0.0,0.0,0.003404074946361576,0.017070559988022874,0.030013908212106158,0.0435550515541322,0.05286069849273677,0.05747905784997702,0.05967264832285231,0.05911896182937831,0.057653354552139824,0.05614993627147533,0.05440771960485262
ENSG00000232337,0.0,0.0,0.0,0.0,0.0,0.0,0.0,0.0,0.0,0.0,0.0,0.0,0.0,0.0,0.0,0.0,0.0,0.0,0.0,0.0,0.0,0.0,0.0,0.0,0.0,0.0,0.0,0.0,0.0,0.0,0.0,0.0,0.0,0.0,0.0,0.0,0.0,0.0,0.0,0.0,0.0,0.0,0.0,0.0,0.0,0.0,0.0,0.0,0.0,0.0,0.0,0.0,0.0,0.0,0.0,0.0,0.0,0.0,0.0,-0.005696072956924242,-0.054790292378245245,-0.10714659414104233,-0.16315635299327635,-0.22350880572251866,-0.28795398014734447,-0.3401835147143875,-0.3897369357389018,-0.4344989684487797,-0.48220492910849083,-0.5303719424754106,-0.576847244937365,-0.6280437168820848,-0.6822660236111829,-0.7454495609102337,-0.8082992835312051,-0.8640176196254545,-0.9121326349942139,-0.9605151871001921,-1.003950100933065,-1.0490929470531722,-1.0942351074811616,-1.1469968608715917,-1.2053130266708854,-1.2598859106801084,-1.318123340207651,-1.3710311944506404,-1.4231276846291938,-1.4780977604243877,-1.530687327482199,-1.587357350632244,-1.6377042433991844,-1.6916887382990773,-1.754611517858631,-1.817602301455117,-1.8764659670583907,-1.93808575590646,-2.0032152080746863,-2.06795197835606,-2.1400362065097442,-2.2155011397143456
ENSG00000279475,0.0,0.0,0.0,0.0,0.0,0.0,0.0,0.0,0.0,0.0,0.0,0.0,0.0,0.0,0.0,0.0,0.0,0.0,0.0,0.0,0.0,0.0,0.0,0.0,0.0,0.0,0.0,0.0,0.0,0.0,0.0,0.0,0.0,0.0,0.0,0.0,0.0,0.0,0.0,0.0,0.0,0.0,0.0,0.0,0.0,0.0,0.0,0.0,0.0,0.0,0.0,0.0,0.0,0.0,0.0,0.0,0.0,0.0,0.0,0.0,0.0,0.0,0.0,0.0,0.0,0.0,0.0,0.0,0.0,0.0,0.0,0.0,0.0,0.0,0.0,-0.0031685269489967506,-0.021726369658342896,-0.04096313446110083,-0.05899394608831019,-0.07711638299101745,-0.09343800846408523,-0.10491073601605516,-0.12299377949296586,-0.1407426366434078,-0.14992725283174305,-0.16400747601798765,-0.18507963815446413,-0.21038796712165364,-0.232706202967745,-0.2551493096583481,-0.27866038689640693,-0.3008940925490243,-0.32405346144326974,-0.34753057969136614,-0.37345198705649535,-0.40295367245955355,-0.4305582525532488,-0.4551207444592524,-0.47853543175267327,-0.5006256253566704
ENSG00000108001,0.0,0.0,0.0,0.0,0.0,0.0,0.0,0.0,0.0,0.0,0.0,0.0,0.0,0.0,0.0,0.0,0.0,0.0,0.0,0.0,0.0,0.0,0.0,0.0,0.0,0.0,0.0,0.0,0.0,0.0,0.0,0.0,0.0,0.0,0.0,0.0,0.0,0.0,0.0,0.0,0.0,0.0,0.0,0.0,0.0,0.0,0.0,0.0,0.0,0.0,0.0,0.0,0.0,0.0,0.0,0.0,0.0,0.0,-0.007952365810333725,-0.02993669634521596,-0.06249344160623418,-0.09563693912928624,-0.13154375409695013,-0.17248413180650754,-0.2269103757778732,-0.26266164661076163,-0.29704741236051835,-0.3300987886069229,-0.36482591330177794,-0.398204942466018,-0.4359277796865687,-0.4696998752756483,-0.5005399762281662,-0.531503722336082,-0.5607909648191685,-0.5952729151077348,-0.6372824042047787,-0.6851454084962215,-0.7316959213774953,-0.7828504317324022,-0.8349616117993133,-0.8838656773080464,-0.9363977885717185,-0.9822133508842255,-1.0202805692363566,-1.0492675289865319,-1.0740217531856706,-1.1009083067983483,-1.1281753444996578,-1.1564322916639114,-1.1816516975674578,-1.203578346525124,-1.2292062029434907,-1.2541446004511094,-1.28030753046995,-1.308795966766726,-1.3410211551071476,-1.3740263338172771,-1.4086911017005896,-1.4475907386865337
ENSG00000157064,0.0,0.0,0.0,0.0,0.0,0.0,0.0,0.0,0.0,0.0,0.0,0.0,0.0,0.0,0.0,0.0,0.0,0.0,0.0,0.0,0.0,0.0,0.0,0.0,0.0,0.0,0.0,0.0,0.0,0.0,0.0,0.0,0.0,0.0,0.0,0.0,0.0,0.0,0.0,0.0,0.0,0.0,0.0,0.0,0.0,0.0,0.0,0.0,0.0,0.0,0.0,0.0,0.0,0.0,0.0,0.0,0.0,0.0,0.0,0.0,0.0,0.0,0.0,0.0,0.0,0.0,0.0,0.0,0.0,0.0,0.0,0.0,0.0,0.0,0.0,0.0,0.0,0.0,0.0,0.0,0.0,0.0009863838918733336,0.02352845851900329,0.05695800492755021,0.09372196342522726,0.12610928350341036,0.16166115851599142,0.1950549392124119,0.221187369262614,0.24418706042893268,0.2660971055639517,0.2861510462963169,0.3063346600393895,0.33018835155703014,0.35482010518016716,0.38240570445117883,0.4115594613385226,0.43629470654021857,0.4608861739392507,0.4852216437398116
ENSG00000103994,0.0,0.0,0.0,0.0,0.0,0.0,0.0,0.0,0.0,0.0,0.0,0.0,0.0,0.0,0.0,0.0,0.0,0.0,0.0,0.0,0.0,0.0,0.0,0.0,0.0,0.0,0.0,0.0,0.0,0.0,0.0,0.0,0.0,0.0,0.0,0.0,0.0,0.0,0.0,0.0,0.0,0.0,0.0,0.0,0.0,0.0,0.0,0.0,0.0,0.0,0.0,0.0,0.0,0.0,0.0,0.0,0.0,0.0,0.0,0.0,0.0,0.0,0.0,0.0,0.0,0.0,0.0,0.0,0.0,0.0,0.0,0.0,0.0,0.0,0.0,0.0,0.0,0.0,0.0,0.0,0.0,0.0,0.0,0.0,0.0,0.0,0.0,0.0,-0.0008544948637590066,0.0,0.0,0.0,0.0,-0.005920614224059027,-0.017883606850545367,-0.034020285823059854,-0.05118162968729491,-0.07273194409335125,-0.0975407797416922,-0.12276452440821203
ENSG00000227467,0.0,0.0,0.0,0.0,0.0,0.0,0.0,0.0,0.0,0.0,0.0,0.0,0.0,0.0,0.0,0.0,0.0,0.0,0.0,0.0,0.0,0.0,0.0,0.0,0.0,0.0,0.0,0.0,0.0,0.0,0.0,0.0,0.0,0.0,0.0,0.0,0.0,0.0,0.0,0.0,0.0,0.0,0.0,0.0,0.0,0.0,-0.014045716233922211,-0.029463010265313484,-0.04261326465519128,-0.0508593631345251,-0.056268041571216815,-0.06446894338351551,-0.0739197760581699,-0.08224705139973108,-0.09154899474936064,-0.09641574127116237,-0.09785698862818816,-0.09841261018187879,-0.09370056395564354,-0.08482816065704679,-0.06921969339502647,-0.055838167407093374,-0.0424061684083968,-0.025845540227212367,-0.009017312683305913,0.0,0.0,0.0,0.0,0.0,0.0,0.0,0.0,0.0,0.0,0.0,0.0,0.0,0.0,0.0,0.0,0.0,0.0,0.0,0.0,0.0,0.0,0.0,0.0,0.0,0.0,0.0,0.0,0.0,0.0,0.0,0.0,0.0,0.0,0.0
ENSG00000264589,0.0,0.0,0.0,0.0,0.0,0.0,0.0,0.0,0.0,0.0,0.0,0.0,0.0,0.0,0.0,0.0,0.0,-0.004458597711674686,-0.010097493744854425,-0.015303239905167328,-0.020336670344974512,-0.02534219504028392,-0.03019248374017742,-0.03448231573505558,-0.03857101267171632,-0.04358378769234441,-0.048722611847373525,-0.05332486271088599,-0.05767041016549183,-0.062115084205900055,-0.06653436720748243,-0.07101209093785853,-0.07662543262807311,-0.08493218585595667,-0.0926210021901762,-0.09825373952939158,-0.10400499718917214,-0.11057297798640739,-0.117272894748726,-0.12505045361124859,-0.13227635255602924,-0.1366184822787693,-0.1424531843784931,-0.14741262178483325,-0.1540071224001442,-0.16182174118861542,-0.1691110784877438,-0.17318317031355854,-0.1758775133128618,-0.1779142011064727,-0.1803385087842607,-0.18492278273950288,-0.19024715029905045,-0.19640971682263672,-0.20279040366363638,-0.20909773258261974,-0.2181212685469608,-0.2307931502838813,-0.24498553268188705,-0.2596495262524152,-0.27376667021922957,-0.2890859045788771,-0.305466528204107,-0.32268775107434977,-0.33910763678203387,-0.3550155720827673,-0.3711058099373729,-0.3892923237312016,-0.4092987703370314,-0.43081152428469044,-0.45242189450371345,-0.4728333020351749,-0.49382355129336136,-0.5188643734045365,-0.5455270180711237,-0.5728622842236019,-0.601693765910943,-0.6324685919154774,-0.6623099317132778,-0.69440848750667,-0.7291478584646403,-0.7688576407256938,-0.8119546627203028,-0.8520813774467473,-0.8907516511133775,-0.9252423348456659,-0.9659127264788613,-1.0109948531461763,-1.0521601074463425,-1.0968719104816176,-1.1415973035524651,-1.1873091203018697,-1.2382352298166897,-1.2897829736494653,-1.3404928181814315,-1.3945261466175616,-1.453901066732821,-1.5126730673040623,-1.5731741601637572,-1.6356604194690678
ENSG00000091436,0.0,0.0,0.0,0.0,0.0,0.0,0.0,0.0,0.0,0.0,0.0,0.0,0.0,0.0,0.0,0.0,0.0,0.0,0.0,0.0,0.0,0.0,0.0,0.0,0.0,0.0,0.0,0.0,0.0,0.0,0.0,0.0,0.0,0.0,0.0,0.0,0.0,0.0,0.0,0.0,0.0,0.0,0.0,0.0,0.0,0.0,0.0,0.0,0.0,0.0,0.0,0.0,0.0,0.0,0.0,0.0,0.0,0.0,0.0,0.0,0.0,0.0,0.0,0.0,0.0,0.0,0.0,0.0,0.0,0.0,0.0,0.0,0.0,0.0,0.0,0.0,0.0,0.0,0.0021309429947733724,0.014169344079002551,0.02788251358367099,0.04520999787969599,0.06555024989777611,0.09179354029479264,0.12062447953913748,0.14934895092782605,0.18540043647680507,0.21841241791854993,0.24376954979114396,0.27444332435773033,0.3055628783702625,0.33558412900272444,0.3672350353386132,0.3929819542673065,0.42028729757378774,0.4484295792194382,0.4746777433006221,0.49802436193181276,0.5210836155985769,0.5477312741657566
ENSG00000155970,0.0,0.0,0.0,0.0,0.0,0.0,0.0,0.0,0.0,0.0,0.0,0.0,0.0,0.0,0.0,0.0,0.0,0.0,0.0,0.0,0.0,0.0,0.0,0.0,0.0,0.0,0.0,0.0,0.0,0.0,0.0,0.0,0.0,0.0,0.0,0.0,-0.0029259906451773203,-0.012373109275889459,-0.02454207619456029,-0.03391380782591956,-0.03920688514350084,-0.04554251918288082,-0.052181838063681193,-0.05946940120313616,-0.060900233842544074,-0.057049330152323594,-0.054911052595372996,-0.05332346584609011,-0.04975751552069731,-0.04890570019408832,-0.05300831473424161,-0.06090145166546373,-0.06864097367430308,-0.07405374510907355,-0.07832457774189128,-0.08506982993256285,-0.09311590908193546,-0.10219649013325414,-0.10847263481936623,-0.11023891852572615,-0.10465816421921169,-0.09630024709759553,-0.08802694995573217,-0.0814193789657165,-0.08109498836978986,-0.08114575844127245,-0.08248062456795073,-0.08285528602849158,-0.07621026092008353,-0.06854059561059443,-0.06221898300640242,-0.057255683192067745,-0.05062776045726513,-0.03955522239758103,-0.023803027859300916,-0.008171973359814285,0.0,0.0,0.0,0.0,0.0,0.0,0.0,0.0,0.0,0.0,0.0,0.0,0.0,0.0,0.0,0.0,0.0,0.0,0.0,0.0,0.0,0.0,0.0,0.0
ENSG00000250049,0.0,0.0,0.0,0.0,0.0,0.0,0.0,0.0,0.0,0.0,0.0,0.0,0.0,0.0,0.0,0.0,0.0,0.0,0.0,0.0,0.0,0.0,0.0,0.0,0.0,0.0,0.0,0.0,0.0,0.0,0.0,0.0,0.0,0.0,0.0,0.0,0.0,0.0,0.0,0.0,0.0,0.0,0.0,0.0,0.0,0.0,0.0,0.0,0.0,0.0,0.0,0.0,0.0,0.0,0.0,0.0,0.0,0.0,0.0,0.0,0.0,0.0,0.0,0.0,0.0,0.0,0.0,0.0,0.0,0.0,0.0,0.0,-0.006149159787393623,-0.02054121135543254,-0.03749179994918869,-0.05695088294678922,-0.07696982450983593,-0.09751354151116287,-0.11899109025076367,-0.14132404450716993,-0.1668971877167586,-0.18842051374524446,-0.20926181483047376,-0.2235798894448321,-0.23899742511957847,-0.2571954716256806,-0.27601895525490255,-0.2966409206081723,-0.3152288526909731,-0.33805216818307826,-0.3603452895510818,-0.3856456789471425,-0.414040152567504,-0.4454437501364614,-0.477553035928182,-0.5149222921060715,-0.5552665071389175,-0.5935706321703099,-0.6321553719520534,-0.6675400542264058
ENSG00000276409,0.0,0.0,0.0,0.0,0.0,0.0,0.0,0.0,0.0,0.0,0.0,0.0,0.0,0.0,0.0,0.0,0.0,0.0,0.0,0.0,0.0,0.0,0.0,0.0,0.0,0.0,0.0,0.0,0.0,0.0,0.0,0.0,0.0,0.0,0.0,0.0,0.0,0.0,0.0,0.0,0.0,0.0,0.0,0.0,0.0,0.0,0.0,0.0,0.0,0.0,0.0,0.0,0.0,0.0,-0.0026018137472514882,-0.018216941719645708,-0.03398766759789378,-0.05248914703838342,-0.07205238051656788,-0.09197658803239392,-0.11079669946696906,-0.12959455065812658,-0.14642489470374764,-0.16138337617723572,-0.17662340577490687,-0.19522254668744626,-0.20681608114881067,-0.22101241806511293,-0.23264877376706766,-0.24421428923737243,-0.2477607994139122,-0.2463765426158287,-0.23857810093802975,-0.22629020052139828,-0.20845285948316392,-0.18795880835888093,-0.1605858274838973,-0.13159312525644187,-0.11148572453150148,-0.08654964387519418,-0.062391010599134024,-0.053187305810000904,-0.05134472727140685,-0.04959938755491566,-0.05177613380499094,-0.045269722757644675,-0.02534937276759119,0.0,0.0,0.0,0.0,0.0,0.0,0.0,0.0,0.0,0.0,0.0,0.0,0.0
ENSG00000285115,0.0,0.0,0.0,0.0,0.0,0.0,0.0,0.0,0.0,0.0,0.0,0.0,0.0,0.0,0.0,0.0,0.0,0.0,0.0,0.0,0.0,0.0,0.0,0.0,0.0,0.0,0.0,0.0,0.0,0.0,0.0,0.0,0.0,0.0,0.0,0.0,0.0,0.0,0.0,0.0,0.0,0.0,0.0,0.0,0.0,0.0,0.0006848814034626479,0.003188794898826133,0.007774558425711088,0.01505574730211863,0.02281459643418113,0.029907706591989554,0.03672414689632206,0.04383654458132888,0.04566362934532733,0.0455020018186098,0.04455059396033794,0.043815364898760624,0.04411218652846214,0.04310851226804236,0.043683010563902266,0.042275893321818095,0.03857462227597365,0.03149221715358995,0.020513451123473785,0.011128990025511569,0.00276043707186376,0.0,0.0,0.0,0.0,0.0,0.0,0.0,0.0,0.0,0.0,0.0,0.0,0.0,0.0,0.0,0.0,0.0,0.0,0.0,0.0,0.0,0.0,0.0,0.0,0.0,0.0,0.0,0.0,0.0,0.0,0.0,0.0,0.0
ENSG00000137960,0.0,0.0,0.0,0.0,0.0,0.0,0.0,0.0,0.0,0.0,0.0,0.0,0.0,0.0,0.0,0.0,0.0,0.0,0.0,0.0,0.0,0.0,0.0,0.0,0.0,0.0,0.0,0.0,0.0,0.0,0.0,0.0,0.0,0.0,0.0,0.0,-0.0009452318652875515,-0.0045600751680114505,-0.006809538773228262,-0.009029771380609045,-0.01299017048187326,-0.01864758777916175,-0.026345754355436304,-0.03517138472640399,-0.04498974764275077,-0.047919210110389354,-0.05134229072783015,-0.05598819757651247,-0.06451421647015067,-0.07448387297311664,-0.08229534496110208,-0.09394150336592547,-0.10266703334645054,-0.11295016142064414,-0.11714330902905343,-0.11804921491894114,-0.12063271667042406,-0.1285750062652296,-0.1396765793781226,-0.1511678971022274,-0.16245468248224948,-0.17465932480771656,-0.18249907669871546,-0.18766087724321343,-0.19368863713354673,-0.19352278006142729,-0.19571456214186492,-0.20430831975877348,-0.2149338274022125,-0.2276304451806697,-0.23622577250768786,-0.2464351952692891,-0.261295460584807,-0.27695547344817273,-0.29282992073866687,-0.30791857087772934,-0.3139893872666121,-0.31244412873193805,-0.30950202789802633,-0.3090032011589567,-0.30673959590435396,-0.29396313206683455,-0.2807395737188419,-0.26420923146238773,-0.24395491310423492,-0.23237021748084982,-0.22615087776203807,-0.22090706678680017,-0.20097760618470198,-0.17868966911274167,-0.15714296653439624,-0.13525083403172244,-0.11452674295637198,-0.09906360364124739,-0.08494513284186653,-0.07070320579622962,-0.05542148584938968,-0.0406012907912602,-0.025731882186583184,-0.013614841456513751
ENSG00000280216,0.0,0.0,0.0,0.0,0.0,0.0,0.0,0.0,0.0,0.0,0.0,0.0,0.0,0.0,0.0,0.0,0.0,0.0,0.0,0.0,0.0,0.0,0.0,0.0,0.0,0.0,0.0,0.0,0.0,0.0,0.0,0.0,0.0,0.0,0.0,0.0,0.0,0.0,0.0,0.0,0.0,0.0,0.0,0.0,0.0,0.0,0.0,0.0,0.0,0.0,0.0,0.0,0.0,0.0,0.0,0.0,0.0,0.0,0.0,0.0,0.0,0.0,0.0,0.0,0.0,0.0,0.0,0.0,0.0,0.0,0.0,0.0,0.0,0.002127967646776953,0.015984939251218386,0.030943288978553304,0.045467487921247225,0.061446986922127626,0.07694474129879778,0.0894482907146421,0.10215281244647031,0.12266663336881029,0.14753323367652518,0.1684843645804387,0.19009518354587981,0.2063254086289198,0.22503997993404745,0.24625479077868884,0.2679161490869853,0.2895053964448546,0.3105625211008346,0.33450275130085655,0.3629181023589434,0.3899085896269752,0.4151690637830596,0.4405377909528217,0.46456495011292115,0.48628868736448294,0.5068282859825607,0.5250263123541299
ENSG00000119950,0.0,0.0,0.0,0.0,0.0,0.0,0.0,0.0,0.0,0.0,0.0,0.0,0.0,0.0,0.0,0.0,0.0,0.0,0.0,0.0,0.0,0.0,0.0,0.0,0.0,0.0,0.0,0.0,0.0,0.0,0.0,0.0,0.0,0.0,0.0,0.0,0.0,0.0,0.0,0.0,0.0,0.0,0.0,0.0,0.0,0.0,0.0,0.0,0.0,0.0,0.0,0.0,0.0,0.0,0.0,0.0,0.0,0.0,0.0,0.0,0.0,0.0,0.0,0.0,0.0,0.0,0.0,0.0,0.0,0.0,0.0,0.0,0.0,0.0,0.0,0.0,0.0,0.0,0.0,0.0,0.0,0.0,0.0,0.0,0.0,0.0,0.0,0.004739191819142618,0.010574321808690525,0.017667113742641818,0.0253532080387928,0.031958794388716606,0.03653888648628149,0.03526294289842983,0.035863490802080976,0.036038555042881316,0.03656241202404634,0.038319126228649546,0.040141362937502284,0.04144900749785396
ENSG00000283175,0.0,0.0,0.0,0.0,0.0,0.0,0.0,0.0,0.0,0.0,0.0,0.0,0.0,0.0,0.0,0.0,0.0,0.0,0.0,0.0,0.0,0.0,0.0,0.0,0.0,0.0,0.0,0.0,0.0,0.0,0.0,0.0,0.0,0.0,0.0,0.0,0.0,0.0,0.0,0.0,0.0,0.0,0.0,-0.011420933924467951,-0.029655762430373937,-0.0558558126951979,-0.07837853195947228,-0.09905770219619166,-0.12325633476103308,-0.15081799616891028,-0.17444521147293096,-0.19231321899366519,-0.21093318417160722,-0.22882425996132044,-0.23819503837142061,-0.23948511983605048,-0.23545261148868038,-0.2300939858301736,-0.22563083165040473,-0.2204409470583351,-0.2160563962817539,-0.21164569147293658,-0.2107968962463996,-0.21122398702125927,-0.21004130472592283,-0.210839224210985,-0.22073792001241108,-0.23296678976092167,-0.2420505030173993,-0.24443480287285982,-0.24962030488344766,-0.2579059792100546,-0.2679999442769456,-0.28098996062555415,-0.2918553701278742,-0.30695145264949963,-0.32872275599956113,-0.3568788360862248,-0.38211428968743644,-0.40704812904116694,-0.4284156159358132,-0.44398298195426844,-0.44406776478702936,-0.4558642718980666,-0.4633784815877978,-0.4694712486748605,-0.4746618735192812,-0.48389491916415006,-0.4997965083752247,-0.5199364906233057,-0.5393448235525435,-0.5583444637432908,-0.5750034057044282,-0.5928022362635396,-0.6173149613880689,-0.6477247391738681,-0.6825271899162921,-0.7150857112950781,-0.7477522224654848,-0.7811564762908172
ENSG00000275569,0.0,0.0,0.0,0.0,0.0,0.0,0.0,0.0,0.0,0.0,0.0,0.0,0.0,0.0,0.0,0.0,0.0,0.0,0.0,0.0,0.0,0.0,0.0,0.0,0.0,0.0,0.0,0.0,0.0,0.0,0.0,0.0,0.0,0.0,0.0,0.0,0.0,0.0,0.0,0.0,0.0,0.0,0.0,0.0,0.0,0.0,0.0,0.0,0.0,0.0,0.0,0.0,0.0,0.0,0.0,0.0,0.0,0.0,0.0,0.0,0.0,0.0,0.0,0.0,0.0,0.0,0.0,0.0,0.0,0.0,0.0,0.0,0.0,0.00010995641400169403,0.007679185925799441,0.020916211912045263,0.038553952438723595,0.05771628714363566,0.0735350776988106,0.0862731531264272,0.09873460683325913,0.10953109206038314,0.12397628544605865,0.13433677826443724,0.14613118439678144,0.16404694114772445,0.19425582290671292,0.22919693660648716,0.2630069021996473,0.30162263536981804,0.33755138510554145,0.37318231676185565,0.4103481936030806,0.4506064739979476,0.48844991330407,0.5259849305591472,0.5626854057344455,0.5947002469916522,0.6249475369612867,0.6553070082227972
ENSG00000148926,0.0,0.0,0.0,0.0,0.0,0.0,0.0,0.0,0.0,0.0,0.0,0.0,0.0,0.0,0.0,0.0,0.0,0.0,0.0,0.0,0.0,0.0,0.0,0.0,0.0,0.0,0.0,0.0,0.0,0.0,0.0,0.0,0.0,0.0,0.0,0.0,0.0,0.0,0.0,0.0,0.0,0.0,0.0,0.0,0.0,0.0,0.0,0.0,0.0,0.0,0.0,0.0,0.0,0.0,-0.015363871725421665,-0.03762627574551387,-0.06084913799234225,-0.08098183991647388,-0.10143582156185806,-0.12320110020350379,-0.1416014264333228,-0.16186385846456997,-0.17862267778964533,-0.1916708637567464,-0.2057967959779661,-0.21683918406575445,-0.22157938896480142,-0.22288569618608456,-0.22819001648529824,-0.23468851864944262,-0.24080817044271888,-0.24747096593950468,-0.25758640350107653,-0.27167174757297957,-0.2868691886395731,-0.3020736023341389,-0.3103240592250353,-0.316554316023424,-0.32692158927781667,-0.33885011301887963,-0.35265374887897233,-0.37109745056777865,-0.3970605533690815,-0.41491742405635357,-0.43065910034041704,-0.4441660128661967,-0.46036182064532405,-0.47952094111070404,-0.49851382823053286,-0.5207924261551238,-0.5431899736685258,-0.5630952395948715,-0.5832699175236262,-0.6029839668532141,-0.6236102384920023,-0.6459159114401734,-0.6672532748580723,-0.6872981368127016,-0.7062330913676759,-0.7188517506495723
ENSG00000270178,0.0,0.0,0.0,0.0,0.0,0.0,0.0,0.0,0.0,0.0,0.0,0.0,0.0,0.0,0.0,0.0,0.0,0.0,0.0,0.0,0.0,0.0,0.0,0.0,0.0,0.0,0.0,0.0,0.0,0.0,0.0,0.0,0.0,0.0,0.0,0.0,0.0028915175061661647,0.008500467102976588,0.013713716421507238,0.019183347365108162,0.023539944943035636,0.02796319665435412,0.03327048187476968,0.03581742575726369,0.036123600282812245,0.038217632518298746,0.041402915712506455,0.038052688370083784,0.032166109694119246,0.02300132609110268,0.012696497318119808,0.001346560562527394,0.0,0.0,0.0,0.0,0.0,0.0,0.0,0.0,0.0,0.0,0.0,0.0,0.0,0.0,0.0,0.0,0.0,0.0,0.0,0.0,0.0,0.0,0.0,0.0,0.0,0.0,0.0,0.0,0.0,0.0,0.0,0.0,0.0,0.0,0.0,0.0,0.0,0.0,0.0,0.0,0.0,0.0,0.0,0.0,0.0,0.0,0.0,0.0
ENSG00000011523,0.0,0.0,0.0,0.0,0.0,0.0,0.0,0.0,0.0,0.0,0.0,0.0,0.0,0.0,0.0,0.0,0.0,0.0,0.0,0.0,0.0,0.0,0.0,0.0,0.0,0.0,0.0,0.0,0.0,0.0,0.0,0.0,0.0,0.0,0.0,0.0,0.0,0.0,0.0,0.0,-0.000827369988323812,-0.014142946638758423,-0.02453735607419675,-0.041570872408501526,-0.06122687341352235,-0.07561428977411279,-0.08751598316356232,-0.10439551146571692,-0.11921736495325774,-0.13563936621858017,-0.15585655408736007,-0.179914498978166,-0.20321374919255564,-0.22841533456298937,-0.2562009071895259,-0.2842078953366909,-0.3140489688047883,-0.33730757376336457,-0.3652565510178578,-0.40025849640633365,-0.4408468208022727,-0.4821799400759099,-0.5274451223126427,-0.576365793817821,-0.6290480229453297,-0.6760513532453725,-0.7242946742576539,-0.7767152193568626,-0.8311982383916573,-0.8890445430127519,-0.9514496252779898,-1.0120381830049932,-1.0743540395580493,-1.1416379108766574,-1.2170054998348778,-1.3000803889793655,-1.3919050322471764,-1.4856933910668164,-1.5771502965977533,-1.671846365486765,-1.764279577520266,-1.8632593660543821,-1.9694027768591973,-2.067852863839642,-2.1739373052733053,-2.273049605534277,-2.38295082649325,-2.49777675454662,-2.601497839831836,-2.7184824560090277,-2.8347125817573886,-2.9474214248574437,-3.0650310945006574,-3.1752646287293214,-3.2732877697712026,-3.3742167449496354,-3.4792433495044572,-3.58095455681356,-3.687147278391401,-3.798845858474994
ENSG00000237161,0.0,0.0,0.0,0.0,0.0,0.0,0.0,0.0,0.0,0.0,0.0,0.0,0.0,0.0,0.0,0.0,0.0,0.0,0.0,0.0,0.0,0.0,0.0,0.0,0.0,0.0,0.0,0.0,0.0,0.0,0.0,0.0,0.0,0.0,0.0,0.0,0.0,0.0,0.0,0.0,0.0014474312164583147,0.00404741038694327,0.005320562136290353,0.0053921456833794556,0.004405115232537803,0.0012142760121585405,0.0,0.0,0.0,0.0,0.0,0.0,0.0,0.0,0.0,0.0,0.0,0.0,0.0,0.0,0.0,0.0,0.0,0.0,0.0,0.0,0.0,0.0,0.0,0.0,0.0,0.0,0.0,0.0,0.0,0.0,0.0,0.0,0.0,0.0,0.0,0.0,0.0,0.0,0.0,0.0,0.0,0.0,0.0,0.0,0.0,0.0,0.0,0.0,0.0,0.0,0.0,0.0,0.0,0.0
ENSG00000274021,0.0,0.0,0.0,0.0,0.0,0.0,0.0,0.0,0.0,0.0,0.0,0.0,0.0,0.0,0.0,0.0,0.0,0.0,0.0,0.0,0.0,0.0,0.0,0.0,0.0,0.0,0.0,0.0,0.0,0.0,0.0,0.0,0.0,0.0,0.0,0.0,0.0,0.0,0.0,0.0,0.0,0.0,0.0,0.0,0.0,0.0,0.0,0.0,0.0,0.0,0.0,0.0,0.0,0.0,0.0,0.0,0.0,0.0,0.0,0.0,0.0,0.0,0.0,0.0,0.0,-0.0020402528575328366,-0.011221087958416589,-0.010708066010818312,-0.006425063097894006,-0.0003072967852232862,0.0,0.0,0.0,0.0,0.0,0.0,0.0,0.0,0.0,0.0,0.0,0.0,0.0,0.0,0.0,0.0,0.0,0.0,0.0,0.0,0.0,0.0,0.0,0.0,0.0,0.0,0.0,0.0,0.0,0.0
ENSG00000197245,0.0,0.0,0.0,0.0,0.0,0.0,0.0,0.0,0.0,0.0,0.0,0.0,0.0,0.0,0.0,0.0,0.0,0.0,0.0,0.0,0.0,0.0,0.0,0.0,0.0,0.0,0.0,0.0,0.0,0.0,0.0,0.0,0.0,0.0,0.0,0.0,0.0,0.0,0.0,0.0,0.0,0.0,0.0,0.0,0.0,0.0,0.0,0.0,0.0,0.0,0.0,0.0,0.0,0.0,0.0,0.0,0.0,0.0,0.0,0.0,0.0,0.0,0.0,0.0,0.0,0.0,0.0,0.0,0.0,0.0,0.0,0.007728415108698744,0.019639191122411612,0.032802719235572896,0.037905463482775764,0.038038622665430025,0.03853821210704479,0.03942767275189333,0.04154746847959142,0.04558689656732715,0.04672866980599087,0.03926513813472019,0.0313448419820465,0.019515656440502092,0.0029207354926387404,0.0,0.0,0.0,0.0,0.0,0.0,0.0,0.0,0.0,0.0,0.0,0.0,0.0,0.0,0.0
ENSG00000205726,0.0,0.0,0.0,0.0,0.0,0.0,0.0,0.0,0.0,0.0,0.0,0.0,0.0,0.0,0.0,0.0,0.0,0.0,0.0,0.0,0.0,0.0,0.0,0.0,0.0,0.0,0.0,0.0,0.0,0.0,0.0,0.0,0.0,0.0,0.0,0.0,0.0,0.0,0.0,0.0,0.0,0.0,0.0,0.0,0.0,0.0,0.0,0.0,0.0,0.0,0.0,0.0,0.0,0.0,0.0,0.0,0.0,-0.011090896304536331,-0.019622836024606828,-0.034125715998370006,-0.060771565910550045,-0.08904790634932969,-0.11838995833498439,-0.1448253696962158,-0.17642170372421698,-0.19248961848195106,-0.20648222724047458,-0.21588189355433127,-0.21985442111603345,-0.21938285356493606,-0.20937990202157117,-0.2062273098672012,-0.20099065888180404,-0.19027089118830232,-0.17871762340980976,-0.174455329803288,-0.17763330374026656,-0.17800829200104007,-0.1756659669475161,-0.16758693253284065,-0.15921737549306347,-0.1582649925716116,-0.1555413477426357,-0.15459990426694442,-0.1651642110111377,-0.1795865144662412,-0.19017256324613915,-0.20100463315765535,-0.214638476334269,-0.23430117023932776,-0.2571858172399676,-0.28284737609248867,-0.31270727270723586,-0.3406078374514938,-0.3605211666218428,-0.3787322741186478,-0.3996452876023245,-0.42434753498601374,-0.4502526861520402,-0.4781133307036056
ENSG00000214093,0.0,0.0,0.0,0.0,0.0,0.0,0.0,0.0,0.0,0.0,0.0,0.0,0.0,0.0,0.0,0.0,0.0,-0.0016805918225823273,-0.01337660090661746,-0.026030749028159657,-0.03962572408338591,-0.0542297332493796,-0.06828212221706113,-0.07991337078092531,-0.09018916683023266,-0.09945018256871721,-0.1094104233956348,-0.11786580129368031,-0.1249571538509301,-0.13110199484082757,-0.13736031883705668,-0.1436490793182944,-0.15075003388238686,-0.1606167788905708,-0.17181522430903792,-0.1840601644400201,-0.19662826183076088,-0.20972841211996324,-0.2224008101116435,-0.23247996553237096,-0.24211717291486853,-0.2547962548217212,-0.26948773541075455,-0.28205872974788265,-0.2903848814916381,-0.29627917129365466,-0.30534940308304226,-0.3129361243248213,-0.3235969745190441,-0.33561732510934095,-0.34724969803228045,-0.3573748403267007,-0.36875017599274906,-0.37893719040160706,-0.3931702259334699,-0.40759578974802035,-0.42320256002124634,-0.44091628202632643,-0.4580551870878557,-0.47493149343234015,-0.49300356852387167,-0.5127458034340348,-0.5331114037509396,-0.5545336754589343,-0.5771997585432727,-0.5963003572446159,-0.6134166133524078,-0.630027843013474,-0.6453830274345479,-0.6637164497784097,-0.6819532740433774,-0.6966234004675407,-0.7104970626066178,-0.7226154639805519,-0.7365019799457879,-0.7499314407044256,-0.7623297484083038,-0.7769121270444108,-0.7941467037841513,-0.8143513213399538,-0.8373230324198109,-0.8690153539137441,-0.9002296608252385,-0.9245283793785448,-0.9512588022725879,-0.9829361401362655,-1.0189880528372888,-1.06391755464378,-1.1058029771165445,-1.151862165234111,-1.2001650564797586,-1.253176021007429,-1.314509819273465,-1.3833900382188706,-1.4493425175353183,-1.5203641270620643,-1.5959559748261622,-1.6694617674600853,-1.7458810506288076,-1.8206086417129952
ENSG00000116574,0.0,0.0,0.0,0.0,0.0,0.0,0.0,0.0,0.0,0.0,0.0,0.0,0.0,0.0,0.0,0.0,0.0,0.0,0.0,0.0,0.0,0.0,0.0,0.0,0.0,0.0,0.0,0.0,0.0,0.0,0.0,0.0,0.0,0.0,0.0,0.0,0.0,0.0,0.0,0.0,0.0,0.0,0.0,0.0,0.0,0.0,0.0,0.0,0.0,0.0,0.0,0.0,0.0,0.0016274260541420298,0.007043089244735783,0.00986440793672231,0.011089641297116253,0.013685089657128049,0.020115767531095882,0.028203471353858832,0.04088701307640642,0.053450149032154004,0.06829292907990067,0.0874832212801617,0.10604947941376648,0.121961177039343,0.13800272256674656,0.15621281805189335,0.17557328849710307,0.19492866382396598,0.21225509355262565,0.22407176823791042,0.23684611054577384,0.2503052904563356,0.26682281186748363,0.28388201561977167,0.2988459299019419,0.312825484430832,0.3277294781186504,0.33930842522102855,0.3550326372528827,0.3850110535051538,0.41804727990076257,0.4519066593506321,0.4890146990558391,0.5224278548871302,0.5553283454570405,0.5864588968506329,0.6142884103966448,0.6429244245065805,0.6675891920614392,0.6921289657127155,0.7175467481174124,0.7429278812504596,0.7668134207210308,0.7933778523248413,0.8236572726793686,0.852851190609649,0.8842077997344009,0.9188527978935931
ENSG00000105971,0.0,0.0,0.0,0.0,0.0,0.0,0.0,0.0,0.0,0.0,0.0,0.0,0.0,0.0,0.0,0.0,0.0,0.0,0.0,0.0,0.0,0.0,0.0,0.0,0.0,0.0,0.0,0.0,0.0,0.0,0.0,0.0,0.0,0.0,0.0,-5.955164982412897e-05,-0.004952619803384455,-0.003391727382093872,-0.0002728167101625668,0.0,0.0,0.0,0.0,-0.0025063272411543313,-0.023629877861696694,-0.06398329419390338,-0.0736658349020913,-0.08863731639093798,-0.10082143310143808,-0.113104325786144,-0.12125920048584223,-0.121954060117464,-0.11965412397352011,-0.11645670406626601,-0.11059379817157722,-0.10522070394172876,-0.09898189580656142,-0.08993507125153163,-0.07334741513083581,-0.050577090355123075,-0.027905378506924202,-0.0038014065324533377,0.0,0.0,0.0,0.0,0.0,0.0,0.0,0.0,0.0,0.0,0.0,0.0,0.0,0.0,0.0,0.0,0.0,0.0,0.0,0.0,0.0,0.0,0.0,0.0,0.0,0.0,0.0,0.0,0.0,0.0,0.0,0.0,0.0,0.0,0.0,0.0,0.0,0.0
ENSG00000135437,0.0,0.0,0.0,0.0,0.0,0.0,0.0,0.0,0.0,0.0,0.0,0.0,0.0,0.0,0.0,0.0,0.0,0.0,0.0,0.0,0.0,0.0,0.0,0.0,0.0,0.0,0.0,0.0,0.0,0.0,0.0,0.0,0.0,0.0,0.0,0.0,0.0,0.0,0.0,0.0,0.0,0.0,0.0,0.0,0.0,0.0,0.0,0.0,0.0,0.0,0.0,0.0,0.0,0.0,0.0,0.0,0.0,0.0,0.0,0.0,0.0,0.0,0.0,0.0,0.0,0.0,-0.0008957498945047226,-0.023461154234894636,-0.05366727816749566,-0.0819739344076716,-0.10135139408950149,-0.11910100661127132,-0.13747771799485126,-0.15295278608381147,-0.16377307628165902,-0.1685345563627213,-0.16861252215861375,-0.16732937998916522,-0.16534559656126654,-0.16078785117158154,-0.15260027553769895,-0.12982889609274775,-0.09144081434574809,-0.047885598124533316,-0.004045423275824039,0.0,0.0,0.0,0.0,0.0,0.0,0.0,0.0,0.0,0.0,0.0,0.0,0.0,0.0,0.0
ENSG00000236403,0.0,0.0,0.0,0.0,0.0,0.0,0.0,0.0,0.0,0.0,0.0,0.0,0.0,0.0,0.0,0.0,0.0,0.0,0.0,0.0,0.0,0.0,0.0,0.0,0.0,0.0,0.0,0.0,0.0,0.0,0.0,0.0,0.0,0.0,0.0,0.0,0.0,0.0,0.0,0.0,0.0,0.0,0.0,0.0,0.0,0.0,0.0,0.0,0.0,0.0,0.0,0.0,0.0,0.0,0.0,0.0,0.0,0.0,0.0,0.0,0.0,0.0,0.0,0.0,0.0,0.0,0.0,0.0,0.0,0.0,0.0,0.0,0.0,0.0,0.0,0.0,0.0,0.0,0.0,0.0,0.0,0.0,0.0,0.0,0.0,0.0,0.0,0.0,0.0,1.0242538399650783e-05,2.459116192152623e-05,3.427618364047119e-05,3.772938781590787e-05,1.5685210482049392e-05,3.000660888121593e-05,1.6758034839246405e-05,0.0,0.0,0.0,0.0
ENSG00000255470,0.0,0.0,0.0,0.0,0.0,0.0,0.0,0.0,0.0,0.0,0.0,0.0,0.0,0.0,0.0,0.0,0.0,0.0,0.0,0.0,0.0,0.0,0.0,0.0,0.0,0.0,0.0,0.0,0.0,0.0,0.0,0.0,0.0,0.0,0.0,0.0,0.0,0.0,0.0,0.0,0.0,0.0,0.0,0.0,0.0,0.0,0.0,0.0,0.0,0.0,0.0,0.0,0.0,0.0,0.0,0.0,0.0,0.0,0.0,0.0,0.0,0.0,0.0,0.0,0.0,0.0,0.0,0.0,0.0,0.0,0.0,0.0,0.0,0.0,0.0,0.0,0.0,0.0,0.0,0.0,0.0,0.0,0.0,0.0,0.0,0.0,0.0,0.0,0.0,0.0,0.0,0.0,0.0,0.0,0.0,0.0,0.0,0.0004878654218065964,0.0,0.0
ENSG00000135046,0.0,0.0,0.0,0.0,0.0,0.0,0.0,0.0,0.0,0.0,0.0,0.0,0.0,0.0,0.0,0.0,0.0,0.0,0.0,0.0,0.0,0.0,0.0,0.0,0.0,0.0,0.0,0.0,0.0,0.0,0.0,0.0,0.0,0.0,0.0,-0.0013665798587212178,-0.0026088563326821467,-0.0037011779467505694,-0.0022000705254200704,0.0,0.0,-0.0006024389554125827,-0.005379726781211296,-0.01243169375827894,-0.017826000275615872,-0.022038256687446776,-0.03384288634766975,-0.04298323978445764,-0.05080884465165638,-0.060365179549014596,-0.07105326528300814,-0.08485714181190145,-0.099049555323811,-0.1203133273879579,-0.13862604614082916,-0.15553213172513275,-0.17556464270506603,-0.20019965699424824,-0.22889362426697488,-0.2624201813187114,-0.29621895948545446,-0.3300068062427644,-0.3541499334050735,-0.3744743163925893,-0.39439854616267317,-0.41351464537273885,-0.4308346033282772,-0.44585707138560865,-0.4669832529003794,-0.48488108646883393,-0.5003921592557038,-0.5199199997786539,-0.5393952872407943,-0.5591238744900257,-0.5802056538553924,-0.6094259287057538,-0.6440468745382268,-0.6803046525426384,-0.7164090186477667,-0.7515978217369627,-0.7859345908435199,-0.817718994926026,-0.8511292039199787,-0.8792414175746126,-0.9064183331778526,-0.921657706393242,-0.9528859432408577,-0.9901196547998613,-1.0267565227492497,-1.0722862734356124,-1.1157979728266212,-1.1566508354252507,-1.196600503252983,-1.240995369243652,-1.2882359678640436,-1.3406598328987132,-1.3966835734545548,-1.4506350052892947,-1.5076619332036238,-1.5676135710808863
ENSG00000167074,0.0,0.0,0.0,0.0,0.0,0.0,0.0,0.0,0.0,0.0,0.0,0.0,0.0,0.0,0.0,0.0,0.0,0.0,0.0,0.0,0.0,0.0,0.0,0.0,0.0,0.0,0.0,0.0,0.0,0.0,0.0,0.0,0.0,0.0,0.0,0.0,0.0,0.0,0.0,0.0,0.0,0.0,0.0,0.0,0.0,0.0,0.0,0.0,0.0,0.0,0.0,0.0,0.0,0.0,0.0,0.0,0.0,0.0,0.0,0.0,0.0,0.0,0.0,0.0,0.0,0.0,0.0,0.0,0.0,0.0,0.0,0.0,0.0,0.0008010334244662881,0.02061459231453029,0.046466698993421894,0.07382646646362379,0.10225551476223826,0.1355526783355322,0.1690246324005482,0.19963737874238677,0.23440592109683106,0.2716585921106358,0.31637699654050666,0.36334292139553404,0.41265408023679034,0.4573425572628107,0.49911122988189743,0.5336171714798216,0.5674725783372323,0.5979587621819854,0.6207286436372293,0.6398592733534111,0.6563898071544383,0.6689317283711045,0.6844844104888492,0.701791651762927,0.7185985044644042,0.7359509098081026,0.7515135222987266
ENSG00000231672,0.0,0.0,0.0,0.0,0.0,0.0,0.0,0.0,0.0,0.0,0.0,0.0,0.0,0.0,0.0,0.0,0.0,0.0,0.0,0.0,0.0,0.0,0.0,0.0,0.0,0.0,0.0,0.0,0.007868871432978035,0.016027086652647203,0.02378667281941131,0.030991573135540122,0.03869827170456938,0.048500386986984834,0.05808934564442067,0.06815025135209532,0.07824509896793619,0.08723384561634437,0.0953451256848525,0.1029635617113969,0.110258628043442,0.11693509570928641,0.12331642819109401,0.12905950152963128,0.12881001799388653,0.1309264515799486,0.1335831373026235,0.1361080110290159,0.13870112244228075,0.1405319519882855,0.14166196434323264,0.1426635108445312,0.14374927061848328,0.14510096041388412,0.14715376153433832,0.14911123557942702,0.15083012842826218,0.1527932132629297,0.15451457644940506,0.15631355338147618,0.15932612758436132,0.16337127278203953,0.168048626514929,0.1727278759774767,0.17790009557073966,0.18244558602594674,0.18700876519358858,0.19194289767491188,0.19667593417555593,0.20207237873299763,0.20684542251262655,0.21081334204009175,0.2139720734419367,0.21780730544960314,0.2212802144286684,0.22471786817735967,0.22866754021939242,0.2333718811532639,0.23788365206527748,0.24218571319648546,0.24701461299172,0.2551531646478992,0.2655331210311756,0.27779529656188784,0.29142240526211144,0.3044844438659046,0.3203647246629629,0.3358337397450317,0.35040311512127603,0.36754676779621287,0.38381927758675705,0.39906012760176957,0.41321008068856735,0.42551836384118824,0.43650315053968813,0.4477788884663098,0.45944308780000365,0.4709715822078273,0.4836286650037559,0.49766940825190265
ENSG00000249679,0.0,0.0,0.0,0.0,0.0,0.0,0.0,0.0,0.0,0.0,0.0,0.0,0.0,0.0,0.0,0.0,0.0,0.0,0.0,0.0,0.0,0.0,0.0,0.0,0.0,0.0,0.0,0.0,0.0,0.0,0.0,0.0,0.0,0.0,0.0,0.0,0.0,0.0,0.0,0.0,0.0,0.0,0.0,0.0,0.0,0.0,0.0,0.0,0.0,0.0,0.0,0.0,0.0,0.0,0.0,0.0,0.0,0.0,0.0,0.0,0.0,0.0,0.0,0.0,0.0,0.0,0.0,0.0,0.0,0.0,0.0,0.0,0.0,0.0,0.0,0.0,0.0,0.0,0.0,0.0,0.0,0.0,0.0,0.0,0.0,0.0,0.0,0.0,0.0,0.0,0.0,0.006116774758292462,0.02175140415714003,0.042959231639088664,0.06384081274755703,0.08761146699309409,0.11403568650250107,0.1384597332681579,0.16291048644510622,0.18495433580801682
ENSG00000118596,0.0,0.0,0.0,0.0,0.0,0.0,0.0,0.0,0.0,0.0,0.0,0.0,0.0,0.0,0.0,0.0,0.0,0.0,0.0,0.0,0.0,0.0,0.0,0.0,0.0,0.0,0.0,0.0,0.0,0.0,0.0,0.0,0.0,0.0,0.0,0.0,0.0,0.0,0.0,0.0,0.0,0.0,0.0,0.0,0.0,0.0,0.0,0.0,0.0,0.0,-0.0035160971739432727,-0.013342866166670206,-0.022900724872823606,-0.02770199496612095,-0.030985606916578486,-0.03475875812916366,-0.03722586843450621,-0.0351208182122506,-0.033226581001182955,-0.03013996576090372,-0.02537415974095945,-0.018443331244360716,-0.012993635934798643,-0.011683667309522904,-0.013614404429342333,-0.006784901869170627,0.0,0.0,0.0,0.0,0.0,0.0,0.0,0.0,0.0,0.0,0.0,0.0,0.0,0.0,0.0,0.0,0.0,0.0,0.0,0.0,0.0,0.0,0.0,0.0,0.0,0.0,0.0,0.0,0.0,0.0,0.0,0.0,0.0,0.0
ENSG00000254959,0.0,0.0,0.0,0.0,0.0,0.0,0.0,0.0,0.0,0.0,0.0,0.0,0.0,0.0,0.0,0.0,0.0,0.0,0.0,0.0,0.0,0.0,0.0,0.0,0.0,0.0,0.0,0.0,0.0,0.0,0.0,0.0,0.0,0.0,0.0,0.0,0.0,0.0,0.0,0.0,0.00417172094746522,0.016013281549151003,0.026342593861279805,0.037488636760392366,0.04942725984989661,0.061170014379960516,0.07177905243459301,0.08368803487986949,0.09497352126064859,0.10449037879334915,0.11345582658974791,0.12239001342930646,0.13090969268807234,0.1371426198181978,0.1417118890207478,0.14624456779000145,0.15073218476673542,0.15444355977341398,0.15657763643639988,0.15752528796707377,0.1587013088349024,0.15945639654424518,0.16159284919168584,0.16502267962973158,0.16899956543850586,0.17351431535160425,0.17976287799436608,0.18680920115778965,0.1917434554184253,0.1953255692451652,0.19833574992678446,0.20113252025983713,0.20332303838320817,0.20631226599041314,0.2123764751411324,0.22106816981185293,0.23213641441077873,0.24505764328437743,0.25704939753187234,0.26874797777151777,0.27944106471996477,0.28993592985770367,0.3031733270585973,0.3149718338546855,0.328697038466585,0.340392422333323,0.35330269297582134,0.3657643398897079,0.3783025756576415,0.39384793276809804,0.40747227050334633,0.4206927878846432,0.4344897660443599,0.44759976071117885,0.4601856438875732,0.4749532172655311,0.490821680155677,0.5058912021511036,0.5225147215843602,0.5398342406375835
ENSG00000231749,0.0,0.0,0.0,0.0,0.0,0.0,0.0,0.0,0.0,0.0,0.0,0.0,0.0,0.0,0.0,0.0,0.0,0.0,0.0,0.0,0.0,0.0,0.0,0.0,0.0,0.0,0.0,0.0,0.0,0.0,0.0,0.0,0.0,0.0,0.0,0.0,0.0,0.0,0.0,0.0,0.0,0.0,0.0,0.0,0.0,0.0,0.0,0.0,0.0,0.0,0.0,0.0,0.0,0.0,0.0,0.0,0.0,0.0,0.0,0.0,0.0,-9.246057078162214e-05,-0.009227756483974815,-0.01964718122386623,-0.03303540632736427,-0.042056817440171965,-0.05640750530985976,-0.06365015161999257,-0.07079820485071328,-0.080096967439662,-0.09405930456233043,-0.10829116861899933,-0.1225830266640294,-0.13325362486293937,-0.13198593073317416,-0.1290848870169429,-0.12604273543946817,-0.1241357037444086,-0.1213839918447284,-0.1199863574361977,-0.11429883657958143,-0.10423838415406735,-0.10316427352961104,-0.10281960932477079,-0.1000963316196009,-0.08898160294071203,-0.06562851119959144,-0.03566310284472117,-0.010927404883371364,0.0,0.0,0.0,0.0,0.0,0.0,0.0,0.0,0.0,0.0,0.0
ENSG00000235158,0.0,0.0,0.0,0.0,0.0,0.0,0.0,0.0,0.0,0.0,0.0,0.0,0.0,0.0,0.0,0.0,0.0,0.0,0.0,0.0,0.0,0.0,0.0018505023238773212,0.008661191813349437,0.016427093715516643,0.02313421300268641,0.029083878707537668,0.03354760989853957,0.036951181712560024,0.039461973150541896,0.04268863611561986,0.04597847178581882,0.04913703760983151,0.05165035551488443,0.05484095074049394,0.05861333301369118,0.06148484645575524,0.06412139602242091,0.06659749748041592,0.06855384749133432,0.07007749115814484,0.07209476047395849,0.07435008597756045,0.07693872538546394,0.07940221939690535,0.08098552195548246,0.0826366051482873,0.08405245532354938,0.08520444468187462,0.08775757654492367,0.09047642052858962,0.09412186442868027,0.0976539876105205,0.10107394155519168,0.10641949540592323,0.11248927645101174,0.11868770323180054,0.12450755009879928,0.1325750354219377,0.1403457596311012,0.14799766196195743,0.15529445045663265,0.1618914189066272,0.1694746680919672,0.17790120210728977,0.18604184831003098,0.19434643611018046,0.20187403800957354,0.20977136660254367,0.21608953031140918,0.22287821893260468,0.23023565735208965,0.2381759230692826,0.24691195155285617,0.2567659790532043,0.26705648350057737,0.2760672570093338,0.28574602529397075,0.29555102521487164,0.3065472262732103,0.31867576955776816,0.33376799163707005,0.3485988887979104,0.3641895926792391,0.3784152054795124,0.39086779460894105,0.4029867018768907,0.41563521481546845,0.4283438263026763,0.44360315828473573,0.4600152747296837,0.4778426521091513,0.49846212876169765,0.5230810459180253,0.546822968366274,0.5730876166419573,0.6008632204849085,0.6277178155141745,0.6556550394569645,0.6821003875357545
ENSG00000168427,0.0,0.0,0.0,0.0,0.0,0.0,0.0,0.0,0.0,0.0,0.0,0.0,0.0,0.0,0.0,0.0,0.0,0.0,0.0,0.0,0.0,0.0,0.0,0.0,0.0,0.0,0.0,0.0,0.0,0.0,0.0,0.0,0.0,0.0,0.0,0.0,0.0,0.0,0.0,0.0,0.0,0.0,0.0,0.0,0.0,0.0,0.0,0.0,0.0,0.0,0.0,0.0,0.0,0.0,0.0,0.0,0.0,0.0,0.0,0.0,0.0,0.0,0.0,0.0,0.0,0.0,0.0,0.0,0.0,0.0,0.0,0.0,0.0,0.0,0.0,0.0,0.0,0.0,0.0,0.0,0.0,0.0,0.0,-0.01851818164513749,-0.03588795521257207,-0.055659131665006294,-0.07791511691166803,-0.10130783352800046,-0.1237334212168064,-0.15368410896119716,-0.18118646421787046,-0.20614006284659708,-0.2321411108713016,-0.2591777294770149,-0.28421487213561714,-0.3087590102332241,-0.3346433815687681,-0.3583551088828856,-0.38018287643865467,-0.39995554539961725
ENSG00000286320,0.0,0.0,0.0,0.0,0.0,0.0,0.0,0.0,0.0,0.0,0.0,0.0,0.0,0.0,0.0,0.0,0.0,0.0,0.0,0.0,0.0,0.0,0.0,0.0,0.0,0.0,0.0,0.0,0.0,0.0,0.0,0.0,0.0,0.0,0.0,0.0,0.0,0.0,0.0,0.0,0.0,0.0,0.0,0.0,0.0,0.0,0.0,0.0,0.0,0.0,0.0,0.0,0.0,0.0,0.0,0.0,0.0,0.0,0.0,0.0,0.0,0.0,0.0,0.0,0.0,0.0,0.0,0.0,0.0,0.0,0.0,0.0,0.0,0.0,0.0,0.0,0.0,0.0,0.0,0.0,0.0,0.0,0.0,0.0,0.0,0.0,0.0,0.0,0.0,0.0,0.0,0.0,0.0,0.0,0.0,0.0,0.0,0.0,0.0,0.008558572873356872
ENSG00000232048,0.0,0.0,0.0,0.0,0.0,0.0,0.0,0.0,0.0,0.0,0.0,0.0,0.0,0.0,0.0,0.0,0.0,0.0,0.0,0.0,0.0,0.0,0.0,0.0,0.0,0.0,0.0,0.0,0.0,0.0,0.0,0.0,0.0,0.0,0.0,0.0,0.0,0.0,0.0,0.0,0.0,0.0,0.0,0.0,0.00010375731326163403,0.00018793133613385422,0.001035760794466814,0.0017982579397861063,0.0037774921991628172,0.006000705904753036,0.01174023527907947,0.019885551702791767,0.029581523153843284,0.04400510012157317,0.06037590304905261,0.07570511218014052,0.09133550131242621,0.10998484029565334,0.12600148956147428,0.1407081520080234,0.1552662089622518,0.1667226395231146,0.17376738408756567,0.17585737333879817,0.17738938574432958,0.17446275559969585,0.17034293324276312,0.1657983521634857,0.1608687394119527,0.16346168567634692,0.16791666849409526,0.17349511532199277,0.1786273540447972,0.18321043571965162,0.18786480263045638,0.1954998652296032,0.20713852735457441,0.22094102433226945,0.2329890541886556,0.24577970093105328,0.2565621778084107,0.26564938566946683,0.2741396286474329,0.28344878047011074,0.29974043634741243,0.3195917526841623,0.34482627220422357,0.37449501345069103,0.4048356536271576,0.4425192455099233,0.4763244161342395,0.5096111178726415,0.5477161050891365,0.5856504485621078,0.6205447008364305,0.6587557441079416,0.700255568474629,0.7410615238105898,0.7833139548629825,0.8215010555351008
ENSG00000270076,0.0,0.0,0.0,0.0,0.0,0.0,0.0,0.0,0.0,0.0,0.0,0.0,0.0,0.0,0.0,0.0,0.0,0.0,0.0,0.0,0.0,0.0,0.0,0.0,0.0,0.0,0.0,0.0,0.0,0.0,0.0,0.0,0.0,0.0,0.0,0.0,0.0,0.0,0.0,0.0,0.0032291752871201787,0.010093163422889873,0.015655599550976666,0.021981919672658494,0.031512736263919545,0.040074148527134264,0.04794352585147044,0.05809074691733103,0.06841411944479107,0.07618742026676079,0.08327638013148068,0.0900135499927439,0.09628718247569995,0.10370782961229229,0.11042658582734671,0.11667476351737245,0.12316995187442546,0.1329068551793199,0.14515559188543747,0.15657730325432717,0.16797415772875962,0.17948606781538803,0.1913862733510636,0.2036663935806129,0.21548639914374743,0.22403375506261075,0.2313280351170842,0.23956792843081012,0.24931326857236347,0.2609885898152145,0.27274311656657096,0.2845999312968568,0.2976658633999299,0.31207528989805955,0.3323337035749421,0.35303031839867144,0.3742499844633228,0.39654120510514185,0.41645877235640394,0.43947709787699624,0.46226198426838533,0.4870418478633032,0.5108242266276254,0.5332521606584847,0.5553115813901954,0.5710397899979442,0.5879861208987577,0.6103305175159228,0.6305708997339023,0.6531859860165772,0.6768012007513171,0.703261357257312,0.7348366995069164,0.7682854388719649,0.8009043394604982,0.837077375350353,0.8768966540753591,0.9165546485574778,0.9589982377494266,1.0001868285335709
ENSG00000134042,0.0,0.0,0.0,0.0,0.0,0.0,0.0,0.0,0.0,0.0,0.0,0.0,0.0,0.0,0.0,0.0,0.0,0.0,0.0,0.0,0.0,0.0,0.0,0.0,0.0,0.0,0.0,0.0,0.0,0.0,0.0,0.0,0.0,0.0,0.0,0.0,0.0,0.0,0.0,0.0,0.0,0.0,0.0,0.0,0.0,0.0,0.0,0.0,0.0,0.0,0.0,0.0,0.0,0.0,0.0,0.0,0.0,0.0,0.0,0.0,0.0,0.0,0.0,0.0,0.0,0.0,0.0,0.0,0.0,0.0,0.0,0.0,0.0,0.0,0.0,0.0,0.0,0.0,0.0,0.0,0.0,0.0,0.0,0.0,-0.01249540150956056,-0.02102617128339352,-0.03980541157256928,-0.0643107650287708,-0.0903475543062614,-0.12001033028154894,-0.14752940738827922,-0.1747044461584535,-0.20295155597244138,-0.22761270974617764,-0.2462331443318983,-0.2636796219373679,-0.2796406407002203,-0.2940305135239137,-0.30806298285745753,-0.3247735325077435
ENSG00000272108,0.0,0.0,0.0,0.0,0.0,0.0,0.0,0.0,0.0,0.0,0.0,0.0,0.0,0.0,0.0,0.0,0.0,0.0,0.0,0.0,0.0,0.0,0.0,0.0,0.0,0.0,0.0,0.0,0.0,0.0,0.0,0.0,0.0,0.0,0.0,0.0,0.0,0.0,0.0,0.0,0.0,0.0,0.0,0.0,0.0,0.0,0.0,0.0,0.0,0.0,0.0,0.0,0.0,0.0,0.0,0.0,0.0,0.0,0.0,0.0,0.0,0.0,0.0,0.0,0.0,0.0,0.0,0.0,0.0,0.0,0.0,0.0,0.0,0.0,0.0,0.0,0.0,0.0,0.0,0.0011530506715242167,0.003766075820880885,0.0,0.0,0.0,0.0,0.0,0.0,0.0,0.0,0.0,0.0,0.0,0.0,0.0,0.0,0.0,0.0,0.0,0.0,0.0
ENSG00000286289,0.0,0.0,0.0,0.0,0.0,0.0,0.0,0.0,0.0,0.0,0.0,0.0,0.0,0.0,0.0,0.0,0.0,0.0,0.0,0.0,0.0,0.0,0.0,0.0,0.0,0.0,0.0,0.0,0.0,0.0,0.0,0.0,0.0,0.0,0.0,0.0,0.0,0.0,0.0,0.0,0.0,0.0,0.0,0.0,0.0,0.0,0.0,0.0,0.0,0.0,0.0,0.0,0.0,0.0,0.0,0.0,0.0,0.0,0.0,0.0,0.0,0.0,0.0,0.0,0.0,0.0,0.0,0.0,0.0,0.0,0.0,0.0,0.0,0.0,0.0,0.0,0.0,0.0,0.0,0.0,0.0,0.0,0.0,0.0,0.0,0.0,0.0,0.0,0.0,0.0,0.0,0.0,0.0,0.0,0.0,0.0,0.0,0.004347385624151527,0.01471920486228449,0.026691136662795056
ENSG00000114757,0.0,0.0,0.0,0.0,0.0,0.0,0.0,0.0,0.0,0.0,0.0,0.0,0.0,0.0,0.0,0.0,0.0,0.0,0.0,0.0,0.0,0.0,0.0,0.0,0.0,0.0,0.0,0.0,0.0,0.0,0.0,0.0,0.0,0.0027810384353466767,0.008226637482659425,0.01224413799947431,0.011213407157326117,0.007852554425051336,0.005231331447655699,0.004321863756437727,0.00680603818472484,0.007427752034411731,0.005105127168318818,0.0002530218323071002,0.0,0.0,0.0,0.0,0.0,0.0,0.0,0.0,0.0,0.0,0.0,0.0,0.0,0.0,0.0,0.0,0.0,0.0,0.0,0.0,0.0,0.0,0.0,0.0,0.0,0.0,0.0,0.0,0.0,0.0,0.0,0.0,0.0,0.0,0.0,0.0,0.0,0.0,0.0,0.0,0.0,0.0,0.0,0.0,0.0,0.0,0.0,0.0,0.0,0.0,0.0,0.0,0.0,0.0,0.0,0.0
ENSG00000230490,0.0,0.0,0.0,0.0,0.0,0.0,0.0,0.0,0.0,0.0,0.0,0.0,0.0,0.0,0.0,0.0,0.0,0.0,0.0,0.0,0.0,0.0,0.0,0.0,0.0009029041209382288,0.013514890138816432,0.025812099128738105,0.037495431826928154,0.049090738776551006,0.06095324428574213,0.07255694302958712,0.08377048131061461,0.09393616612286815,0.10034102577366065,0.10754609040261102,0.11790755453627937,0.12542008442191654,0.1300524120770426,0.13484424259886496,0.1407404878003263,0.14782901015065614,0.156169071572625,0.16307802368736124,0.17023538137652566,0.1795571609740366,0.18698854602930157,0.19307152116161208,0.19726885509692318,0.20289849404922536,0.20886232099985289,0.21521377568410996,0.22170359698993541,0.22686343740165446,0.23024831543426255,0.23321447253769723,0.2363222051651615,0.2412803971740385,0.2466018261869592,0.25255531648858537,0.25963691285244084,0.2702618417996761,0.2814869789315635,0.29150594933622287,0.303701866575713,0.3168397342242854,0.33017714321247565,0.3436000650888264,0.3556075465816244,0.3679468621993635,0.3785723984006509,0.38886299586319617,0.399287660595056,0.4124454062897131,0.422965246204197,0.4339353333845817,0.4482967393433096,0.4609840007490682,0.47366804845957167,0.4837842884121881,0.5022844172993016,0.5201676911994866,0.5385383336081201,0.5618753632381973,0.5919213192474077,0.6263708467660686,0.6555510623537822,0.6939102195796798,0.7305268121142684,0.7589101135929482,0.790649699010057,0.8238633074991091,0.8546677184459911,0.8866387716119117,0.9294600611730433,0.9728540693631158,1.0196984569592988,1.069536376893212,1.1174340506100324,1.1685740920609196,1.2202667371887121
ENSG00000229019,0.0,0.0,0.0,0.0,0.0,0.0,0.0,0.0,0.0,0.0,0.0,0.0,0.0,0.0,0.0,0.0,0.0,0.0,0.0,0.0,0.0,0.0,0.0,0.0,0.0,0.0,0.0,0.0,0.0,0.0,0.0,0.0,0.0,0.0,0.0,0.0,0.0,0.0,0.0,-0.001199699155937815,-0.005445779913129377,-0.00814167462944705,-0.00890358692391903,-0.013663263825671956,-0.016447916211638464,-0.021282933412117865,-0.02551024726156751,-0.02782989692892429,-0.029821609699392133,-0.03213202202504143,-0.034367091319907186,-0.037693365071161104,-0.04083943559996719,-0.0429094656209019,-0.045226877938629936,-0.04619247427700604,-0.04637039804801503,-0.04772352472509641,-0.04544352501092718,-0.04109641361036612,-0.034540179811271596,-0.02698233662143847,-0.020007694524021114,-0.013594595044970676,-0.0052153128872784145,0.0,0.0,0.0,0.0,0.0,0.0,0.0,0.0,0.0,0.0,0.0,0.0,0.0,0.0,0.0,0.0,0.0,0.0,0.0,0.0,0.0,0.0,0.0,0.0,0.0,0.0,0.0,0.0,0.0,0.0,0.0,-0.00421651884463944,-0.010446591038011665,-0.020626750111095275,-0.035366126986687334
ENSG00000233117,0.0,0.0,0.0,0.0,0.0,0.0,0.0,0.0,0.0,0.0,0.0,0.0,0.0,0.0,0.0,0.0,0.0,0.0,0.0,0.0,0.0,0.0,0.0,0.0,0.0,0.0,0.0,0.0,0.0,0.0,0.0,0.0,0.0,0.0,0.0,0.0,0.0,0.0,0.0,0.0,0.0,0.0,0.0,0.0,0.0,0.0,0.0,0.0,0.0,0.0,0.0,0.0,0.0,0.0,0.0,0.0,0.0,0.0,0.0,0.0,0.0,0.0,0.0,0.0,0.0,0.0,0.0,0.0,0.0,0.0,0.0,0.0,0.0,0.0,4.4922693979723e-05,0.009559161813821535,0.030287506119901546,0.05753359453965691,0.08378672450669472,0.10835456330065815,0.13331535617704202,0.1618260240926935,0.18913578784773452,0.21951367487372214,0.25773169340095425,0.29221779083274774,0.32725870549474934,0.35781253352016323,0.3849263458792153,0.40969579242622833,0.4299227916912336,0.45045527224263454,0.4728461756938612,0.5035553324211801,0.5352848474125164,0.569993892026933,0.6067487165348373,0.6421310731649655,0.6800006074532475,0.7204756186087814
ENSG00000249550,0.0,0.0,0.0,0.0,0.0,0.0,0.0,0.0,0.0,0.0,0.0,0.0,0.0,0.0,0.0,0.0,0.0,0.0,0.0,0.0,0.0018315390109641804,0.009267490036289301,0.014142530479363761,0.01584483192520097,0.017414927365636743,0.0189025126071247,0.01989020395823526,0.02170442001582301,0.023270737793065665,0.024402988895855165,0.02527073084082404,0.026193826163216145,0.02737861329144797,0.028931124138964318,0.03073464002975185,0.03291688169711247,0.03632608924607493,0.03929028608352012,0.04181156376669862,0.04389302766341317,0.04570332430420976,0.04751531014665109,0.049450412243838275,0.050184070672314444,0.05015519203172805,0.050078559398656575,0.05003073799135932,0.05010904093462415,0.050143411431040445,0.05108621722346175,0.05120729808971106,0.05001823412899828,0.04899583087906679,0.04789598335060012,0.046940360838033456,0.04534167723224985,0.044626572937130564,0.04592841696331705,0.04543475368066671,0.04423516712487282,0.04214442350264712,0.04144032074749705,0.04330717390130258,0.0473608334549598,0.05160024549632032,0.054646410658460716,0.058969319715740945,0.06567137632509051,0.07383717522619271,0.08478723963748769,0.09682354646287103,0.10650682261909214,0.11631280042768083,0.1258456078758416,0.13613307763843752,0.14364818648296035,0.14661288580280663,0.15004437632884374,0.1548515922858014,0.1610437159676067,0.1653449707072456,0.16932092316612962,0.17876076225578308,0.18842339197777297,0.1988492934841294,0.20678791694094265,0.21336069666500185,0.2197621157307032,0.22745739809084517,0.23499887700052877,0.24375839900837812,0.25487626658317886,0.26952814035270656,0.29084275189021025,0.3059443473316133,0.32203205481582386,0.33851476446157475,0.35249893430637447,0.3674152406505912,0.38382754965464067
ENSG00000110786,0.0,0.0,0.0,0.0,0.0,0.0,0.0,0.0,0.0,0.0,0.0,0.0,0.0,0.0,0.0,0.0,0.0,0.0,0.0,0.0,0.0,0.0,0.0,0.0,0.0,0.0,0.0,0.0,0.0,0.0,0.0,0.0,0.0,0.0,0.0,0.0,0.0,0.0,0.0,0.0,0.0,0.0,0.0023243665192870535,0.006889639140867636,0.0092511946688345,0.00915044379285594,0.007300144508631261,0.003025249848259118,0.0,0.0,0.0,0.0,0.0,0.0,0.0,0.0,0.0,0.0,0.0,0.0,0.0,0.0,0.0,0.0,0.0,0.0,0.0,0.0,0.0,0.0,0.0,0.0,0.0,0.0,0.0,0.0,0.0,0.0,0.0,0.0,0.0,0.0,0.0,0.0,0.0,0.0,0.0,0.0,0.0,0.0,0.0,0.0,0.0,0.0,0.0,0.0,0.0,0.0,0.0,0.0
ENSG00000254135,0.0,0.0,0.0,0.0,0.0,0.0,0.0,0.0,0.0,0.0,0.0,0.0,0.0,0.0,0.0,0.0,0.0,0.0,0.0,0.0,0.0,0.0,0.0,0.0,0.0,0.0,0.0,0.0,0.0,0.0,0.0,0.0,0.0,0.0,0.0,0.0,0.0,0.0,0.0,0.0,0.0,0.0,0.0,0.0,0.0,0.0,0.0,0.0,0.0,0.0,0.0,0.0,0.0,0.0,0.0,0.0,0.0,0.0,0.0,0.0,0.0,0.0,0.0,0.0,0.0,0.0,0.0,0.0,0.0,0.0,0.0,0.0,0.0,0.0,0.0,0.0,0.0,0.0,0.0,0.0,0.0,0.0,0.0,0.0,0.0,0.0,0.0,0.0,0.0,0.0,0.0,0.0005049290729951174,0.0059777088947019,0.020378598856825823,0.03693870130755189,0.055121589218597146,0.07570152057847072,0.09566842494508114,0.11493506576110847,0.13141177479915345
ENSG00000136826,0.0,0.0,0.0,0.0,0.0,0.0,0.0,0.0,0.0,0.0,0.0,0.0,0.0,0.0,0.0,0.0,0.0,0.0,0.0,0.0,0.0,0.0,0.0,0.0,0.0,0.0,0.0,0.0,0.0,0.0,0.0,0.0,0.0,0.0,0.0,0.0,0.0,0.0,0.0,0.0,0.0,0.0,0.0,0.0,0.0,0.0,0.0,0.0,0.0,0.0,0.0,0.0,0.0,0.0,0.0,0.0,0.010545459990004802,0.03518904365084588,0.056497096545527786,0.07404020461815959,0.08916428008431464,0.10662340824390795,0.12275959368859275,0.1356801233634374,0.14528289148786616,0.15855726011250684,0.1761406775079712,0.19251317812152116,0.20678492929609632,0.2227359165865935,0.23696841283340855,0.2456044884543577,0.25075891433734837,0.25349440009049296,0.24555515650599152,0.2311180034961561,0.21367636609354224,0.19499481815777173,0.1763103517371516,0.15713893714639865,0.13421890063083758,0.10834892136415213,0.0881940785224285,0.07717935415306186,0.07058228772092709,0.064099093332746,0.05375432355557875,0.04535190690842122,0.03562263318882015,0.026213959593125884,0.020411191429673268,0.01157288215005567,0.0,0.0,0.0,0.0,0.0,0.0,0.0,0.0
ENSG00000225383,0.0,0.0,0.0,0.0,0.0,0.0,0.0,0.0,0.0,0.0,0.0,0.0,0.0,0.0,0.0,0.0,0.0,0.0,0.0,0.0,0.0,0.0,0.0,0.0,0.0,0.0,0.0,0.0,0.0,0.0,0.0,0.0,0.0,0.0,0.0,0.0,0.0,0.0,0.0,0.0,0.0,0.01394015282200853,0.03246853533709157,0.05415040616728069,0.07571457461139941,0.09545701069974251,0.11397977870595115,0.1334591541363934,0.15279816948461003,0.1729027926092769,0.19048769135994206,0.20745040453472335,0.22327616840525136,0.23871106243472676,0.2548244861122658,0.2716776257814268,0.28978117001723086,0.3108563762744411,0.3302943015700657,0.3490612220366854,0.36617220129213407,0.3845990635608599,0.40382293633165495,0.42184107728597997,0.4400118637585667,0.46000677938699436,0.48336005991846703,0.507408910881165,0.5303800978817312,0.5514759077268794,0.5731998994227914,0.595706625777822,0.6200057410245084,0.6482567891828823,0.6818363423550098,0.7167760883894478,0.7495379546828714,0.7836899492336663,0.8174250680432886,0.8521832789786067,0.8854676067227948,0.9169597640131202,0.9525007584826689,0.9922254543796456,1.0357863432157697,1.075105145607158,1.112876161532034,1.1552499177767979,1.1962463955504166,1.2466541942707767,1.298836685278095,1.3500481456428968,1.4052917917840506,1.46088350325946,1.515635854011119,1.5745821906197806,1.6369113402108375,1.6974225118756316,1.7606007708798306,1.823266142974297
ENSG00000284648,0.0,0.0,0.0,0.0,0.0,0.0,0.0,0.0,0.0,0.0,0.0,0.0,0.0,0.0,0.0,0.0,0.0,0.0,0.0,0.0,0.0,0.0,0.0,0.0,0.0,0.0,0.0,0.0,0.0,0.0,0.0,0.0,0.0,0.0,0.0,0.0,0.0,0.0,0.0,0.0,0.0,0.0,0.0,0.0,0.0,0.0,0.0,0.0,0.0,0.0,0.0,0.0,0.0,0.0,0.0,0.0,0.0,0.0,0.0,0.0,0.0,0.0,0.0,0.0,0.0,0.0,0.0,0.0,0.0,0.0,0.0,0.0,-0.0008388797850336643,-0.011883343017097349,-0.02761265947393821,-0.04588791895512924,-0.06618681565297471,-0.08820407888187737,-0.11138106893231574,-0.1372971131091602,-0.16452350849787145,-0.19759191446164404,-0.23391585028109727,-0.2679263870903192,-0.30174215371793994,-0.33089943851165066,-0.3690766211309202,-0.41238913878119166,-0.4561330964336477,-0.508692674313616,-0.5582059838433564,-0.6050660304903779,-0.6531839093582731,-0.7027658673890571,-0.7495992144896754,-0.7986088667305178,-0.8495799830142304,-0.8988548026274694,-0.9500886605104331,-1.002042805411776
ENSG00000146005,0.0,0.0,0.0,0.0,0.0,0.0,0.0,0.0,0.0,0.0,0.0,0.0,0.0,0.0,0.0,0.0,0.0,0.0,0.0,0.0,0.0,0.0,0.0,0.0,0.0,0.0,0.0,0.0,0.0,0.0,0.0,0.0,0.0,0.0,0.0,0.0,0.0,0.0,0.0,0.0,0.0,0.0,0.0,0.0,0.0,0.0,-0.00132378784043657,-0.006608494766261358,-0.011310037978879516,-0.0158546965860129,-0.021299905218863487,-0.02644401155759746,-0.029181344542917483,-0.029778916864972135,-0.03459852372934471,-0.041897850155175144,-0.05056805030424446,-0.0617700297367489,-0.07125797250089726,-0.07716102462099125,-0.08243490408070837,-0.08531949202785272,-0.08819240413283637,-0.09300271255722181,-0.10166241349548265,-0.11024538276780421,-0.12079483936576223,-0.12993641064619074,-0.1366061240453156,-0.14131091628447273,-0.13784649884918776,-0.1321758871613398,-0.12603917456794325,-0.11968524069119099,-0.11303452959527105,-0.10329607276797372,-0.09230815547016981,-0.08208031244501937,-0.07765518903033732,-0.07807416786399793,-0.08021975962910964,-0.0865789866533908,-0.10074973152808149,-0.12895035298111157,-0.16187662668776887,-0.19470595763745419,-0.22470082877439213,-0.25528488759221885,-0.2839776816659071,-0.32002227245393516,-0.35847929053975647,-0.3981466552548845,-0.4430418804914246,-0.4903525746401474,-0.5307089238401189,-0.5726358867927924,-0.616326565239911,-0.6568420476929395,-0.6982012028096147,-0.7369900767301022
ENSG00000159792,0.0,0.0,0.0,0.0,0.0,0.0,0.0,0.0,0.0,0.0,0.0,0.0,0.0,0.0,0.0,0.0,0.0,0.0,0.0,0.0,0.0,0.0,0.0,0.0,0.0,0.0,0.0,0.0,0.0,0.0,0.0,0.0,0.0,0.0,0.0,0.0,0.0,0.0,0.0,0.0,0.0,0.0,0.0,0.0,0.0,0.0,0.0,0.0,0.0,0.0,0.0,0.0,0.0,0.0,0.0,0.0,0.0,-0.010892061655956025,-0.029134313510580916,-0.04834109835889889,-0.06965697714959176,-0.09392462049984082,-0.11907985647097967,-0.14104103914633778,-0.1630123157415367,-0.18048900992386874,-0.19803994582190068,-0.21546294658454065,-0.23487255380782562,-0.25538116853802706,-0.27907446346141634,-0.30077835434863087,-0.32123929169475474,-0.34736744148398935,-0.3789556221387631,-0.4112306062930446,-0.44891110900185527,-0.49096510489783507,-0.5319357227939696,-0.5763594858432228,-0.6211837552537118,-0.6671543464571431,-0.7177425053205228,-0.7711266751353716,-0.8279893879148108,-0.8796929714338098,-0.9294448774863004,-0.9852073105344089,-1.0394987635823605,-1.1025490230865362,-1.1625067723431364,-1.2186549907272288,-1.2749692823131835,-1.3276876411647758,-1.3713681675416398,-1.4182381782489974,-1.4669053548133382,-1.5142575167007906,-1.5644060286783137,-1.6122169655796084
ENSG00000271043,0.0,0.0,0.0,0.0,0.0,0.0,0.0,0.0,0.0,0.0,0.0,0.0,0.0,0.0,0.0,0.0,0.0,0.0,0.0,0.0,0.0,0.0018854619186967965,0.01197356229880006,0.02071171939894053,0.024079564185503114,0.02626598663404467,0.02717650035177511,0.027332819026627563,0.026707153286277038,0.02736231958843992,0.028577352513330954,0.030087887069379565,0.031314767046594624,0.02992969679849527,0.02788428862099792,0.025738108048886467,0.022678469455949268,0.020571216352885006,0.01842882720371124,0.017217146444376184,0.01649038601814312,0.01564025358180349,0.013926543167314285,0.011935607794559553,0.01159673899801531,0.011505334977202408,0.013784174139574933,0.017396826734111737,0.023457241199574957,0.02926734935547634,0.034733567974217915,0.03979957945668698,0.044879727542264325,0.05076851560346108,0.05760142597210703,0.06451516124024276,0.0706630424219634,0.07851504709541864,0.08572074614737775,0.09150730609497254,0.09655631002425866,0.1012925753619502,0.10838597717844706,0.11703642376810065,0.12562155463697,0.1348449232506063,0.14372533051032194,0.15396361416738072,0.1643351788356791,0.1781018883260959,0.19304028964069,0.20565268765948982,0.21784981888342989,0.22653529937356892,0.23398487839639895,0.2402733246197207,0.24525315251253058,0.250496948670756,0.25614273080469485,0.261411435868301,0.26594309162569707,0.27188633042864196,0.27917404248751554,0.29353480614360344,0.31105842641873477,0.3274631541974304,0.3441168800947631,0.36161291280631586,0.3780126711355258,0.3990638336902761,0.4200114277723195,0.4423050816314305,0.46901884478531025,0.4955733190520631,0.5211425433164375,0.5497060111146808,0.5805463706206286,0.6108772503183191,0.6422328790905908,0.6733142860042646
ENSG00000254271,0.0,0.0,0.0,0.0,0.0,0.0,0.0,0.0,0.0,0.0,0.0,0.0,0.0,0.0,0.0,-0.005627421162293651,-0.015093616978499315,-0.02434353506410883,-0.033617642372338385,-0.04269135861647121,-0.0514995604406697,-0.06083151610850764,-0.06855923415014673,-0.07470061051011781,-0.08062479959848226,-0.08655366689765533,-0.09205362652805787,-0.09728654399208383,-0.10203302133020947,-0.10600670094179801,-0.11050667645038151,-0.11490087027248254,-0.11963021079207292,-0.12527241292733524,-0.13087158802610738,-0.1349063173974936,-0.13875020104530048,-0.14208913145861665,-0.14516820762337657,-0.14836215511139336,-0.15233978127466136,-0.15680146458106073,-0.16345060987572407,-0.17131522586856135,-0.17953977825179254,-0.18745193984820027,-0.19514351661049179,-0.20351283867256156,-0.21187982564579047,-0.22028834475594983,-0.22869671674529632,-0.23743853042076568,-0.24558340861904493,-0.2528492526354465,-0.2591210845783956,-0.2648808126529798,-0.27236849918971723,-0.28074747790863813,-0.28909144183005486,-0.2970678514941048,-0.3041216457222659,-0.30982155271638706,-0.315975368084733,-0.3232358731893731,-0.33148389687846075,-0.33711710598870975,-0.34244197829644263,-0.34731604735946336,-0.3526884021217458,-0.35852014332833654,-0.36630131307641745,-0.3767133028112112,-0.3881005533521803,-0.4008108498686386,-0.4150136401453523,-0.429832134441231,-0.44661192594815957,-0.4641151161463445,-0.479799743716733,-0.49875831541247356,-0.5155387475851982,-0.5233344676858497,-0.5312215978240523,-0.5381538155737347,-0.5488574063016208,-0.5561003618690816,-0.5692736106382247,-0.5887569068566063,-0.6101305392141394,-0.6386405266108334,-0.6653909748653517,-0.6904819707443323,-0.7163412085732092,-0.7424273322101324,-0.7675630665108363,-0.7948733025022809,-0.8240047116105633,-0.8527158302977693,-0.8818693277679063,-0.9096090247396655
ENSG00000260983,0.0,0.0,0.0,0.0,0.0,0.0,0.0,0.0,0.0,0.0,0.0,0.0,0.0,0.0,0.0,0.0,0.0,0.0,0.0,0.0,0.0,0.0,0.0,0.0026559983070539362,0.013000267138177351,0.022862820104823968,0.03230637326435568,0.04166106360131041,0.05038250097247188,0.058255962066631486,0.06457657109755312,0.07038436040255575,0.07703841201254354,0.0865145562470247,0.09450935287834386,0.10149066704980816,0.10745625385291745,0.11423966864683041,0.1209241199148196,0.12819651389219655,0.13494064741950387,0.13984161109172052,0.14200622917195335,0.14179956236330016,0.14089504702984088,0.1419653247326481,0.1434470274927157,0.14260728190365538,0.1405438226012572,0.14104323350249048,0.14473822994827826,0.1511054101925406,0.15785971134919233,0.16333372837275623,0.17004381285514256,0.17750328935008547,0.18550065426633788,0.19351829390374103,0.20133496377963953,0.20807951052692794,0.21374555363091258,0.21785365731993106,0.2203072923235098,0.22051777762645952,0.22082679127703636,0.22131810036490493,0.22272462773257945,0.2229624285582699,0.22272497498653226,0.22073752480143158,0.21879528757623587,0.21931543976012205,0.22118660746907584,0.22287347045617528,0.22114020278145233,0.21790706782992772,0.21338942091843424,0.20859018735315996,0.20719048110440652,0.2076215147218659,0.20673323035032556,0.20078684517303258,0.19370592606855547,0.1870979985366919,0.17687589236869267,0.16869390426475156,0.15867589182441766,0.15184334733783503,0.14821333186959504,0.1478038454626106,0.151922450070042,0.15730124904793039,0.16354193395747038,0.16889339220470634,0.1751746111230272,0.18260633981018126,0.1895298047375807,0.19721910575752405,0.20508002850648338,0.21108138952637504
ENSG00000287901,0.0,0.0,0.0,0.0,0.0,0.0,0.0,0.0,0.0,0.0,0.0,0.0,0.0,0.0,0.0,0.0,0.0,0.0,0.0,0.0,0.0,0.0,0.0,0.0,0.0,0.0,0.0,0.0,0.0,0.0,0.0,0.0,0.0,0.0,0.0,0.0,0.0,0.0,0.0,0.0,0.0,0.0,0.0,0.0,0.0,0.0,0.0,0.0,0.0,0.0,0.0,0.0,0.0,0.0,0.0,0.0,0.0,-0.003202134149118041,-0.01696258348781408,-0.03073771580038289,-0.04759669303117255,-0.06884744860328514,-0.08496580372009958,-0.09892013690781949,-0.11148937688652161,-0.1215975051042782,-0.1293876360645268,-0.13904178254512434,-0.15190165710874645,-0.1614254350752601,-0.1657965693200673,-0.1689391745459288,-0.16958871429561742,-0.17153231358167295,-0.17434122171548813,-0.17643570395121125,-0.17183658594312384,-0.16205806925479574,-0.15490265222029723,-0.1469297395414806,-0.14056428467465576,-0.13225400504457155,-0.11870412414058731,-0.11033510030235531,-0.09755420266627583,-0.09592995287810198,-0.0920897141553575,-0.0807693696349973,-0.07100222884023687,-0.057187160018827614,-0.05058383230620231,-0.046654831426194976,-0.048243515730699744,-0.06113860501287042,-0.07504190650948525,-0.08967199202524875,-0.10285177240450409,-0.11481098352655902,-0.12768829534457263,-0.1414275629121141
ENSG00000078549,0.0,0.0,0.0,0.0,0.0,0.0,0.0,0.0,0.0,0.0,0.0,0.0,0.0,0.0,0.0,0.0,0.0,0.0,0.0,0.0,0.0,0.0,0.0,0.0,0.0,0.0,0.0,0.0,0.0,0.0,0.0,0.0,0.0,0.0,0.0,0.0,0.0,0.0,0.0,0.0,0.0,0.0,0.0,0.0,0.0,0.0,0.0,-0.002139881473498609,-0.019489036284137777,-0.032965728768635356,-0.04221855068261264,-0.05000838610418839,-0.057413579384221466,-0.06533942154949199,-0.07534537702743528,-0.08992194355261987,-0.1099704876641969,-0.12584225605302338,-0.1334403966643762,-0.13472029682987088,-0.1367383543707709,-0.1379458432361177,-0.14353038183501132,-0.15055327140878133,-0.1585405395235126,-0.16738940123909496,-0.17646898943270023,-0.1882136360207268,-0.2035763598432318,-0.21611588124083267,-0.226729709119103,-0.23702107769288017,-0.24862341376735356,-0.2603475282609409,-0.28470372691080087,-0.31852096474912156,-0.35431621688939174,-0.3871154780853999,-0.41345339891655625,-0.4380497982449667,-0.4619365960123371,-0.48288937067895527,-0.49770888926041384,-0.5153219308631858,-0.5308297255111799,-0.5411990323971789,-0.5514080582613334,-0.5662441580926496,-0.5868590897503799,-0.6178456263838749,-0.649434864275217,-0.6790083651719252,-0.7115830202174246,-0.7409839062359664,-0.7707124774789159,-0.80068646652565,-0.8335601359248641,-0.8657105376504562,-0.8978316876976383,-0.9277106906374805
ENSG00000226302,0.0,0.0,0.0,0.0,0.0,0.0,0.0,0.0,0.0,0.0,0.0,0.0,0.0,0.0,0.0,0.0,0.0,0.0,0.0,0.0,0.0,0.0,0.0,0.0,0.0,0.0,0.0,0.0,0.0,0.0,0.0,0.0,0.0,0.0,0.0,0.0,0.0,0.0,0.0,0.0,0.0,0.0,0.0,0.0,0.0,0.0,0.0,0.0,0.0,0.007233388407582273,0.015389266505250304,0.023117856376398942,0.030332467732701096,0.03706467866946072,0.04495748066004707,0.05232486665390122,0.058832328129967505,0.06693248598057709,0.07536992280162229,0.08296652795500094,0.09054441041996102,0.09693389022356759,0.10519785909402962,0.11340950246166831,0.12186862990904386,0.1306763667371915,0.14123479645293716,0.14980797533022175,0.15426841816959777,0.15644038664982765,0.15992198002452565,0.16329337243972,0.16543030675702997,0.16869328493170763,0.16979412686664214,0.17007530062524504,0.17208464427934272,0.175081539105823,0.17914813375777713,0.18356919614632827,0.18907086166064077,0.19305762021295245,0.19150035275022287,0.191949598570061,0.1904837491591172,0.18807027940491822,0.19237657876655012,0.19513239657216,0.1988613865218241,0.20335134457136486,0.20745736287892888,0.21096893997613334,0.21376618330317523,0.21154463302340973,0.20901361140660202,0.20517223417733563,0.20095743474874997,0.19866738084853658,0.19661756658767185,0.19610759505327963
ENSG00000231925,0.0,0.0,0.0,0.0,0.0,0.0,0.0,0.0,0.0,0.0,0.0,0.0,0.0,0.0,0.0,0.0,0.0,0.0,0.0,0.0,0.0,0.0,0.0,0.0,-0.004018747818782244,-0.011925842277536042,-0.019178697643333967,-0.026414211966864193,-0.03436260563687946,-0.04175674176453559,-0.04784416977258871,-0.053734516788747945,-0.05864205375046677,-0.059418807106733196,-0.061278315447503486,-0.06364659548660465,-0.0659834116563095,-0.06886708254090304,-0.07231848588603618,-0.0758255990993623,-0.07628486972093014,-0.07453138117296518,-0.075227991377465,-0.07525742495709825,-0.07722551384629056,-0.07868932604515091,-0.0820018809967876,-0.08597934380720268,-0.09305177793362678,-0.0985892782730201,-0.10314421896176991,-0.10678641880289629,-0.11010514129750619,-0.11170459723004945,-0.11493760750576355,-0.11869091673982012,-0.120956002637498,-0.12012699284270716,-0.11665583538218001,-0.11094076096797967,-0.10318832751542772,-0.09447650366576686,-0.08649925158323293,-0.07760608042439755,-0.07072386366519715,-0.0652324538696579,-0.059353554785192775,-0.05457740049735027,-0.046377594921014786,-0.03600585796876601,-0.026126977243262014,-0.018804077167775,-0.00953481455729836,0.0,0.0,0.0,0.0,0.0,0.0,0.0,0.0,0.0,0.0,0.0,0.0,0.0,-0.004220780961273623,-0.020996545357515526,-0.038474188271151996,-0.06270834105425747,-0.0875812289326471,-0.11157554233815392,-0.1392089741080421,-0.1670139488142093,-0.18970824688682725,-0.21428627245714496,-0.23835892897707608,-0.26179889220135383,-0.2847178302931566,-0.3075444470401861
ENSG00000279711,0.0,0.0,0.0,0.0,0.0,0.0,0.0,0.0,0.0,0.0,0.0,0.0,0.0,0.0,0.0,0.0,0.0,0.0,0.0,0.0,0.0,0.0,0.0,0.0,0.0,0.0,0.0,0.0,0.0,0.0,0.0,0.0,0.0,0.0,0.0,0.0,0.0,0.0,0.0,0.0,0.0,0.0,0.0,0.0,0.0,0.0,0.0,0.0,0.0,0.0,0.0,0.0,0.0,0.0,0.0,0.0,0.0,0.0,0.0,0.0,0.0,0.0,0.0,0.0,0.0,0.0,-9.711852766831385e-06,-0.001825047492328716,-0.003995435858563081,-0.00536008504979935,-0.005195846049465086,-0.004766454527614318,-0.006270587054970554,-0.011370887102654145,-0.020870738801182714,-0.03088728242383094,-0.043622699712078675,-0.05918519227331026,-0.07430907642636261,-0.08795651137964507,-0.10524269612269624,-0.1286329635285505,-0.15159394253758407,-0.16490831272629738,-0.1710525848752745,-0.17633203193827746,-0.18598601722638236,-0.19892657583483184,-0.21259404187187464,-0.22768873249538624,-0.24099316369752372,-0.25361647729482795,-0.26423914733932763,-0.2781282802750415,-0.2899987633247354,-0.3034878743598552,-0.31573344609374676,-0.3259176256599581,-0.3350300267603328,-0.3430663197938435
ENSG00000164035,0.0,0.0,0.0,0.0,0.0,0.0,0.0,0.0,0.0,0.0,0.0,0.0,0.0,0.0,0.0,0.0,0.0,0.0,0.0,0.0,0.0,0.0,0.0,0.0,0.0,0.0,0.0,0.0,0.0,0.0,0.0,0.0,0.0,0.0,0.0,0.0,0.0,0.0,0.0,0.0,0.0,0.0,0.0,0.0,0.0,0.0,0.0,0.0,0.0,0.0,0.0,0.0,0.0,0.0,0.0,0.0,0.0,0.0,0.0,0.0,0.0,0.0,0.0,0.0,0.0,0.0,0.0,-0.003318388882392463,-0.015618401698748847,-0.02965221527141364,-0.041068765292483676,-0.05542496973255744,-0.07365863083410588,-0.09478559724265849,-0.11257646378051675,-0.13059460885068921,-0.15192529987874887,-0.17639112456269077,-0.1984892092758065,-0.22206676999046038,-0.24241393548680562,-0.26424974757413394,-0.29547704200304903,-0.32773717996462826,-0.3642763360525646,-0.397015222638591,-0.42685404465255966,-0.45927023746920487,-0.49617816329584896,-0.5421565140128572,-0.5828447505752036,-0.6245668923832319,-0.6734918628507929,-0.7310073370720677,-0.7850925475097256,-0.8452784222097542,-0.9103744403427093,-0.974644578953416,-1.0420923230930963,-1.1078850016556814
ENSG00000258933,0.0,0.0,0.0,0.0,0.0,0.0,0.0,0.0,0.0,0.0,0.0,0.0,0.0,0.0,0.0,0.0,0.0,0.0,0.0,0.0,0.0,0.0,0.0,0.0,0.0,0.0,0.0,0.0,0.0,0.0,0.0,0.0,0.0,0.0,0.0,0.0,0.0,0.0,0.0,0.0,0.0,0.0,0.003142334322788092,0.004841733696480816,0.008140573551125279,0.010827249480909143,0.012781177602070724,0.015042013067947767,0.01618589701957463,0.015764486378785206,0.015085816119749003,0.014917596599267247,0.014137627169644212,0.013847131839514857,0.013510600971950807,0.013931271419688342,0.013936882588243299,0.015379003652619206,0.016891229134134298,0.01776568627278027,0.018993365178318043,0.0212451078457901,0.02370452154491709,0.026613505365721952,0.028958984076837863,0.03291809686169278,0.03603159029852079,0.038142322641098576,0.041710460425422376,0.045488727264086565,0.04941542607828528,0.0542901404933399,0.0600912538592784,0.06642210507354188,0.07670742769998455,0.0874885961655427,0.09675435110561233,0.10518866106197075,0.11299629501950308,0.12006531532727012,0.12653990852681649,0.13147599658780937,0.131694911896203,0.12890495042281824,0.1260334596664942,0.12249149201181617,0.11860704009539888,0.11573519791403349,0.11475396236490475,0.11279065645609844,0.11068580637001912,0.10945139466913273,0.10815960967465377,0.10724291505040058,0.10756283460399178,0.10791442800484194,0.10901300546646314,0.11096141320914844,0.1139097145183583,0.1174594783236511
ENSG00000225131,0.0,0.0,0.0,0.0,0.0,0.0,0.0,0.0,0.0,0.0,0.0,0.0,0.0,0.0,0.0,0.0,0.0,0.0,0.0,0.0,0.0,0.0,0.0,0.0,0.0,0.0,0.0,0.0,0.0,0.0,0.0,0.0,0.0,0.0,0.0,0.0,0.0,0.0,0.0,0.0,0.0,0.0,0.0,0.0,0.0,0.0,0.0,0.0,0.0,0.0,0.0,0.0,0.0,0.0,0.0,0.0,0.0,0.0,0.0,0.0,0.0,0.0,0.0,0.0,0.0,0.0,0.0,0.0,0.0,-2.1255823026677503e-05,-0.012831167525440645,-0.03126021590030883,-0.05133983456246015,-0.0690420012020837,-0.08418234381115436,-0.1106951324936425,-0.14462651191557133,-0.17998222409778197,-0.21952384068147784,-0.26425874259497384,-0.299671165225654,-0.3260964825181279,-0.36195973137891074,-0.39691804243284573,-0.42741906913510663,-0.4628415984861859,-0.5038376688842247,-0.5396651369473263,-0.5729123370683259,-0.6090073262242394,-0.6550559342829134,-0.7013975031578132,-0.7515794666993364,-0.8002515799085156,-0.8473482193089782,-0.8993171628872592,-0.9521081337925367,-1.0028654589571953,-1.0539351148263214,-1.1023120309866796
ENSG00000183018,0.0,0.0,0.0,0.0,0.0,0.0,0.0,0.0,0.0,0.0,0.0,0.0,0.0,0.0,0.0,0.0,0.0,0.0,0.0,0.0,0.0,0.0,0.0,0.0,0.0,0.0,0.0,0.0,0.0,0.0,0.0,0.0,0.0,0.0,0.0,0.0,0.0,0.0,0.0,0.0,0.0,0.0,0.0,0.0,0.0,0.0,0.0,0.0,0.0,0.0,0.0,0.0,0.0028952925082546713,0.015117460697518422,0.024618519505778563,0.0331003737611924,0.03958825982471176,0.04448872252013304,0.05105448515153182,0.05776746861335923,0.06864848667876969,0.08320727349512605,0.09889695121560896,0.11438517323165867,0.13134908273821316,0.14410932536360394,0.1566812477994805,0.16722594835118465,0.1798138645186402,0.19212522534460044,0.20513311634394504,0.21705829134607754,0.22819051007594435,0.2375151241495881,0.24382108402280273,0.2507421704638622,0.2595207877016457,0.2697681947382226,0.2760313940504312,0.2838740313577155,0.2923299970521671,0.2971737233399498,0.30362497601924177,0.30842110870341477,0.31256010246191795,0.3129896867845216,0.3138293937527238,0.317114972391737,0.31848181417351745,0.31894239980905525,0.32144653850710453,0.32827868671699517,0.3404791244588288,0.35723639271372765,0.3737707210417912,0.394349881667377,0.4194146625190176,0.4447109179708975,0.4712462036473065,0.4962142947086387
ENSG00000138835,0.0,0.0,0.0,0.0,0.0,0.0,0.0,0.0,0.0,0.0,0.0,0.0,0.0,0.0,0.0,0.0,0.0,0.0,0.0,0.0,0.0,0.0,0.0,0.0,0.0,0.0,0.0,0.0,0.0,0.0,0.0,0.0,0.0,0.0,0.0,0.0,0.0,0.0,0.0,0.0,0.0,0.0,0.0,0.0,0.0,0.0,0.0,0.0,0.0,0.0,0.0,0.0,0.0,0.0,0.0,0.0,0.0,0.0,0.0,0.0,0.0,0.0,0.0,0.0,0.0,0.0,0.0,0.0,0.0,0.0,0.0,0.0,0.0,0.0,0.0,0.0,0.0,0.0,0.0,0.0,0.0,0.0,0.0,-0.013650161348166299,-0.035465045468546404,-0.05424695497304592,-0.06941182534404912,-0.07666064032962559,-0.08452471837807798,-0.0960256745369546,-0.10515002425224539,-0.1101167820237278,-0.11296936772307632,-0.1181472556039763,-0.11885586845385436,-0.1193546872033568,-0.12176564996243869,-0.1257616864052798,-0.13093094896241111,-0.13783218183636
ENSG00000144711,0.0,0.0,0.0,0.0,0.0,0.0,0.0,0.0,0.0,0.0,0.0,0.0,0.0,0.0,0.0,0.0,0.0,0.0,0.0,0.0,0.0,0.0,0.0,0.0,0.0,0.0,0.0,0.0,0.0,0.0,0.0,0.0,0.0,0.0,0.0,0.0,0.0,0.0,0.0,0.0,0.0,0.0,0.0,0.0,0.0,0.0,0.0,0.0,0.0,0.0,0.0,0.0,0.0,0.0,0.0,0.0,0.0,0.0,0.0,0.0,0.0,0.0,0.0,0.0,0.0,0.0,0.0,0.0,0.0,0.0,0.0,0.0,0.0,0.0,0.0,0.0,0.0,0.0,0.0,0.0,0.0,0.0,0.0,0.0,0.0,0.0,-0.010270939600750808,-0.027334696451406806,-0.04318482782859588,-0.061396781427439276,-0.0804819769299644,-0.09889715187213236,-0.11932412773465435,-0.14205618820227342,-0.16104346297728436,-0.17982553403429746,-0.19575011926579478,-0.2082276360309117,-0.21942944315228458,-0.2290589025616889
ENSG00000252061,0.0,0.0,0.0,0.0,0.0,0.0,0.0,0.0,0.0,0.0,0.0,0.0,0.0,0.0,0.0,0.0,0.0,0.0,0.0,0.0,0.0,0.0,0.0,0.0,0.0,0.0,0.0,0.0,0.0,0.0,0.0,0.0,0.0,0.0,0.0,0.0,0.0,0.0,0.0,0.0,0.0,0.0,0.0,0.0,0.0,0.0,0.0,0.0,0.0,0.0,0.0,0.0,0.0,0.0,0.0,0.0,0.0,0.0,0.0,0.0,0.0,0.0,0.0,0.0,0.0,0.0,0.0,0.0,0.0,0.0,0.0,0.0,0.0,0.0,0.0,0.0,0.0,0.0,0.0,0.0,0.0,0.008037404275151771,0.022696097983245095,0.03189521025943743,0.04068629147124655,0.044591243360864306,0.0414055907719803,0.034806806149788025,0.025532546543191186,0.01647788333679606,0.015180662597702392,0.02051882127335337,0.03132050422850275,0.04351900805525937,0.05575250154439734,0.06833883261470401,0.08160836593049452,0.09587337744355837,0.1113308232189017,0.12735343087158366
ENSG00000163632,0.0,0.0,0.0,0.0,0.0,0.0,0.0,0.0,0.0,0.0,0.0,0.0,0.0,0.0,0.0,0.0,0.0,0.0,0.0,0.0,0.0,0.0,0.0,0.0,0.0,0.0,0.0,0.0,0.0,0.0,0.0,0.0,0.0,0.0,0.0,-0.012316206291461898,-0.027822561580836177,-0.04420211094054408,-0.06317222883236731,-0.08026761815505475,-0.09632568485990374,-0.11410918695993796,-0.13067697760073255,-0.14140924198048097,-0.14900628906130345,-0.1594398116642751,-0.16506807377622518,-0.16663819665115454,-0.17132655444070855,-0.17737616211015206,-0.18360501295290446,-0.1913809040695776,-0.19883727216849806,-0.2033203561635244,-0.2086771799013919,-0.21399411962752943,-0.21941064506214414,-0.22312647675973135,-0.22519892078709608,-0.22368821746181425,-0.22415727636040544,-0.22533766225590518,-0.22458351805963567,-0.22093734195096773,-0.21696906843196967,-0.21505995814805157,-0.2080738835505254,-0.20043609020839,-0.19053080807245773,-0.182279745341112,-0.1709369970662943,-0.15661833345939885,-0.14318649935986436,-0.13009022624671993,-0.11498469701591399,-0.09797174427850157,-0.07588865243825725,-0.05354683695831101,-0.03537152933933189,-0.01537152410860773,0.0,0.0,0.0,0.0,0.0,0.0,0.0,0.0,0.0,0.0,-0.0023232715051800684,-0.010303324979728924,-0.022887665073460253,-0.03660210459943165,-0.05158349345277163,-0.0695151287472938,-0.08982685799885576,-0.11178170892892812,-0.1355342683090911,-0.16061699332148802
ENSG00000262898,0.0,0.0,0.0,0.0,0.0,0.0,0.0,0.0,0.0,0.0,0.0,0.0,0.0,0.0,0.0,0.0,0.0,0.0,0.0,0.0,0.0,0.0,0.0,0.0,0.0,0.0,0.0,0.0,0.0,0.0,0.0,0.0,0.0,0.0,0.0,0.0,0.0,0.0,0.0,0.0,0.0,0.0,-0.009578554472903502,-0.02279727302426288,-0.03914313933195932,-0.054575784630591345,-0.06592202116994607,-0.08084993357572505,-0.09540603489054662,-0.11054375903835713,-0.12501753928531237,-0.1382635468058635,-0.15132124741227246,-0.16513599358574277,-0.1778606464432688,-0.1905343018495617,-0.20487549414212164,-0.22088948011554296,-0.23826663218865257,-0.25392352136546115,-0.26863929662402214,-0.2825800211471553,-0.2964912981918597,-0.31059717958546046,-0.3235232117192782,-0.3381980754345026,-0.3553900430790133,-0.3714045526172181,-0.38649584188518954,-0.3990337979289505,-0.4113560366042629,-0.42183461750148954,-0.4336994663717044,-0.44887547433405867,-0.4701160750105229,-0.49331428534454075,-0.5153875418526231,-0.5373817960818654,-0.5599527110385907,-0.5826341291020307,-0.6023435418473126,-0.6247273947084672,-0.6490268977377807,-0.6763967485270913,-0.702271822879929,-0.7266607275918137,-0.7509309262106626,-0.7759684722500189,-0.7974329434091026,-0.8200742224094217,-0.840106725906927,-0.8590027079290865,-0.8801719489003534,-0.9051226843727936,-0.9324637899416706,-0.9638544517471817,-0.9987557024244945,-1.033350823803544,-1.0688118022338162,-1.1044590599355253
ENSG00000099250,0.0,0.0,0.0,0.0,0.0,0.0,0.0,0.0,0.0,0.0,0.0,0.0,0.0,0.0,0.0,0.0,0.0,0.0,0.0,0.0,0.0,0.0,0.0,0.0,0.0,0.0,0.0,0.0,0.0,0.0,0.0,0.0,0.0,0.0,0.0,0.0,0.0,0.0,0.0,0.0,0.0,0.0,0.0,0.0,0.0,0.0,0.0,0.0,0.0,0.0,0.0,0.0,0.0,0.0,0.0,0.0,-0.001381251038128919,-0.013152143643880513,-0.027934290208859174,-0.04280534955418363,-0.057194823333387136,-0.06976279427167491,-0.07987232711312853,-0.0895124799513984,-0.10044432647398566,-0.11705659569746973,-0.1373265846552893,-0.15343157974256694,-0.16641915010230654,-0.1730804253978222,-0.1753105711445425,-0.17730149857908237,-0.18205895382888532,-0.18765263421066783,-0.20013345996068724,-0.21606653659185454,-0.23690443529986108,-0.2611449623334051,-0.28759028207341836,-0.3139365546751887,-0.33883545484370475,-0.36703390137473224,-0.40516156049640756,-0.446597287506022,-0.4880133131167562,-0.5218952206938362,-0.545759839980899,-0.5693735801729105,-0.5869641709747025,-0.6127904725866251,-0.6435639694370767,-0.6744862692386978,-0.7091906377379039,-0.7476401694135658,-0.7862505915132227,-0.8299383901902881,-0.8782022358270946,-0.9244771428585173,-0.9709941893030273,-1.0173941743822688
ENSG00000260722,0.0,0.0,0.0,0.0,0.0,0.0,0.0,0.0,0.0,0.0,0.0,0.0,0.0,0.0,0.0,0.0,0.0,0.0,0.0,0.0,0.0,0.0,0.0,0.0,0.0,0.0,0.0,0.0,0.0,0.0,0.0,0.0,0.0,0.0,0.0,0.0,0.0,0.0,0.0,0.0,0.0,0.0,0.0,0.0,0.0,0.0,0.0,0.0,0.0,0.0,0.0,0.0,0.0,0.0,0.0,0.0,0.0,0.0,0.0,0.0,0.0,0.0,0.0,0.0,0.0,0.0,0.0,0.0,0.0,0.0,0.0,0.0,0.0,0.0,0.0,0.0011444328635982514,0.008609425387039146,0.01660820052751392,0.024450954430197937,0.0297051131561117,0.03619824618545756,0.04630352373094611,0.05973538347909954,0.07194787057743812,0.08084388006720758,0.08365985062801501,0.07981057366316291,0.07149234047648576,0.06381815410241122,0.05398921083485744,0.0431818055774275,0.03343941525855907,0.023592207254671843,0.016916841558848848,0.01022737247473961,0.001794537296234017,0.0,0.0,0.0,0.0
ENSG00000177098,0.0,0.0,0.0,0.0,0.0,0.0,0.0,0.0,0.0,0.0,0.0,0.0,0.0,0.0,0.0,0.0,0.0,0.0,0.0,0.0,0.0,0.0,0.0,0.0,0.0,0.0,0.0,0.0,0.0,0.0,0.0,0.0,0.0,0.0,0.0,0.0,0.0,0.0,0.0,0.0,0.0,0.0,0.0,0.0,0.0,0.0,0.0,0.0,0.0,0.0,0.0,0.0,0.0,0.0,-0.0037245811028602024,-0.0075169339620682766,-0.008021912418537539,-0.004527966758829621,0.0,0.0,0.0,0.0,0.0,0.0,0.0,0.0,0.0,0.0,0.0,0.0,0.0,0.0,0.0,0.0,0.0,0.0,0.0,0.0,0.0,0.0,0.0,0.0,0.0,0.0,0.0,0.0,0.0,0.0,0.0,0.0,0.0,0.0,0.0,-0.005759056332189184,-0.014149237857465174,-0.02335106798665254,-0.03390214715143906,-0.04557687310366567,-0.05746480758839526,-0.07044972812619607
ENSG00000229436,0.0,0.0,0.0,0.0,0.0,0.0,0.0,0.0,0.0,0.0,0.0,0.0,0.0,0.0,0.0,0.0,0.0,0.0,0.0,0.0,0.0,0.0,0.0,0.0,0.0,0.0,0.0,0.0,0.0,0.0,0.0,0.0,0.0,0.0,0.0,0.0,0.0,0.0,0.0,0.0,0.0,0.0,0.0,0.0,0.0,0.0,0.0,0.0,0.0,0.0,0.0,0.0,0.0,0.0,-9.450014260557497e-06,-0.0035978857907901637,-0.007351945928298994,-0.008301142820433982,-0.010195044475058056,-0.01403314021571683,-0.019597619592726677,-0.022806432636015294,-0.025245494463369048,-0.028372487754261086,-0.030444250874360413,-0.03461744983724278,-0.03856248646592365,-0.04178694025720693,-0.04962185555194476,-0.06057511796234659,-0.07752868215352562,-0.09702413256896192,-0.12105107804254536,-0.14861776113822625,-0.1742903209542127,-0.19937892310960867,-0.22285424909709683,-0.24350171125984277,-0.26293942614237087,-0.28538372317896704,-0.3085742340802135,-0.3334382035514807,-0.35681614320334576,-0.3746006099999269,-0.3910168878854827,-0.41179312307834504,-0.44141219265568105,-0.4736904100871688,-0.49377828898580295,-0.5087749373559408,-0.5154285615862614,-0.5208883465442504,-0.5274861633320048,-0.5312601333656485,-0.5321590593726115,-0.5313447240710587,-0.5269278660482455,-0.5198794251007381,-0.5131173226202933,-0.509347156748103
ENSG00000154162,0.0,0.0,0.0,0.0,0.0,0.0,0.0,0.0,0.0,0.0,0.0,0.0,0.0,0.0,0.0,0.0,0.0,0.0,0.0,0.0,0.0,0.0,0.0,0.0,0.0,0.0,0.0,0.0,0.0,0.0,0.0,0.0,0.0,0.0,0.0,0.0,0.0,0.0,0.0,0.0,0.0,0.0,0.0,0.0,0.0,0.0,0.0,0.0,0.0,0.0,0.0,0.0,0.0,0.0,0.0,0.0,0.0,0.0,0.0,0.0,0.0,0.0,0.0,0.0,0.0,0.0,0.0,0.0,0.0,0.0,0.0,0.0,0.0,0.0,0.0,0.0,0.008543194244194257,0.03104420551150904,0.05549678721680654,0.08072648689293731,0.10492491346551586,0.12630747241087567,0.15275842299750386,0.18458545414733998,0.21682402156753788,0.24392560616397416,0.2606478510670883,0.27400173801977346,0.2877997520118231,0.3080013438745306,0.33319993317278,0.3594632159317929,0.3890651409501596,0.4218309227578753,0.4514349664634528,0.48222936784068726,0.5160383770778275,0.5510241183912781,0.587888323675224,0.6244592857169552
ENSG00000197872,0.0,0.0,0.0,0.0,0.0,0.0,0.0,0.0,0.0,0.0,0.0,0.0,0.0,0.0,0.0,0.0,0.0,0.0,0.0,0.0,0.0,0.0,0.0,0.0,0.0,0.0,0.0,0.0,0.0,0.0,0.0,0.0,-0.0072268971896861664,-0.0367977608911404,-0.061575977445351406,-0.07862920196051447,-0.09237245500851898,-0.10730598998033385,-0.1207689548811034,-0.13580108664866705,-0.1542101770780465,-0.1706094123239354,-0.18114225870014403,-0.18909439640552214,-0.2001174387259098,-0.21423610814109378,-0.22826393003918166,-0.23991337084827863,-0.24803487508542238,-0.2554113318927575,-0.2656426259119051,-0.278904965878563,-0.2955072674106655,-0.3129586778120179,-0.32526725332458983,-0.33829723909131687,-0.3541249195114319,-0.3652604522343991,-0.37456478311062885,-0.3835807523621098,-0.38960535751377406,-0.3917328911012738,-0.393382915443618,-0.3938916867687802,-0.3933182019221534,-0.39278360530993234,-0.3914186490256891,-0.3898216980719967,-0.39026165321545936,-0.3897467085480152,-0.3875427398876493,-0.3856631452946546,-0.3825176940463014,-0.378896050318937,-0.37047330566025627,-0.3607128273143164,-0.3521494004359379,-0.33912969572633717,-0.3287604102251476,-0.32062064053788897,-0.3122528952826377,-0.296772659052861,-0.27633573585184074,-0.24811815959628333,-0.22322022222124774,-0.20662132728512517,-0.1880554875812375,-0.16847537136368768,-0.15266971169802507,-0.1380678132407347,-0.12566566975711826,-0.11845400518831035,-0.1194355764822782,-0.1247411250193761,-0.12991414710343155,-0.13665428661503357,-0.14521346283858272,-0.1558542084872744,-0.16691362948096894,-0.17880945645675494
ENSG00000150750,0.0,0.0,0.0,0.0,0.0,0.0,0.0,0.0,0.0,0.0,0.0,0.0,0.0,0.0,0.0,0.0,0.0,0.0,0.0,0.0,0.0,0.0,0.0,0.0,0.0,0.0,0.0,0.0,0.0,0.0,0.0,0.0,0.0,0.0,0.0,0.0,0.0,0.0,0.0,0.0,0.0,0.0,0.0,0.0,0.0,0.0,0.0,0.0,0.0,0.0,0.0,0.0,0.0,0.0,0.0,0.0,0.0,0.0,0.0,0.0,0.0,0.0,0.0,0.0,0.0,0.0,0.0,0.0,0.0,0.0,0.0,0.0,0.0,0.004830654875280768,0.017206383587785437,0.020002105833280496,0.00945353363528836,0.0,0.0,0.0,0.0,0.0,0.0,0.0,0.0,0.0,0.0,0.0,0.0,0.0,0.0,0.0,0.0,0.0,0.0,0.0,0.0,0.0,0.0,0.0
ENSG00000229484,0.0,0.0,0.0,0.0,0.0,0.0,0.0,0.0,0.0,0.0,0.0,0.0,0.0,0.0,0.0,0.0,0.0,0.0,0.0,0.0,0.0,0.0,0.0,0.0,0.0,0.0,0.0,0.0,0.0,0.0,0.0,0.0,0.0,0.0,0.0,0.0,0.0,0.0,0.0,0.0,0.0,0.0,0.0,0.0,0.0,0.0,0.0,0.0,0.0,0.0,0.0,0.0,0.0,0.0,0.0,0.0,0.0,0.0,0.0,0.0,0.0,0.0,0.0,0.0,0.0,0.0,0.0,0.0,0.0,0.0,0.0,0.0,0.009605652658131155,0.02655850181550463,0.0438980288516302,0.05773020714599549,0.06847165956961271,0.07691730830826114,0.08461015447293352,0.09566778116953403,0.10490668055581227,0.1113320857453277,0.11665552275166005,0.12331911497195927,0.1249543946817314,0.13105708753590897,0.14160257261362083,0.15201015870224682,0.15724010260332238,0.16128518255788263,0.16359575158392986,0.16709531484454943,0.1733334886497489,0.1735427775636384,0.17734224992782252,0.18256815978424396,0.1867178358495945,0.18898524219088067,0.19169123851272307,0.19492175979780993
ENSG00000149488,0.0,0.0,0.0,0.0,0.0,0.0,0.0,0.0,0.0,0.0,0.0,0.0,0.0,0.0,0.0,0.0,0.0,0.0,0.0,0.0,0.0,0.0,0.0,0.0,0.0,0.0,0.0,0.0,0.0,0.0,0.0,0.0,0.0,0.0,0.0,0.0,0.0,0.0,0.0,0.0,0.0,0.0,0.0,0.0,0.0,0.0,0.0,0.0,0.0,0.0,0.0,0.0,0.0,0.0,0.0,0.0,0.0,0.0,0.0,0.0,0.0,0.0,0.0,0.0,0.0,0.0,0.0,0.0,0.0,0.0,0.0,0.0,0.0,0.0,0.0,-0.0014000991194627849,-0.007303608342201509,-0.01752187357090352,-0.029759013568965893,-0.04322568063598016,-0.055581744749296155,-0.06595454584136805,-0.0789535642784204,-0.10309532119692494,-0.12457130963171735,-0.14674570008334348,-0.17064350627657832,-0.1952978636664137,-0.22945992650571245,-0.2681608380189271,-0.30379593016128664,-0.3378187305650105,-0.3730050319716154,-0.4073525533565057,-0.4401521852826882,-0.4759679863141176,-0.5107956099112938,-0.5438919258198088,-0.5755615295833199,-0.6040298459016752
ENSG00000260781,0.0,0.0,0.0,0.0,0.0,0.0,0.0,0.0,0.0,0.0,0.0,0.0,0.0,0.0,0.0,0.0,0.0,0.0,0.0,0.0,0.0,0.0,0.0,0.0,0.0,0.0,0.0,0.0,0.0,0.0,0.0,0.0,0.0,0.0,0.0,0.0,0.0,0.0,0.0,0.0,0.0,0.0,0.0,0.0,0.000932965750171798,0.004629089497941627,0.007907659312770704,0.010922497578817804,0.014943144934584979,0.0195100973030175,0.023624506601052333,0.025994327685350975,0.029766114761756078,0.03289943464103023,0.03255047440436024,0.03050556048958616,0.02655637626509923,0.020562204462888724,0.015235987448860306,0.010246357286515892,0.004425393746281381,0.0,0.0,0.0,0.0,0.0,0.0,0.0,0.0,0.0,0.0,0.0,0.0,0.0,0.0,0.0,0.0,0.0,0.0,0.0,0.0,0.0,0.0,0.0,0.0,0.0,0.0,0.0,0.0,0.0,0.0,0.0,0.0,0.0,0.0,0.0,0.00017884806913731762,0.0011742358215951292,0.002656921713401447,0.005652402798582492
ENSG00000158122,0.0,0.0,0.0,0.0,0.0,0.0,0.0,0.0,0.0,0.0,0.0,0.0,0.0,0.0,0.0,0.0,0.0,0.0,0.0,0.0,0.0,0.0,0.0,0.0,0.0,0.0,0.0,0.0,0.0,0.0,0.0,0.0,0.0,0.0,0.0,0.0,0.0,0.0,0.0,0.0,0.0,0.0,0.0,0.0,0.0,0.0,0.0,0.0,0.0,0.0,0.0,0.0,0.0,0.0,0.0,0.0,0.0,0.0,0.0,0.0,0.0,0.0,0.0,0.0,0.0,0.0,0.0,0.0,0.0,0.0,0.0,0.0,0.0,0.0,0.0,0.0,0.0,0.0,0.0,0.0,0.0,0.0,0.0,-0.0047959121079318295,-0.011499231775047811,-0.017061710998917907,-0.016928203133958146,-0.01565426118477405,-0.01134896593684478,-0.006424555725415475,-0.0046524146168336064,-0.004776009452020816,-0.0055616210176559645,-0.009320543066238382,-0.01388055894559905,-0.018767221433743052,-0.023570136819789218,-0.027952888343322442,-0.03387486647928551,-0.04061191337253544
ENSG00000287814,0.0,0.0,0.0,0.0,0.0,0.0,0.0,0.0,0.0,0.0,0.0,0.0,0.0,0.0,0.0,0.0,0.0,0.0,0.0,0.0,0.0,0.0,0.0,0.0,0.0,0.0,0.0,0.0,0.0,0.0,0.0,0.0,0.0,0.0,0.0,0.0,0.0,0.0,0.0,0.0,0.0,0.0,0.0,0.0,0.0,0.0,0.0,0.0,0.0,0.0,0.0,0.0,0.0,0.0,0.0,0.0,0.0,2.726976451575953e-06,0.010438847657307793,0.023157955692257225,0.03354698804370118,0.04420410437629787,0.05450854691981647,0.06605845844876396,0.07968551604277203,0.09065561557105199,0.10019324947324855,0.10758924120400688,0.11267288329867527,0.1157607839147533,0.12248203095523379,0.12758243581041154,0.13227936627483922,0.13780321834870812,0.14313795463616916,0.14732284753437896,0.15384689423262546,0.1646384324602785,0.17768653889633892,0.1923272953458106,0.20819350990338792,0.23329734936934246,0.2650237024982974,0.3027665227468167,0.3403025518517267,0.3764074431850387,0.40835350345496485,0.43807837081973594,0.46584117865985697,0.49442685613408227,0.5187909742161579,0.5433651411393825,0.5681820340978269,0.5958208845759903,0.6194821177337457,0.643129193060233,0.6663660426382293,0.6891997670512156,0.712269969966675,0.7316644287386332
ENSG00000242719,0.0,0.0,0.0,0.0,0.0,0.0,0.0,0.0,0.0,0.0,0.0,0.0,0.0,0.0,0.0,0.0,0.0,0.0,0.0,0.0,0.0,0.0,0.0,0.0,0.0,0.0,0.0,0.0,0.0,0.0,0.0,0.0,0.0,0.0,0.0,0.0,0.0,0.0,0.0,0.0,0.0,0.0,0.0,0.0,0.0,0.0,0.0,0.0,0.0,0.0,0.0,0.0,0.0,0.0,0.0,0.0,0.0,0.0,0.005931065147622154,0.013670764320849646,0.026287158472637365,0.03801508979362111,0.048893840932462886,0.060707382611007214,0.07321910603909768,0.08394176432625579,0.09713440351532121,0.1100508458274972,0.12358542427196935,0.14075403156182004,0.15768424743767018,0.1769121582794383,0.19508215723570832,0.21351150379048445,0.22903345076060094,0.24278790699733765,0.25724179312515094,0.27184711924684535,0.28597394005199833,0.2988257338690441,0.31109655040224476,0.32829252885321697,0.34514472394287776,0.3588370866313774,0.3733867321696458,0.38234986730030446,0.38766884906295573,0.39231435002232046,0.3945216332491225,0.399023090512873,0.405651465091149,0.41196898852595265,0.4187649163632748,0.42908981286246384,0.4393230684234675,0.4493802992408493,0.45867835882965796,0.4679594366537136,0.4771286062003882,0.4857348786066352
ENSG00000102271,0.0,0.0,0.0,0.0,0.0,0.0,0.0,0.0,0.0,0.0,0.0,0.0,0.0,0.0,0.0,0.0,0.0,0.0,0.0,0.0,0.0,0.0,0.0,0.0,0.0,0.0,0.0,0.0,0.0,0.0,0.0,0.0,0.0,0.0,0.0,0.0,0.0,0.0,0.0,0.0,0.0,0.0,0.0,0.0,0.0,0.0,0.0,0.0,-0.014945556660546597,-0.03291158943753207,-0.048626104764202635,-0.06420995222980314,-0.07629799169121403,-0.09025500659149514,-0.10552136766930877,-0.12060724416954008,-0.13955326482234864,-0.1659350353045812,-0.19013338184507628,-0.21356937473698126,-0.23446113192790613,-0.25524272991069835,-0.273129427350383,-0.28827853842534995,-0.3007911328625205,-0.31126017069769846,-0.32328051642689726,-0.3320701132357391,-0.33716001941930046,-0.3393223998252528,-0.33848007091454557,-0.3399093575952646,-0.33886418365590265,-0.335087713440127,-0.32936188812367356,-0.32338521328880626,-0.31921607678456293,-0.31917395149154937,-0.32537060194235273,-0.3345620869544049,-0.33595375476100814,-0.32952051023175816,-0.3154014602801815,-0.3082668457904928,-0.30221707147581073,-0.2954322694621134,-0.29205397178722525,-0.29589184136162683,-0.3004408321086872,-0.30648292434976276,-0.31533763407885246,-0.3249861192589029,-0.3333986871414483,-0.34692918626285274,-0.3551655112512466,-0.364349694086972,-0.37547793990810213,-0.3896408970332421,-0.40743646803664874,-0.4267589373409141
ENSG00000250334,0.0,0.0,0.0,0.0,0.0,0.0,0.0,0.0,0.0,0.0,0.0,0.0,0.0,0.0,0.0,0.0,0.0,0.0,0.0,0.0,0.0,0.0,0.0,0.0,0.0,0.0,0.0,0.0,0.0,0.0,0.0,0.0,0.0,0.0,0.0,0.0,0.0,0.0,0.0,0.0,0.0,0.0,0.0,0.0,0.0,0.0,0.0,0.0,0.0,0.0,0.0,-0.001918873453962118,-0.005108505953822871,-0.008161684747571462,-0.012210565955627308,-0.016000106917765308,-0.017594636687724742,-0.018867062290849352,-0.02246153055044571,-0.026366066101035097,-0.029918894318712492,-0.033131951071041096,-0.03599370040196816,-0.03865483260216178,-0.04210590826895669,-0.04589883294647374,-0.04953700601462992,-0.0537300230267427,-0.05653989745891847,-0.05864374850900609,-0.06059900870436212,-0.06359448804965398,-0.0664178109857192,-0.0693903164000035,-0.07169539448422868,-0.07482214150538577,-0.08108845325629999,-0.0888236665916416,-0.09568209072200046,-0.10328614101872716,-0.109863071280101,-0.11013503608274199,-0.10804510890445053,-0.10216503206973009,-0.09444154063460128,-0.08549897864411023,-0.0779293577611069,-0.07369957113832355,-0.07083804242790101,-0.07062975581474601,-0.07476624754143954,-0.08032233016553038,-0.08635209709171003,-0.0915555547036163,-0.09642102609643326,-0.10085638920862555,-0.10527117753663617,-0.10914172698388432,-0.11305084563505516,-0.11620910907213651
ENSG00000228328,0.0,0.0,0.0,0.0,0.0,0.0,0.0,0.0,0.0,0.0,0.0,0.0,0.0,0.0,0.0,0.0,0.0,0.0,0.0,0.0,0.0,0.0,0.0,0.0,0.0,0.0,0.0,0.0,0.0,0.0,0.0,0.0,0.0,0.0,0.0,0.0,0.0,0.0,0.0,0.0,0.00658912309882052,0.015144795457233509,0.023107363284599315,0.03089468481656668,0.041321653978501974,0.05370467120273332,0.06384114490362983,0.07105771791776389,0.07708003200564593,0.08417538823638272,0.09025800161251234,0.09587495020926647,0.10044236974523105,0.10367181147007322,0.10638087403355313,0.1087409434437742,0.1111672439935325,0.11591662739950283,0.12080939652048281,0.12431434819993219,0.12651918785207564,0.12661587280285605,0.12480641531524546,0.12086323696160378,0.11598755173613377,0.11259605652138038,0.10945945590669462,0.1046952043555158,0.10379979235718002,0.10882099134908978,0.11613646443021254,0.12567427448464483,0.13934115289267915,0.1551076864827173,0.17313436687835068,0.19053618934829325,0.20539122780964514,0.21932162408209213,0.23299092292215073,0.24768086264659342,0.2626948802305024,0.28025427352100124,0.295069170034522,0.31168399130507585,0.32680474783356966,0.3400368344153111,0.35586842903408844,0.37087942919706746,0.3813506805308718,0.3881860914464018,0.393067948473247,0.40146274899240475,0.4138593382382595,0.4312068262336869,0.4536672016896567,0.47836488776656283,0.5053551814682886,0.5330395263619193,0.5650016512221391,0.598741396732099
ENSG00000168497,0.0,0.0,0.0,0.0,0.0,0.0,0.0,0.0,0.0,0.0,0.0,0.0,0.0,0.0,0.0,0.0,0.0,0.0,0.0,0.0,0.0,0.0,0.0,0.0,0.0,0.0,0.0,0.0,0.0,0.0,0.0,0.0,0.0,0.0,0.0,0.0,0.0,0.0,0.0,0.0,0.0,0.0,0.0,0.0,0.0,0.0,0.0,0.0,0.0,0.0,0.0,0.0,0.0,0.0,0.0,0.0,0.0,0.0,0.0,-0.00010248684442625,-0.006170242641985519,-0.016318882168828184,-0.02294551786035918,-0.023577720360653656,-0.015268074643786399,-0.012364475226012332,-0.010667014543938268,-0.014692396361107614,-0.017525887589924717,-0.02291621676402054,-0.030127248597152878,-0.03560872092559939,-0.04397414720761757,-0.050389818036409836,-0.05697647827345165,-0.06933305950186408,-0.07979000666337041,-0.08970522040907317,-0.10214421381021242,-0.1144529290721612,-0.12661271597710008,-0.1372847506298147,-0.15664594242781757,-0.1778058564590367,-0.19805660022427285,-0.21691728964797138,-0.2318337138521349,-0.24575534371643268,-0.25245272722958,-0.2583758969377409,-0.2696345851573168,-0.28313149851100095,-0.2975476713686836,-0.3104532126284514,-0.3184448093233637,-0.3242711883110102,-0.32616067238536967,-0.32152560818013104,-0.31244307474633787,-0.29831657775358
ENSG00000211804,0.0,0.0,0.0,0.0,0.0,0.0,0.0,0.0,0.0,0.0,0.0,0.0,0.0,0.0,0.0,0.0,0.0,0.0,0.0,-0.004940971641428084,-0.013724730988115354,-0.021270527039898967,-0.02931483126081172,-0.03723404294125058,-0.044735561055010295,-0.051450281151107835,-0.05924423226175066,-0.06759183466267596,-0.07662763996354088,-0.08538488076044522,-0.09435009275175275,-0.1035639717940264,-0.11112696095268045,-0.11279351358128582,-0.11625451307549071,-0.12061275811407644,-0.1247692756772284,-0.12873852144072923,-0.1337947315078542,-0.1393498978823767,-0.1448497620997898,-0.15186369171119402,-0.15649194598043967,-0.15807777779734195,-0.15685557005793935,-0.15537573746595706,-0.15591450244545876,-0.15434179062888964,-0.1547398556405526,-0.15926772079289964,-0.16441697953504666,-0.16979634391467155,-0.1767527467477453,-0.18598754263989883,-0.20098347069546668,-0.21665446103431016,-0.23094062480387823,-0.2454087864534544,-0.26132164074606035,-0.27798250268937585,-0.29439597544123475,-0.31347051399424725,-0.3323704431217616,-0.3504235714791772,-0.36460521468347573,-0.3817988198560661,-0.4001820112777666,-0.42046972675861843,-0.43925538923264246,-0.4535674311517051,-0.4678897999627458,-0.47731402331243433,-0.4826927651483082,-0.4875129065678001,-0.48500906602946803,-0.48513337295605596,-0.48638765746987156,-0.4864647030492614,-0.4833144003398423,-0.4775043531543836,-0.4753391765943567,-0.48486708214560875,-0.4912396182953011,-0.506346278506286,-0.5196031373639872,-0.5382050838119089,-0.5620604628581347,-0.5804488167126526,-0.5984695013026137,-0.6195983173729468,-0.6296648658781442,-0.6358883418434321,-0.6406271383269863,-0.6412151443325967,-0.6396401872322804,-0.6357585102944621,-0.6295023304383379,-0.6213761988404015,-0.6121460541054541,-0.6086493761263142
ENSG00000079337,0.0,0.0,0.0,0.0,0.0,0.0,0.0,0.0,0.0,0.0,0.0,0.0,0.0,0.0,0.0,0.0,0.0,0.0,0.0,0.0,0.0,0.0,0.0,0.0,0.0,0.0,0.0,0.0,0.0,0.0,0.0,0.0,0.0,0.0,0.0,0.0,0.0,0.0,0.0,0.0,0.0,0.0,0.0,0.0,0.0,0.0,0.0,0.0,0.0,0.0,0.0,0.0,0.0,0.0,0.0,0.0,0.0,0.0,0.0,0.0,0.0,0.0,0.0,0.0,0.0,0.0,0.0,0.0,-0.012142940674994825,-0.03447434562365456,-0.05443472729071856,-0.07121301909468991,-0.08964543670727217,-0.105075190696486,-0.12341232800031197,-0.14463005955765224,-0.17181106702269894,-0.2006853081489403,-0.22994558268518098,-0.2620340435967594,-0.2913715809872455,-0.3250069076898071,-0.36048661967629764,-0.3996553977444735,-0.44291975269363754,-0.4847453922709572,-0.5228789162516935,-0.5608288638845802,-0.5921052298805791,-0.6246960339060821,-0.6462711558099395,-0.6625781147848007,-0.679040516754092,-0.7048526987116918,-0.7272567141400703,-0.7543518947283055,-0.786761884488662,-0.8207605606258913,-0.8601048543538252,-0.9062672525969492
ENSG00000285569,0.0,0.0,0.0,0.0,0.0,0.0,0.0,0.0,0.0,0.0,0.0,0.0,0.0,0.0,0.0,0.0,0.0,0.0,0.0,0.0,0.0,0.0012377590852775935,0.006936066876014964,0.011044234167188928,0.0041470613745729305,0.0,0.0,0.0,0.0,0.0,0.0,0.0,0.0,0.0,0.0,0.0,0.0,0.0,0.0,0.0,0.0,0.0,0.0,0.0,0.0,0.0,0.0,0.0,0.0,0.0,0.0,0.0,0.0,0.0,0.0,0.0,0.0,0.0,0.0,0.0,0.0,0.0,0.0,0.0,0.0,0.0,0.0,0.0,0.0,0.0,0.0,0.0,0.0,0.0,0.0,0.0,0.0,0.0,0.0,0.0,0.0,0.0,0.0,0.0,0.0,0.0,0.0,0.0,0.0,0.0,0.0,0.0,0.0,0.0,0.0,0.0,0.0,0.0,0.0,0.0
ENSG00000269028,0.0,0.0,0.0,0.0,0.0,0.0,0.0,0.0,0.0,0.0,0.0,0.0,0.0,0.0,0.0,0.0,0.0,0.0,0.0,0.0,0.0,0.0,0.0,0.0,0.0,0.0,0.0,0.0,0.0,0.0,0.0020568580812027515,0.005882444646745527,0.008938933510351183,0.009492676665443709,0.009860770690243688,0.008200900797517424,0.0066166413720887655,0.005640621008966575,0.004462130292031007,0.0004925171857322406,0.0,0.0,0.0,0.0,0.0,0.0,0.0,0.0,0.0,0.0,0.0,0.0,0.0,0.0,0.0,0.0,0.0,0.0,0.0,0.0,0.0,0.0,0.0,0.0,0.0,0.00012698218690509458,0.0060087137893401026,0.016031827548527184,0.029564041235715117,0.04352704460470653,0.056529979852513644,0.06701031559523143,0.07864325236496031,0.08945563384240213,0.10120301943775263,0.11295474458369484,0.12179590824585063,0.1299244036016081,0.13804858557315192,0.14756879557192823,0.15700489818731886,0.1723205560876089,0.19103566365647168,0.21226751973835847,0.23683884228444635,0.2600428656134368,0.2843770108303363,0.3097119117995619,0.3320652353165591,0.3549701697007708,0.37788126360178365,0.40307156769090213,0.4319286291523587,0.4639591218733385,0.4902069922388394,0.5185879923080167,0.547471084585459,0.5745087139773981,0.6044148864925548,0.636948889490426
ENSG00000053254,0.0,0.0,0.0,0.0,0.0,0.0,0.0,0.0,0.0,0.0,0.0,0.0,0.0,0.0,0.0,0.0,0.0,0.0,0.0,0.0,0.0,0.0,0.0,0.0,0.0,0.0,0.0,0.0,0.0,0.0,0.0,0.0,0.0,0.0,0.0,-0.004639225203185443,-0.010556665628602552,-0.014950727891322662,-0.017818959269137014,-0.02180604229401661,-0.029454394222926714,-0.03394195435711427,-0.039600630226674156,-0.04023026041149911,-0.04264081654796527,-0.045038952148252466,-0.04369706135296051,-0.042819112184230276,-0.03936246649198899,-0.034491381840751796,-0.03081362606757915,-0.028278240886441958,-0.023954314550840065,-0.019651590798543717,-0.019995279241679452,-0.018998700207980432,-0.02140609292236904,-0.03159902285380571,-0.038363163656984556,-0.04312217132587194,-0.052210742653969265,-0.06319872505907037,-0.07647659502738113,-0.08895673789786512,-0.10913211888027803,-0.12157130041919555,-0.13406999884291476,-0.1345523844632288,-0.13559485989637268,-0.13190473740223607,-0.12975101247370668,-0.1290262807050175,-0.1354782468623206,-0.149135476805491,-0.16305193157713285,-0.18400016328811497,-0.21131296518452022,-0.23994486380378652,-0.2664903536888873,-0.29839985976908207,-0.32688340208718064,-0.35317582120148117,-0.38512905957404275,-0.41354637879020806,-0.43567166191017503,-0.45655389170755173,-0.4689323657381587,-0.4810086490838328,-0.4957750558006325,-0.5108236509856763,-0.5308603656258875,-0.5530261485780722,-0.5795948650840367,-0.6059752104919179,-0.6334813767884102,-0.6644116564256958,-0.6985284093272239,-0.7323171547412974,-0.7658654124385901,-0.7957276625865985
