gene_id,Mean_High,Mean_Low,log2FC,P_value,FDR,Regulation,gene_name,gene_type
ENSG00000000005,136.4271844660194,37.87766990291262,1.821653751776996,1.010112707593583e-06,9.13754657458779e-06,Up,TNMD,protein_coding
ENSG00000000971,4750.398058252427,2003.9339805825243,1.244797344873448,1.978076747824347e-45,1.8877973250536442e-42,Up,CFH,protein_coding
ENSG00000003096,942.052427184466,403.2116504854369,1.2222270722493798,1.7704147905756896e-12,3.8805995855163417e-11,Up,KLHL13,protein_coding
ENSG00000003137,547.4796116504855,256.8601941747573,1.088848911289287,7.463135673728109e-13,1.7162694365250986e-11,Up,CYP26B1,protein_coding
ENSG00000004776,459.9339805825242,88.3126213592233,2.367624157054412,1.8058305292295265e-06,1.5512706697046493e-05,Up,HSPB6,protein_coding
ENSG00000004799,7242.858252427184,2065.761165048544,1.8093866354217556,1.4792701755429594e-15,4.785711631601611e-14,Up,PDK4,protein_coding
ENSG00000004846,89.79805825242718,9.648543689320388,3.092005306497246,8.382322708979582e-19,3.8349729149289333e-17,Up,ABCB5,protein_coding
ENSG00000005102,624.6155339805825,200.2,1.6366460299419154,2.285621341404834e-22,1.475849515144193e-20,Up,MEOX1,protein_coding
ENSG00000006210,7601.623300970874,3284.143689320388,1.210540835231824,4.214234958380918e-14,1.1393476699377945e-12,Up,CX3CL1,protein_coding
ENSG00000006283,123.51650485436892,56.70679611650485,1.1095238465545076,2.391397364093152e-09,3.3631800595283534e-08,Up,CACNA1G,protein_coding
ENSG00000007237,4155.186407766991,1898.47572815534,1.1296590844376737,5.059235462368879e-47,6.353068362982058e-44,Up,GAS7,protein_coding
ENSG00000007314,286.77669902912623,109.1980582524272,1.384850980246061,0.0006817892990259,0.0032326730694476,Up,SCN4A,protein_coding
ENSG00000009950,331.72038834951456,162.7514563106796,1.0228025368022104,7.759431614995512e-06,5.899690213581196e-05,Up,MLXIPL,protein_coding
ENSG00000010319,2585.8252427184466,1277.6679611650486,1.0165409134599488,1.6242487660123845e-12,3.578296519694319e-11,Up,SEMA3G,protein_coding
ENSG00000010932,724.4543689320388,303.54174757281555,1.2522448606366772,3.51951079428856e-21,2.0606627740105708e-19,Up,FMO1,protein_coding
ENSG00000011465,66916.84854368932,21844.46019417476,1.615057564687922,1.443755686104389e-41,7.488384111905353e-39,Up,DCN,protein_coding
ENSG00000013297,729.6271844660195,280.0174757281553,1.378475582496106,1.4177949334755602e-23,1.0235149566654582e-21,Up,CLDN11,protein_coding
ENSG00000016602,57.394174757281554,11.411650485436894,2.234129481012821,6.219535733489092e-13,1.4470200201396024e-11,Up,CLCA4,protein_coding
ENSG00000017427,262.02718446601943,83.88349514563107,1.6316559463748417,6.781416354576234e-27,6.699702393533515e-25,Up,IGF1,protein_coding
ENSG00000018236,1210.6601941747572,551.7009708737864,1.1324141048986534,7.35594363707995e-19,3.391409840330252e-17,Up,CNTN1,protein_coding
ENSG00000019549,1896.7281553398057,923.7339805825244,1.0371630363375206,6.184888761833555e-36,1.621596274380075e-33,Up,SNAI2,protein_coding
ENSG00000020181,2747.8718446601943,1363.5184466019418,1.0104477502391032,2.034219547038289e-48,3.466746012341896e-45,Up,ADGRA2,protein_coding
ENSG00000020577,1462.071844660194,720.1883495145631,1.0205526193083168,1.066291787076733e-32,1.9128312592378782e-30,Up,SAMD4A,protein_coding
ENSG00000022267,11500.446601941749,1372.6388349514564,3.065740691068968,6.612438790212674e-05,0.0004073487660616,Up,FHL1,protein_coding
ENSG00000026559,354.0699029126214,172.1864077669903,1.0357773700693038,0.0032176202846024,0.0124939706030318,Up,KCNG1,protein_coding
ENSG00000029534,198.35533980582525,753.2058252427184,-1.9196160444660375,0.0037294820655133,0.0141487855940663,Down,ANK1,protein_coding
ENSG00000035862,29981.974757281558,14536.401941747572,1.044374066795856,2.700489642785206e-60,4.295398825814149e-56,Up,TIMP2,protein_coding
ENSG00000036473,3.124271844660194,0.7669902912621359,1.2228453157180952,5.552574583792007e-09,7.38867133266556e-08,Up,OTC,protein_coding
ENSG00000038295,465.00388349514566,192.5087378640777,1.267943265225317,3.263047437826825e-31,5.105117955351488e-29,Up,TLL1,protein_coding
ENSG00000039537,261.80582524271847,59.66990291262136,2.1149443463786084,7.293448222953719e-14,1.9049193338965823e-12,Up,C6,protein_coding
ENSG00000046889,946.833009708738,391.1126213592233,1.273364825657688,3.941813086337546e-25,3.335025476132181e-23,Up,PREX2,protein_coding
ENSG00000048740,2998.376699029126,1413.1631067961166,1.0847141978143813,5.03307507149567e-27,5.045552022303159e-25,Up,CELF2,protein_coding
ENSG00000049540,10279.388349514564,4303.972815533981,1.2558187318412202,3.520711657047069e-15,1.0902097264826221e-13,Up,ELN,protein_coding
ENSG00000050555,381.2349514563107,182.16893203883492,1.0612848806412545,1.1443703719205064e-08,1.449616814635061e-07,Up,LAMC3,protein_coding
ENSG00000052850,325.9281553398058,93.14757281553398,1.7959778217859033,7.550063995516011e-11,1.3158289033529326e-09,Up,ALX4,protein_coding
ENSG00000053328,35.43689320388349,17.155339805825243,1.0050060201119768,4.8734748942553934e-30,6.779955539477518e-28,Up,METTL24,protein_coding
ENSG00000053438,219.93980582524276,81.9378640776699,1.413550567901777,3.040115105429909e-05,0.0002034902687626,Up,NNAT,protein_coding
ENSG00000056487,71.05825242718447,147.79223300970872,-1.0460636506443115,0.0023449002424626,0.0094994439060897,Down,PHF21B,protein_coding
ENSG00000056998,2443.84854368932,681.4407766990291,1.840969337004916,4.2310508404675135e-10,6.725425849614551e-09,Up,GYG2,protein_coding
ENSG00000060718,17476.015533980582,8415.757281553399,1.0541224244716965,5.060605069136113e-14,1.3574027694718213e-12,Up,COL11A1,protein_coding
ENSG00000062282,3516.809708737864,1268.9417475728155,1.469915122373687,2.4340581963130027e-08,2.940465544599085e-07,Up,DGAT2,protein_coding
ENSG00000063015,31.76504854368932,227.5126213592233,-2.802044277069348,0.0079028977136344,0.0268616335279725,Down,SEZ6,protein_coding
ENSG00000064205,2885.285436893204,945.7009708737864,1.60823327428946,1.369720585645324e-23,9.91810726947247e-22,Up,CCN5,protein_coding
ENSG00000064300,1367.411650485437,650.5009708737864,1.0706630583682712,2.761516320767937e-14,7.656829505775969e-13,Up,NGFR,protein_coding
ENSG00000065325,42.53398058252427,10.836893203883497,1.878851470199467,6.470494667982802e-05,0.0003998951749343,Up,GLP2R,protein_coding
ENSG00000065371,297.77669902912623,128.26796116504855,1.2087028896958498,2.2152796020894373e-05,0.0001532676700775,Up,ROPN1,protein_coding
ENSG00000065534,11831.217475728155,4624.860194174757,1.3549269048198551,6.566875882762775e-26,5.9562956379212624e-24,Up,MYLK,protein_coding
ENSG00000065618,4729.380582524272,1550.9300970873787,1.6078926838858325,8.465364124830413e-16,2.828783230452784e-14,Up,COL17A1,protein_coding
ENSG00000069431,1175.7980582524272,453.5300970873786,1.3724190392791185,6.0586125509721604e-27,5.998026425462439e-25,Up,ABCC9,protein_coding
ENSG00000070193,1304.4466019417475,2905.085436893204,-1.1545336710444771,0.0015019361472977,0.0064706924049075,Down,FGF10,protein_coding
ENSG00000070748,2.899029126213592,0.6019417475728155,1.283293244817594,0.0164202794837011,0.049638447665711,Up,CHAT,protein_coding
ENSG00000072163,1780.1961165048544,794.1883495145631,1.1634778465123687,1.3905746009724504e-41,7.291806462549824e-39,Up,LIMS2,protein_coding
ENSG00000072657,69.40194174757282,16.351456310679612,2.0205584666860896,4.0795792576088723e-08,4.752669995473149e-07,Up,TRHDE,protein_coding
ENSG00000073282,1690.4233009708737,618.0834951456311,1.4500318559299967,8.096618239773175e-19,3.70781601886273e-17,Up,TP63,protein_coding
ENSG00000073712,4667.932038834952,2226.26213592233,1.0678212237915097,2.917468980390085e-35,7.06679110691645e-33,Up,FERMT2,protein_coding
ENSG00000073756,786.3009708737864,258.50485436893206,1.6011537310256356,0.0010350501967028,0.0046766902079602,Up,PTGS2,protein_coding
ENSG00000075213,282.74174757281554,137.62718446601943,1.033368238918802,5.40487545101842e-21,3.099877966005973e-19,Up,SEMA3A,protein_coding
ENSG00000076555,4034.444660194175,1532.264077669903,1.3961214537297033,1.8554662550759008e-10,3.081766054984749e-09,Up,ACACB,protein_coding
ENSG00000077264,326.378640776699,116.35728155339804,1.480052840733708,1.451577299489617e-17,5.847030882382917e-16,Up,PAK3,protein_coding
ENSG00000077616,125.43106796116506,53.716504854368935,1.20830303842204,8.90361433366963e-15,2.6081195136528386e-13,Up,NAALAD2,protein_coding
ENSG00000078401,1214.9533980582523,481.8233009708738,1.3325207308229825,2.5851098477445956e-17,1.0127772718774759e-15,Up,EDN1,protein_coding
ENSG00000078549,254.852427184466,95.12038834951456,1.4123975373397175,3.764535596377733e-14,1.025320260205209e-12,Up,ADCYAP1R1,protein_coding
ENSG00000078596,2201.3980582524277,973.3980582524272,1.176492079686663,2.380597330416477e-16,8.439624324874701e-15,Up,ITM2A,protein_coding
ENSG00000079102,585.5009708737864,259.2990291262136,1.1719635657140484,4.442599948422317e-36,1.204499911016001e-33,Up,RUNX1T1,protein_coding
ENSG00000079308,18071.63495145631,6638.328155339806,1.4446976980240378,2.5470787957866866e-21,1.5060905325569905e-19,Up,TNS1,protein_coding
ENSG00000079435,3522.2368932038835,750.3883495145631,2.2292708292454244,3.305289706591426e-10,5.317660627752181e-09,Up,LIPE,protein_coding
ENSG00000080166,57.60776699029126,14.957281553398058,1.876876972168965,0.0005709931824054,0.0027623853399879,Up,DCT,protein_coding
ENSG00000080200,1343.9456310679611,629.4718446601942,1.0930440036931448,8.409457994663681e-23,5.5966878185406055e-21,Up,CRYBG3,protein_coding
ENSG00000080293,14.036893203883496,4.877669902912621,1.3551902774470812,1.2550187170415728e-13,3.1804027158677508e-12,Up,SCTR,protein_coding
ENSG00000081041,394.2757281553398,100.8504854368932,1.956406512960161,6.087634739328531e-14,1.6066911199738878e-12,Up,CXCL2,protein_coding
ENSG00000081138,78.8621359223301,173.18446601941747,-1.125032405741078,0.0029567463169464,0.0116190414849748,Down,CDH7,protein_coding
ENSG00000081277,3694.15145631068,1794.6407766990292,1.0411347350579787,3.19281041701905e-05,0.0002126074902027,Up,PKP1,protein_coding
ENSG00000083067,24.823300970873788,11.027184466019415,1.102374480211758,7.537726978028681e-05,0.0004576730575614,Up,TRPM3,protein_coding
ENSG00000083782,325.7242718446602,147.43106796116504,1.138280541708593,3.073580221853596e-07,3.053614429032061e-06,Up,EPYC,protein_coding
ENSG00000084674,174.8233009708738,11.316504854368931,3.835461461224908,0.0120243542149364,0.0382982212848041,Up,APOB,protein_coding
ENSG00000085563,465.3669902912621,218.1572815533981,1.0894990638652855,4.128327887785503e-24,3.1772633478154913e-22,Up,ABCB1,protein_coding
ENSG00000086570,1294.0679611650485,406.5786407766991,1.6678774541414707,1.5183112645515012e-19,7.562711578483145e-18,Up,FAT2,protein_coding
ENSG00000086696,224.13203883495143,103.34174757281554,1.1094548814926233,3.213261892483245e-05,0.0002138798032996,Up,HSD17B2,protein_coding
ENSG00000087116,7417.240776699029,3684.687378640777,1.0091433884756518,1.0147536350548303e-39,4.21060990935186e-37,Up,ADAMTS2,protein_coding
ENSG00000087245,37781.95533980583,16342.621359223302,1.2090078661656831,4.466135877151794e-54,1.9374097435084485e-50,Up,MMP2,protein_coding
ENSG00000088386,267.3242718446602,78.43495145631069,1.7561317231561162,0.0020481697294363,0.0084355742403975,Up,SLC15A1,protein_coding
ENSG00000088756,662.7203883495146,286.4485436893204,1.2072718704301035,1.262223534997992e-40,5.791421407984056e-38,Up,ARHGAP28,protein_coding
ENSG00000088882,2924.664077669903,1358.254368932039,1.1059486646623835,7.735832500620939e-18,3.190479302200777e-16,Up,CPXM1,protein_coding
ENSG00000090512,4.062135922330097,1.5223300970873783,1.0049891520876757,6.710750288516216e-07,6.27643242390076e-06,Up,FETUB,protein_coding
ENSG00000090659,318.8407766990291,105.4640776699029,1.5869871516781069,3.090595593239368e-15,9.601369825403396e-14,Up,CD209,protein_coding
ENSG00000091128,36.70097087378641,9.627184466019418,1.8268422519436456,0.0087885171365868,0.0293822126791534,Up,LAMB4,protein_coding
ENSG00000091704,24.943689320388348,3.685436893203884,2.469128169260222,1.4741905253076848e-08,1.8390960388661985e-07,Up,CPA1,protein_coding
ENSG00000091986,23128.6427184466,7178.615533980583,1.687764485572317,3.51497304293413e-47,4.533175234127861e-44,Up,CCDC80,protein_coding
ENSG00000092009,75.01941747572816,18.675728155339804,1.949950942422886,3.892031394300851e-15,1.1951090995704506e-13,Up,CMA1,protein_coding
ENSG00000092295,150.77281553398058,71.47572815533981,1.0663435805655035,1.2396349110392107e-06,1.1011336315146884e-05,Up,TGM1,protein_coding
ENSG00000092607,686.3029126213593,286.7747572815534,1.2560060243176576,1.692433842495297e-20,9.25080848753615e-19,Up,TBX15,protein_coding
ENSG00000094963,2458.2019417475726,806.652427184466,1.6063837407105828,2.472245224478317e-13,6.071569615113551e-12,Up,FMO2,protein_coding
ENSG00000095637,7818.182524271845,2424.2893203883496,1.6888609241107662,1.4380306217143552e-13,3.6230171703783323e-12,Up,SORBS1,protein_coding
ENSG00000099139,939.526213592233,418.8174757281553,1.1637059310490934,2.6139952971119303e-41,1.2859239957483204e-38,Up,PCSK5,protein_coding
ENSG00000099260,2885.500970873786,1236.9087378640777,1.2214167516851069,5.812674249158861e-17,2.2083534221446058e-15,Up,PALMD,protein_coding
ENSG00000100095,233.99417475728157,982.9766990291262,-2.0659991579227777,0.0003856535654828,0.0019556447223921,Down,SEZ6L,protein_coding
ENSG00000100146,3037.81359223301,1513.4368932038835,1.0047267172825796,3.180381159685145e-06,2.6026655492686637e-05,Up,SOX10,protein_coding
ENSG00000100448,202.3514563106796,76.04271844660194,1.400244808183465,1.6112664205277438e-17,6.439397910782484e-16,Up,CTSG,protein_coding
ENSG00000101049,139.58252427184465,62.35728155339806,1.1498349243178152,5.475484318118656e-08,6.231317927307083e-07,Up,SGK2,protein_coding
ENSG00000101134,307.9611650485437,145.9883495145631,1.0717236998783473,2.7870301414169453e-08,3.335628399501725e-07,Up,DOK5,protein_coding
ENSG00000101230,1135.219417475728,467.5844660194175,1.2778604297911365,7.570991417860442e-28,8.135766192065327e-26,Up,ISM1,protein_coding
ENSG00000101251,10.85242718446602,2.425242718446602,1.79090440127701,2.9850235440635992e-05,0.000200153393329,Up,SEL1L2,protein_coding
ENSG00000101280,57.46796116504854,15.819417475728155,1.7975185438983188,4.2804928281401706e-14,1.1546441875251141e-12,Up,ANGPT4,protein_coding
ENSG00000101349,61.633009708737866,19.510679611650485,1.610547910915629,5.856060090005903e-15,1.7619134639022806e-13,Up,PAK5,protein_coding
ENSG00000101542,28.34757281553398,11.215533980582524,1.2645242606376483,1.1102265877819344e-05,8.20343640690281e-05,Up,CDH20,protein_coding
ENSG00000101825,30309.27572815534,15102.656310679611,1.0049091350448704,6.814479745095211e-38,2.273939471863309e-35,Up,MXRA5,protein_coding
ENSG00000101938,3705.159223300971,465.61747572815534,2.989612618314077,1.146952027952303e-15,3.7693014373159766e-14,Up,CHRDL1,protein_coding
ENSG00000101955,1831.5029126213592,612.1281553398059,1.5795549304115717,1.6340993852761228e-35,4.16983713725166e-33,Up,SRPX,protein_coding
ENSG00000102003,286.873786407767,582.9786407766991,-1.0204791789460237,0.0009955465686785,0.0045199688158361,Down,SYP,protein_coding
ENSG00000102010,148.87184466019417,50.38058252427184,1.544434228142218,1.729431566452594e-24,1.3731283775039083e-22,Up,BMX,protein_coding
ENSG00000102243,943.2233009708738,383.18834951456313,1.297314315297548,0.0004853875625116,0.0023927400524721,Up,VGLL1,protein_coding
ENSG00000102271,82.55728155339806,33.84854368932039,1.261667189091554,2.6615401635591493e-24,2.0888712750775573e-22,Up,KLHL4,protein_coding
ENSG00000102452,332.2854368932039,157.45436893203885,1.0726908408886662,5.20894595696939e-14,1.3932762509790657e-12,Up,NALCN,protein_coding
ENSG00000102468,59.22912621359223,18.924271844660197,1.5959343286422274,9.62893849368893e-14,2.4729477235836828e-12,Up,HTR2A,protein_coding
ENSG00000102802,1007.5553398058252,301.5533980582524,1.7370285541650228,5.333787249472716e-19,2.5174842727036502e-17,Up,MEDAG,protein_coding
ENSG00000103044,788.2776699029126,283.378640776699,1.472719822825131,7.061063672859218e-11,1.23693038304514e-09,Up,HAS3,protein_coding
ENSG00000103196,6879.108737864078,3375.7281553398057,1.0268053270695492,9.068869321053831e-37,2.7216874607675897e-34,Up,CRISPLD2,protein_coding
ENSG00000103546,61.320388349514566,28.019417475728154,1.1026856639745644,0.0021906709998033,0.0089437404832832,Up,SLC6A2,protein_coding
ENSG00000103647,368.96893203883496,147.9650485436893,1.3124302532960024,1.5929875460846778e-34,3.3934901662530647e-32,Up,CORO2B,protein_coding
ENSG00000104112,58.16116504854369,256.15533980582524,-2.119917742901408,0.0091041863609361,0.0302762258534497,Down,SCG3,protein_coding
ENSG00000104213,2247.5669902912623,992.0077669902912,1.179128958837617,5.429514487875544e-43,3.4544742977659366e-40,Up,PDGFRL,protein_coding
ENSG00000104332,20653.23883495145,7475.996116504854,1.465907205095064,1.2944799211421515e-11,2.524315197264453e-10,Up,SFRP1,protein_coding
ENSG00000104888,101.20970873786408,34.26407766990291,1.5352610303893586,1.5320490141881545e-18,6.838757236579079e-17,Up,SLC17A7,protein_coding
ENSG00000104921,107.09514563106796,41.85631067961165,1.3347221706539203,0.004184538938213,0.0156083662200928,Up,FCER2,protein_coding
ENSG00000105278,25.594174757281557,56.071844660194174,-1.1016689247102025,0.0027336999778052,0.0108506650757701,Down,ZFR2,protein_coding
ENSG00000105509,123.7009708737864,33.46796116504854,1.855144828854023,6.505476220494459e-08,7.290472388199968e-07,Up,HAS1,protein_coding
ENSG00000105609,409.1456310679612,143.84271844660194,1.5016491016775937,3.200244334604601e-12,6.790096005276228e-11,Up,LILRB5,protein_coding
ENSG00000105894,3812.50291262136,1023.5029126213592,1.8961927157586107,4.68639300575807e-05,0.0003005716417322,Up,PTN,protein_coding
ENSG00000105971,3446.4233009708737,1142.7242718446605,1.5917791644623005,5.634200237040452e-25,4.6757002941060224e-23,Up,CAV2,protein_coding
ENSG00000105974,10866.864077669905,2983.361165048544,1.8645743821760123,2.276232570329315e-21,1.3543299973936938e-19,Up,CAV1,protein_coding
ENSG00000106004,318.04466019417475,157.43495145631067,1.0098677525538282,3.185552181190589e-11,5.891789883025292e-10,Up,HOXA5,protein_coding
ENSG00000106034,1296.3728155339809,520.6485436893204,1.3144430792009032,1.3480826367730552e-13,3.405389479170813e-12,Up,CPED1,protein_coding
ENSG00000106178,38.03883495145631,8.49126213592233,2.0402381458689933,1.2034055646062273e-06,1.0719452442016044e-05,Up,CCL24,protein_coding
ENSG00000106483,10400.959223300972,3903.978640776699,1.4134687252192693,2.085280493735873e-33,4.012315104842274e-31,Up,SFRP4,protein_coding
ENSG00000106511,511.0912621359223,193.64271844660195,1.3955725677472663,7.040184727313127e-19,3.252115535507529e-17,Up,MEOX2,protein_coding
ENSG00000106538,3747.7009708737855,1802.1436893203884,1.0558763811019285,9.390356735995126e-28,9.869802703264655e-26,Up,RARRES2,protein_coding
ENSG00000106714,129.25436893203883,47.26796116504855,1.4321939696727444,5.3701416335746395e-18,2.2517787211855413e-16,Up,CNTNAP3,protein_coding
ENSG00000106809,2680.3864077669905,1205.442718446602,1.1522197189765602,3.407265655257896e-05,0.0002258338268018,Up,OGN,protein_coding
ENSG00000106819,10143.91067961165,4102.617475728155,1.3057880034607832,2.581682680391444e-21,1.524662551273749e-19,Up,ASPN,protein_coding
ENSG00000106823,2631.574757281553,835.6601941747573,1.6537607974181834,1.6615673752422746e-28,1.9433007846032076e-26,Up,ECM2,protein_coding
ENSG00000107014,89.03883495145631,213.6601941747573,-1.2534353933290627,0.0040086248119726,0.0150415631656611,Down,RLN2,protein_coding
ENSG00000107317,68.72038834951456,29.52621359223301,1.1915319536783917,0.000390753228106,0.0019783514629989,Up,PTGDS,protein_coding
ENSG00000107518,375.4932038834952,842.9048543689321,-1.164456529269978,0.0005250150477336,0.0025668717262044,Down,ATRNL1,protein_coding
ENSG00000107562,12226.97281553398,4753.895145631068,1.3626998176176777,2.8833022874174814e-46,2.990987359804074e-43,Up,CXCL12,protein_coding
ENSG00000107796,12020.726213592234,5907.650485436893,1.024743502405977,9.202502361352528e-34,1.8220954675478004e-31,Up,ACTA2,protein_coding
ENSG00000107954,518.6233009708737,1270.2893203883496,-1.290754365917223,2.1884502370970117e-11,4.1555299806524145e-10,Down,NEURL1,protein_coding
ENSG00000108001,412.5009708737864,141.72038834951456,1.534699270732471,4.214298345958085e-25,3.552966227428055e-23,Up,EBF3,protein_coding
ENSG00000108309,123.53203883495144,336.4970873786408,-1.4383580939367986,0.0007555098279912,0.0035386158197966,Down,RUNDC3A,protein_coding
ENSG00000108342,38.900970873786406,6.153398058252427,2.479723221518644,0.0002473441377172,0.0013140467115999,Up,CSF3,protein_coding
ENSG00000108381,185.53203883495144,53.49126213592233,1.775326637412314,2.4851252589853684e-16,8.784089415426949e-15,Up,ASPA,protein_coding
ENSG00000108684,43.0990291262136,87.77475728155339,-1.009402616689251,0.0036724162963776,0.0139633753649838,Down,ASIC2,protein_coding
ENSG00000108924,976.87572815534,415.1029126213592,1.2327107471887857,3.292654943545783e-13,7.975579116554198e-12,Up,HLF,protein_coding
ENSG00000109610,1821.978640776699,790.7553398058252,1.2031710605939758,1.812147289420896e-15,5.787954776210596e-14,Up,SOD3,protein_coding
ENSG00000109846,9985.044660194177,2560.803883495146,1.9627533230559149,1.7521334029337346e-14,4.976684626261426e-13,Up,CRYAB,protein_coding
ENSG00000109906,1828.450485436893,685.3941747572816,1.414301155043752,6.817400362376912e-11,1.1973231891494347e-09,Up,ZBTB16,protein_coding
ENSG00000110195,872.5805825242718,418.25436893203886,1.0591149713828656,0.0001587164543113,0.0008872577046426,Up,FOLR1,protein_coding
ENSG00000110799,16841.576699029127,7924.908737864078,1.087464608459609,9.177532955793981e-31,1.3771494263665948e-28,Up,VWF,protein_coding
ENSG00000110900,417.1456310679612,204.92233009708735,1.0219052058041895,7.686524423698178e-20,3.952430737608078e-18,Up,TSPAN11,protein_coding
ENSG00000111218,9.289320388349514,30.91456310679612,-1.6330672031243203,0.0027675031316556,0.0109720600229599,Down,PRMT8,protein_coding
ENSG00000111262,65.0368932038835,24.642718446601943,1.364723034628149,2.5209748995413125e-07,2.5421783655180125e-06,Up,KCNA1,protein_coding
ENSG00000111404,183.29126213592232,58.40194174757281,1.6334056734657598,2.294297073664885e-10,3.7738458380262315e-09,Up,RERGL,protein_coding
ENSG00000111452,365.8252427184466,145.0990291262136,1.3281463289768074,7.225700242345131e-15,2.1415898395293482e-13,Up,ADGRD1,protein_coding
ENSG00000111863,196.33009708737865,88.27766990291262,1.144239735651728,5.392436397792228e-07,5.121741242632356e-06,Up,ADTRP,protein_coding
ENSG00000112182,500.00582524271846,213.85631067961165,1.2214552258353355,3.562299152667888e-35,8.457004525721704e-33,Up,BACH2,protein_coding
ENSG00000112214,183.52233009708735,71.91456310679612,1.3395165200139247,6.753645048320327e-19,3.1258044075242423e-17,Up,FHL5,protein_coding
ENSG00000112769,8874.149514563107,4407.157281553398,1.0095957242707998,6.556492171895423e-41,3.160229226853594e-38,Up,LAMA4,protein_coding
ENSG00000112837,600.7592233009709,245.73203883495145,1.286241283657708,1.0705224139464412e-28,1.2802804147542927e-26,Up,TBX18,protein_coding
ENSG00000112936,2372.097087378641,721.0291262135922,1.7166421839760229,1.6939099635757336e-21,1.0244612882370958e-19,Up,C7,protein_coding
ENSG00000113083,4470.194174757282,2125.4990291262134,1.072180004228918,5.600245519501296e-40,2.364889519465158e-37,Up,LOX,protein_coding
ENSG00000113296,3377.2582524271843,1410.4873786407768,1.2590633913766354,2.9667312769967253e-13,7.226466721578853e-12,Up,THBS4,protein_coding
ENSG00000113319,1119.0699029126213,516.1067961165048,1.115054602061921,1.8219966940992894e-39,7.367969343138128e-37,Up,RASGRF2,protein_coding
ENSG00000113389,1699.4349514563107,558.8970873786408,1.6026702379672335,4.668903253644137e-13,1.105661168523032e-11,Up,NPR3,protein_coding
ENSG00000113396,316.3572815533981,148.57864077669902,1.0852037657543208,2.2055229847980643e-08,2.684089410573681e-07,Up,SLC27A6,protein_coding
ENSG00000113578,1386.2679611650483,621.3961165048544,1.156341518255063,5.974413923734147e-33,1.096488783125946e-30,Up,FGF1,protein_coding
ENSG00000114547,441.5184466019418,191.75533980582523,1.198966768949839,4.3037718099728005e-05,0.0002787666393759,Up,ROPN1B,protein_coding
ENSG00000114698,1973.5728155339805,901.3883495145632,1.129720223734241,5.588068748802853e-35,1.2637510168501168e-32,Up,PLSCR4,protein_coding
ENSG00000114771,62.355339805825245,12.798058252427184,2.199000963414694,7.259780189761012e-05,0.000442825247469,Up,AADAC,protein_coding
ENSG00000115226,580.7922330097088,275.15145631067963,1.0750443008122943,3.447798808059468e-34,7.030857415512039e-32,Up,FNDC4,protein_coding
ENSG00000115252,366.695145631068,182.80388349514564,1.0003428810906574,1.0489727404682468e-35,2.705669255657503e-33,Up,PDE1A,protein_coding
ENSG00000115353,349.2349514563107,123.99223300970874,1.4864846148008035,3.5347890347261314e-18,1.5100542807436124e-16,Up,TACR1,protein_coding
ENSG00000115361,150.29126213592232,58.88543689320388,1.3370515545600798,2.1607730769261995e-06,1.8300988584445222e-05,Up,ACADL,protein_coding
ENSG00000115593,337.3378640776699,44.033009708737865,2.909409834883581,0.0088504276970154,0.0295538634601948,Up,SMYD1,protein_coding
ENSG00000115602,120.06990291262136,47.78834951456311,1.3112316826757742,0.0149569664393054,0.0459543187528671,Up,IL1RL1,protein_coding
ENSG00000116014,50.78834951456311,105.70679611650483,-1.0429525779226745,8.630824360943084e-07,7.907943103983911e-06,Down,KISS1R,protein_coding
ENSG00000116132,9189.8213592233,4450.066019417476,1.046042897695904,7.213995883233662e-48,1.0757420486129498e-44,Up,PRRX1,protein_coding
ENSG00000116183,98.47961165048544,34.56699029126214,1.483861978065528,0.0124103522798536,0.0393120811265305,Up,PAPPA2,protein_coding
ENSG00000116194,449.4019417475728,105.273786407767,2.0834272628650528,5.267836950930938e-21,3.0285619713797894e-19,Up,ANGPTL1,protein_coding
ENSG00000116678,1518.464077669903,455.25436893203886,1.7356522890632031,3.509389748907655e-21,2.057261179832623e-19,Up,LEPR,protein_coding
ENSG00000116690,921.3067961165048,222.73592233009708,2.0434498190076438,0.0010641010568413,0.0047898098509909,Up,PRG4,protein_coding
ENSG00000116741,3456.481553398058,1506.2679611650483,1.1977856330586727,1.3571852077578666e-11,2.6353642229591726e-10,Up,RGS2,protein_coding
ENSG00000116745,10.700970873786408,1.984466019417476,1.971083507903692,5.319134762666088e-10,8.330110686081404e-09,Up,RPE65,protein_coding
ENSG00000117594,324.3592233009709,122.13592233009707,1.4017817525774543,9.060268700453304e-10,1.3638419616663432e-08,Up,HSD11B1,protein_coding
ENSG00000117707,297.27961165048544,127.92038834951455,1.2101849289237172,5.708842128710604e-10,8.87632872915649e-09,Up,PROX1,protein_coding
ENSG00000118113,37.14368932038835,14.732038834951457,1.277738737508873,2.3421603222652264e-05,0.0001611581921526,Up,MMP8,protein_coding
ENSG00000118160,60.08932038834951,165.14563106796118,-1.4434562609066386,0.0003250176888147,0.0016763071849182,Down,SLC8A2,protein_coding
ENSG00000118495,1292.5300970873786,561.1106796116505,1.2023874919507942,6.808069181006171e-26,6.152792522334327e-24,Up,PLAGL1,protein_coding
ENSG00000118523,31203.75922330097,13708.291262135925,1.1866120907333295,1.0835562043920311e-26,1.0530577385168827e-24,Up,CCN2,protein_coding
ENSG00000118596,887.5398058252428,279.24466019417474,1.6647495251513416,2.4234064235491504e-14,6.762579398767155e-13,Up,SLC16A7,protein_coding
ENSG00000118729,238.5145631067961,80.01747572815535,1.5638083376260634,0.0004505021421316,0.0022406776337542,Up,CASQ2,protein_coding
ENSG00000119121,103.26019417475727,37.1126213592233,1.4518477077092975,9.996157823662171e-11,1.719526528585117e-09,Up,TRPM6,protein_coding
ENSG00000119147,499.8970873786408,199.04271844660195,1.3242061070717877,9.265427876401006e-05,0.0005490223362797,Up,ECRG4,protein_coding
ENSG00000119508,771.6815533980582,273.8368932038835,1.491298276395177,6.738711567162225e-12,1.3683312279227534e-10,Up,NR4A3,protein_coding
ENSG00000119614,7.8174757281553395,3.283495145631068,1.0415772458329515,0.0033370747587373,0.0128906770288535,Up,VSX2,protein_coding
ENSG00000119771,517.2291262135923,206.27184466019415,1.3220659447762926,6.604421543238184e-21,3.7428715819505897e-19,Up,KLHL29,protein_coding
ENSG00000119865,778.6485436893204,355.0019417475728,1.1309388105834612,2.2011907178846784e-40,1.0003468445335342e-37,Up,CNRIP1,protein_coding
ENSG00000119927,5393.827184466019,1296.5029126213592,2.0558389686577097,7.660600560587205e-08,8.479437196708425e-07,Up,GPAM,protein_coding
ENSG00000120049,814.2058252427184,123.43106796116506,2.7118176179701208,5.639695506153648e-09,7.496239280296374e-08,Up,KCNIP2,protein_coding
ENSG00000120129,14871.163106796115,7094.784466019418,1.0675804042089594,1.9979589661311337e-21,1.1962183932979351e-19,Up,DUSP1,protein_coding
ENSG00000120251,958.7145631067962,2168.483495145631,-1.176674320049261,0.0006095121012737,0.0029257316616618,Down,GRIA2,protein_coding
ENSG00000120279,866.6194174757281,429.0135922330097,1.01268007868172,5.587890154992043e-28,6.129722814158858e-26,Up,MYCT1,protein_coding
ENSG00000120645,135.8252427184466,67.30291262135923,1.0023154104208047,1.636215603831894e-08,2.0279723684065018e-07,Up,IQSEC3,protein_coding
ENSG00000120738,30152.93398058253,9756.656310679611,1.627739659199689,1.8456470874022258e-21,1.1095039272460665e-19,Up,EGR1,protein_coding
ENSG00000120820,1697.083495145631,774.2893203883496,1.131100701228501,2.455227909423909e-56,1.952642756364835e-52,Up,GLT8D2,protein_coding
ENSG00000120907,58.13592233009709,13.916504854368933,1.987125235439973,3.238654284024309e-06,2.6462689233745203e-05,Up,ADRA1A,protein_coding
ENSG00000121898,2797.6932038834952,1367.8233009708738,1.0318171220011323,2.4014551690943e-26,2.2827218677060124e-24,Up,CPXM2,protein_coding
ENSG00000121904,313.40194174757283,149.07961165048545,1.0668821278947096,1.2130316867385618e-12,2.707364173423325e-11,Up,CSMD2,protein_coding
ENSG00000122121,150.74757281553397,32.407766990291265,2.1834179811500456,2.9854906790326946e-15,9.317308320607073e-14,Up,XPNPEP2,protein_coding
ENSG00000122420,357.673786407767,107.04077669902912,1.7310963936589865,1.5198175247018048e-10,2.550919896015502e-09,Up,PTGFR,protein_coding
ENSG00000122591,1721.9669902912622,787.3203883495146,1.1280410691599785,1.614291066589725e-31,2.584924198507668e-29,Up,FAM126A,protein_coding
ENSG00000122592,76.59029126213592,37.46990291262136,1.0121459531141122,8.882341421862041e-05,0.0005288179263486,Up,HOXA7,protein_coding
ENSG00000122707,1547.4407766990291,620.3747572815533,1.317280665487894,1.8615998956790486e-51,4.4415911911006407e-48,Up,RECK,protein_coding
ENSG00000122733,96.1242718446602,44.16504854368932,1.1046251180555673,0.0038434735110332,0.0145177605477308,Up,PHF24,protein_coding
ENSG00000122863,2477.1300970873785,1223.4058252427185,1.0171701144241618,1.5302089011693862e-20,8.412270546774282e-19,Up,CHST3,protein_coding
ENSG00000122870,1834.219417475728,759.0330097087378,1.2718185768569197,7.928444760408683e-64,3.783295270771815e-59,Up,BICC1,protein_coding
ENSG00000122877,2367.6252427184468,825.1766990291262,1.5195276804348838,4.909089025460202e-25,4.102485291014184e-23,Up,EGR2,protein_coding
ENSG00000123243,3731.945631067961,769.2310679611651,2.276951274669916,8.019303265542787e-17,2.9919086256854637e-15,Up,ITIH5,protein_coding
ENSG00000123342,1200.316504854369,513.3223300970874,1.2238716037817352,4.505678372370591e-36,1.2147003422190949e-33,Up,MMP19,protein_coding
ENSG00000123358,6076.502912621359,2812.2077669902915,1.111262574097324,6.5421444728669e-11,1.1532251568387983e-09,Up,NR4A1,protein_coding
ENSG00000123360,480.66601941747575,229.78252427184464,1.061499166462169,3.0449413023661744e-30,4.3386747583091855e-28,Up,PDE1B,protein_coding
ENSG00000123384,36636.68932038835,15673.467961165048,1.224912043442237,6.394142553311568e-55,4.358795633698877e-51,Up,LRP1,protein_coding
ENSG00000123612,583.642718446602,70.18640776699029,3.0378815408463065,6.022559546934958e-09,7.976255799629264e-08,Up,ACVR1C,protein_coding
ENSG00000123689,2219.141747572816,492.2932038834952,2.1701344735598047,2.5772176801688232e-11,4.832207200876066e-10,Up,G0S2,protein_coding
ENSG00000124194,10.32621359223301,25.06990291262136,-1.20271956826197,0.011995063008241,0.0382121915099303,Down,GDAP1L1,protein_coding
ENSG00000124205,277.8407766990291,95.94368932038834,1.5242226589755088,0.0019146903963631,0.0079711390973353,Up,EDN3,protein_coding
ENSG00000124212,2580.285436893204,1030.4252427184465,1.3234504234835978,6.76914416508502e-28,7.357859254431138e-26,Up,PTGIS,protein_coding
ENSG00000124253,591.7864077669902,96.15533980582524,2.6091471720754984,2.83552912644145e-06,2.3409304300265245e-05,Up,PCK1,protein_coding
ENSG00000124343,533.3300970873786,135.31650485436893,1.9707710312473057,1.3037191094577652e-51,3.4561593591725354e-48,Up,XG,protein_coding
ENSG00000124440,170.59417475728156,51.966990291262135,1.6958351386052155,3.628346571606061e-10,5.809981265231477e-09,Up,HIF3A,protein_coding
ENSG00000124491,5369.528155339805,2008.4718446601944,1.4182476110602038,2.658232238424737e-30,3.8206483720828796e-28,Up,F13A1,protein_coding
ENSG00000124743,323.190291262136,103.41553398058252,1.6345045274307142,9.991036969540386e-05,0.0005874227477975,Up,KLHL31,protein_coding
ENSG00000124785,1268.8990291262137,582.6174757281553,1.1216188027144385,1.2796709050067646e-20,7.0757052427708925e-19,Up,NRN1,protein_coding
ENSG00000125355,279.7126213592233,121.27766990291262,1.1989329656373016,4.475957090149472e-26,4.1392193881347385e-24,Up,TMEM255A,protein_coding
ENSG00000125740,9633.83495145631,2374.4699029126214,2.02004702480547,4.295531895517901e-11,7.781859946481516e-10,Up,FOSB,protein_coding
ENSG00000125845,227.47184466019417,102.71067961165048,1.1394519247796275,2.703346033016148e-12,5.7846756055365254e-11,Up,BMP2,protein_coding
ENSG00000126218,199.5864077669903,70.77281553398058,1.4827144270882129,1.1372481427158174e-19,5.748644795986588e-18,Up,F10,protein_coding
ENSG00000126233,52.40970873786408,19.4,1.3885328645256032,0.0001756057806228,0.0009693449066534,Up,SLURP1,protein_coding
ENSG00000126467,17.345631067961165,8.135922330097088,1.005814241781258,2.028265462611857e-05,0.0001414775198726,Up,TSKS,protein_coding
ENSG00000126785,1225.240776699029,594.7728155339806,1.0414080835052386,4.48231239716976e-45,4.035603452229181e-42,Up,RHOJ,protein_coding
ENSG00000126895,113.99029126213593,42.82135922330097,1.3918059194793448,4.3897888059306265e-18,1.8553759277360284e-16,Up,AVPR2,protein_coding
ENSG00000127083,1218.7165048543688,455.4271844660194,1.4180892402060217,7.786487174425753e-28,8.330842936978656e-26,Up,OMD,protein_coding
ENSG00000127241,116.72038834951456,19.646601941747573,2.5113879420122296,4.717243945977264e-12,9.778342598355476e-11,Up,MASP1,protein_coding
ENSG00000127329,2178.695145631068,1086.5844660194175,1.002998921729066,8.280152507996641e-27,8.113189268513013e-25,Up,PTPRB,protein_coding
ENSG00000127588,29.75145631067961,62.41747572815534,-1.0442257190572728,0.0002432085303236,0.0012943815134936,Down,GNG13,protein_coding
ENSG00000127743,108.33203883495146,34.064077669902915,1.6406505478379847,6.567377950893741e-05,0.0004050434807557,Up,IL17B,protein_coding
ENSG00000127920,2381.1631067961166,1098.5495145631069,1.1153596253280913,1.0754900366927987e-26,1.0473517055287135e-24,Up,GNG11,protein_coding
ENSG00000128016,15222.4213592233,6748.596116504855,1.1734195494429598,2.946069202091156e-17,1.1475961647786597e-15,Up,ZFP36,protein_coding
ENSG00000128422,15908.2213592233,6891.314563106796,1.2068027756243696,8.270374256036354e-08,9.101607904740376e-07,Up,KRT17,protein_coding
ENSG00000128564,64.39417475728155,130.7766990291262,-1.0108612603686624,0.0091209127081874,0.0303212841444396,Down,VGF,protein_coding
ENSG00000128573,235.30873786407767,112.85242718446602,1.0535079279057826,2.2531252161206662e-14,6.313248917372046e-13,Up,FOXP2,protein_coding
ENSG00000128655,160.72233009708737,76.88155339805826,1.0541653302923637,3.9128364552770347e-07,3.814356077076804e-06,Up,PDE11A,protein_coding
ENSG00000128918,346.8932038834951,87.59417475728155,1.9733607491401792,9.22842574992245e-16,3.060194718101456e-14,Up,ALDH1A2,protein_coding
ENSG00000129048,165.7242718446602,56.53592233009709,1.5349292647102857,1.384507979357478e-34,2.989409581854305e-32,Up,ACKR4,protein_coding
ENSG00000129151,664.5864077669903,279.3203883495146,1.2475492931392254,4.018239013911145e-09,5.4518717448340064e-08,Up,BBOX1,protein_coding
ENSG00000129159,54.9495145631068,196.7980582524272,-1.821830744432684,0.001382317773554,0.0060222258302245,Down,KCNC1,protein_coding
ENSG00000129451,759.4330097087378,241.26796116504852,1.6502175318794896,8.10141335606479e-06,6.140140446707427e-05,Up,KLK10,protein_coding
ENSG00000129455,109.4116504854369,16.355339805825242,2.669440893794176,6.199462263404172e-10,9.595392159750902e-09,Up,KLK8,protein_coding
ENSG00000129596,613.8077669902913,179.77864077669904,1.7659111594083752,9.662241515568167e-14,2.480165899084894e-12,Up,CDO1,protein_coding
ENSG00000129680,867.7223300970874,388.78058252427184,1.1562328993224769,1.477150943886428e-32,2.6301003261333052e-30,Up,MAP7D3,protein_coding
ENSG00000130032,151.8252427184466,35.80582524271845,2.0538768341933205,7.833999412420965e-20,4.0195998275473515e-18,Up,PRRG3,protein_coding
ENSG00000130173,32.337864077669906,8.466019417475728,1.8163318887457895,0.0001652975960546,0.0009203816439363,Up,ANGPTL8,protein_coding
ENSG00000130176,2862.970873786408,874.9106796116505,1.709161156048264,1.524840233436438e-17,6.12477493763636e-16,Up,CNN1,protein_coding
ENSG00000130224,188.59223300970876,90.73398058252428,1.0473717142176149,1.0710834414853391e-38,3.962012376806001e-36,Up,LRCH2,protein_coding
ENSG00000130226,66.94757281553397,21.316504854368933,1.6063109225960908,0.0002608496262843,0.0013782956900277,Up,DPP6,protein_coding
ENSG00000130477,155.91844660194175,394.75922330097086,-1.3346080144575272,0.0029681666998501,0.011657429443635,Down,UNC13A,protein_coding
ENSG00000130876,176.96699029126214,27.961165048543688,2.6194181263794127,4.5036360178172034e-11,8.140322102204594e-10,Up,SLC7A10,protein_coding
ENSG00000131016,3937.1631067961166,1389.5941747572815,1.5018214133784047,6.268148238699355e-24,4.680805910082249e-22,Up,AKAP12,protein_coding
ENSG00000131095,123.04466019417475,51.345631067961165,1.2447185968307035,4.5873321741997146e-08,5.302769299623593e-07,Up,GFAP,protein_coding
ENSG00000131386,1537.12427184466,370.3145631067961,2.0504582652091066,5.031765082079438e-24,3.8051626970945576e-22,Up,GALNT15,protein_coding
ENSG00000131471,5582.708737864078,1307.2485436893205,2.09358703545156,2.1708083455526102e-14,6.104103278319356e-13,Up,AOC3,protein_coding
ENSG00000132170,1183.8407766990292,447.1514563106796,1.4026349074919373,2.4031863566313425e-11,4.532618441333376e-10,Up,PPARG,protein_coding
ENSG00000132205,1458.378640776699,716.5631067961165,1.0241766222613955,5.95456217723655e-29,7.285635845471123e-27,Up,EMILIN2,protein_coding
ENSG00000132329,777.9106796116505,1575.347572815534,-1.0170558692619531,8.19335143342215e-09,1.0612658623779538e-07,Down,RAMP1,protein_coding
ENSG00000132357,793.464077669903,381.0233009708738,1.0563213523477744,5.088294852571576e-42,2.8905149258929813e-39,Up,CARD6,protein_coding
ENSG00000132386,15811.08932038835,6997.947572815534,1.1758181035194462,6.899807536675736e-59,8.231125400877319e-55,Up,SERPINF1,protein_coding
ENSG00000132465,13870.6,6886.159223300971,1.0101532668704785,1.7370925350234482e-09,2.5042471778322933e-08,Up,JCHAIN,protein_coding
ENSG00000132514,403.1087378640777,186.9087378640777,1.104711392149298,7.930458709080836e-16,2.6556184468766272e-14,Up,CLEC10A,protein_coding
ENSG00000132561,3539.4504854368934,1643.2582524271843,1.106496028815758,1.561469692868765e-17,6.25610502135279e-16,Up,MATN2,protein_coding
ENSG00000132639,142.7495145631068,446.82912621359225,-1.639391278081326,0.0018021261918879,0.007572548223363,Down,SNAP25,protein_coding
ENSG00000132837,146.06019417475727,63.07378640776699,1.1986006414773074,9.331195164382105e-16,3.09212479759712e-14,Up,DMGDH,protein_coding
ENSG00000132840,550.1961165048543,182.88155339805823,1.583788964512561,1.2857228487074037e-15,4.1993239489815124e-14,Up,BHMT2,protein_coding
ENSG00000133116,214.1514563106796,91.34563106796116,1.2202369924983942,5.642387960779884e-17,2.1505069385981986e-15,Up,KL,protein_coding
ENSG00000133169,534.7611650485437,1167.433009708738,-1.124913106297331,0.0040899742180118,0.0152962920083933,Down,BEX1,protein_coding
ENSG00000133317,504.7922330097088,96.44466019417476,2.375889847553098,5.6625845104007725e-08,6.430442828826845e-07,Up,LGALS12,protein_coding
ENSG00000133392,8045.603883495146,2432.361165048544,1.7254295494791465,8.154596578699535e-17,3.040008121424878e-15,Up,MYH11,protein_coding
ENSG00000133401,2678.431067961165,1021.7864077669902,1.3894218079716536,1.8529031845828744e-22,1.2045890212796406e-20,Up,PDZD2,protein_coding
ENSG00000133710,160.95728155339805,67.90873786407766,1.2328544944343025,0.0072283831420739,0.0249006632091744,Up,SPINK5,protein_coding
ENSG00000133800,1064.1223300970871,106.8116504854369,3.304434140521968,1.8194405868469787e-10,3.026143810497181e-09,Up,LYVE1,protein_coding
ENSG00000134121,1009.3417475728156,310.821359223301,1.696051707731498,3.577649160879356e-18,1.522910460828199e-16,Up,CHL1,protein_coding
ENSG00000134160,4.858252427184466,1.5378640776699029,1.206855555351269,0.0004064334301901,0.0020466642488193,Up,TRPM1,protein_coding
ENSG00000134201,1151.4077669902913,146.8757281553398,2.962194111435343,0.010864281400833,0.0351877947386784,Up,GSTM5,protein_coding
ENSG00000134339,712.7126213592232,141.73592233009708,2.3219948220868027,0.0001140191500664,0.0006593269271534,Up,SAA2,protein_coding
ENSG00000134363,1715.452427184466,810.0388349514564,1.0815869706945822,4.128692427986396e-05,0.0002684465802952,Up,FST,protein_coding
ENSG00000134531,17419.135922330097,7699.78640776699,1.1776781936422336,4.959270797644424e-31,7.658462262847788e-29,Up,EMP1,protein_coding
ENSG00000134548,294.5029126213592,50.48155339805825,2.521044859350739,0.0007790624042147,0.0036346597383966,Up,SPX,protein_coding
ENSG00000134757,2381.631067961165,897.5553398058253,1.406876315013675,2.88086784295285e-05,0.0001939478000819,Up,DSG3,protein_coding
ENSG00000134765,47.147572815533984,13.275728155339806,1.7538987373564727,3.5342508366038463e-19,1.703508903243054e-17,Up,DSC1,protein_coding
ENSG00000134853,4265.054368932038,1852.9339805825243,1.2023124824278617,6.173222689705133e-23,4.1783523447851006e-21,Up,PDGFRA,protein_coding
ENSG00000134962,397.46990291262136,73.67572815533981,2.4157594539125564,9.608289234940104e-09,1.2341543626187666e-07,Up,KLB,protein_coding
ENSG00000135046,15797.974757281554,6189.516504854369,1.3516992500170657,1.363045687933973e-28,1.6059707194279834e-26,Up,ANXA1,protein_coding
ENSG00000135144,568.7864077669902,262.0718446601942,1.114964354722801,4.465988481171775e-21,2.589405083165914e-19,Up,DTX1,protein_coding
ENSG00000135218,15403.07572815534,3178.899029126213,2.276259259052141,3.767051890118097e-12,7.922264525899309e-11,Up,CD36,protein_coding
ENSG00000135318,1821.766990291262,784.8330097087379,1.213835473135772,1.851350739775233e-36,5.2899853054248245e-34,Up,NT5E,protein_coding
ENSG00000135424,1963.961165048544,599.0815533980583,1.7112703127582969,8.81346755002805e-15,2.584886567622855e-13,Up,ITGA7,protein_coding
ENSG00000135437,88.33009708737865,23.114563106796115,1.88924165746524,1.3045419661935754e-12,2.9048125778266462e-11,Up,RDH5,protein_coding
ENSG00000135447,1677.0970873786407,548.4097087378641,1.610871876307333,1.3222667734180026e-08,1.658673130756053e-07,Up,PPP1R1A,protein_coding
ENSG00000135903,38.51067961165049,14.155339805825244,1.3824164619973576,1.0871812999309006e-08,1.3823106120464353e-07,Up,PAX3,protein_coding
ENSG00000135914,87.23106796116505,40.80970873786408,1.077448754572529,1.1064510035085188e-28,1.3199407246354875e-26,Up,HTR2B,protein_coding
ENSG00000135917,1175.031067961165,137.1495145631068,3.089623775415088,5.780433459102673e-11,1.0283586703989922e-09,Up,SLC19A3,protein_coding
ENSG00000136010,1664.5300970873786,815.2932038834952,1.0288220733828517,2.5699407869667097e-29,3.2356842868727565e-27,Up,ALDH1L2,protein_coding
ENSG00000136011,88.42718446601941,23.10485436893204,1.8913897411941616,7.572231834649469e-15,2.2373483509956865e-13,Up,STAB2,protein_coding
ENSG00000136014,48.75533980582525,23.29514563106796,1.0341832854673312,2.6555710945068528e-11,4.965460089642554e-10,Up,USP44,protein_coding
ENSG00000136155,134.61941747572814,38.5747572815534,1.7769113456692782,0.0064525907917297,0.0226117887493397,Up,SCEL,protein_coding
ENSG00000136158,1266.1087378640775,562.4,1.1693088668970242,5.385696834603709e-26,4.9232697615635995e-24,Up,SPRY2,protein_coding
ENSG00000136160,1049.4873786407768,520.5145631067961,1.010279383312038,2.6305725386426655e-20,1.4119871810905593e-18,Up,EDNRB,protein_coding
ENSG00000136235,22205.88155339806,10332.355339805825,1.1036980264938594,2.301610053413051e-33,4.358263036855713e-31,Up,GPNMB,protein_coding
ENSG00000136244,282.61553398058254,74.82718446601942,1.9031494925551,3.581669395616987e-10,5.7410178105492575e-09,Up,IL6,protein_coding
ENSG00000136531,248.526213592233,105.94174757281552,1.2223662260002957,1.855029546231286e-08,2.2802241083736354e-07,Up,SCN2A,protein_coding
ENSG00000136546,279.4815533980582,101.8233009708738,1.4477386580800418,9.498009697641947e-21,5.300889201778695e-19,Up,SCN7A,protein_coding
ENSG00000136695,21.60388349514563,9.94368932038835,1.0464714790352363,0.0032876385099534,0.0127264974785398,Up,IL36RN,protein_coding
ENSG00000136826,3339.545631067961,1360.5514563106797,1.294832259522241,3.304585321014135e-17,1.2809764609923028e-15,Up,KLF4,protein_coding
ENSG00000136859,7080.726213592233,2704.6912621359224,1.3881038414744524,7.358015555900229e-50,1.4044391451857883e-46,Up,ANGPTL2,protein_coding
ENSG00000136869,1943.8233009708736,950.3300970873786,1.0316211572200915,1.959022525298713e-35,4.920033519063368e-33,Up,TLR4,protein_coding
ENSG00000136960,3768.516504854369,1311.778640776699,1.521755817642945,6.988198726377447e-21,3.9509818344227384e-19,Up,ENPP2,protein_coding
ENSG00000136999,726.5514563106796,333.6601941747573,1.120352325403276,2.597410292063826e-21,1.5320546887107742e-19,Up,CCN3,protein_coding
ENSG00000137033,1494.6699029126214,434.5436893203884,1.779902457205583,1.2278434858922586e-25,1.0790098611382466e-23,Up,IL33,protein_coding
ENSG00000137077,1388.9980582524272,490.1592233009709,1.5008201712774236,6.706446995913265e-11,1.18044351807816e-09,Up,CCL21,protein_coding
ENSG00000137225,157.08543689320388,63.42718446601942,1.294963016230498,0.0012794289350838,0.0056362435306803,Up,CAPN11,protein_coding
ENSG00000137441,172.4873786407767,38.79417475728155,2.124201545866724,0.0002141926272535,0.0011563348554455,Up,FGFBP2,protein_coding
ENSG00000137463,20.518446601941747,8.29514563106796,1.2110245609838282,8.318272279885275e-17,3.096188117406908e-15,Up,MGARP,protein_coding
ENSG00000137675,25.062135922330096,6.3941747572815535,1.8174942784723316,5.221027814860672e-14,1.3957255197172074e-12,Up,MMP27,protein_coding
ENSG00000137699,5897.403883495145,2113.7553398058253,1.4798338471699088,4.979132271901866e-18,2.0970364850009998e-16,Up,TRIM29,protein_coding
ENSG00000137727,340.6135922330097,98.5728155339806,1.7785415488603658,1.1189749200900037e-26,1.085269212131195e-24,Up,ARHGAP20,protein_coding
ENSG00000137869,43.71067961165048,20.89126213592233,1.0302643401293183,1.6541390278206668e-12,3.640235013810223e-11,Up,CYP19A1,protein_coding
ENSG00000137948,18.646601941747573,41.07378640776699,-1.098641851663782,0.0023093269193753,0.0093712443182882,Down,BRDT,protein_coding
ENSG00000137960,204.67961165048544,78.96504854368932,1.3629573275671214,4.304804675858603e-21,2.5020300794472695e-19,Up,GIPC2,protein_coding
ENSG00000137975,2975.9961165048544,1030.6271844660191,1.5289356443007882,9.15380084995294e-05,0.0005431497997488,Up,CLCA2,protein_coding
ENSG00000138039,11.49514563106796,1.366990291262136,2.4002420224878525,1.4315678574765688e-08,1.7873248305355026e-07,Up,LHCGR,protein_coding
ENSG00000138115,37.66407766990292,96.50873786407767,-1.3345377081041194,0.000664884714133,0.0031606862710699,Down,CYP2C8,protein_coding
ENSG00000138135,238.2601941747573,104.0621359223301,1.187337575004259,9.173935662646193e-24,6.755584289354181e-22,Up,CH25H,protein_coding
ENSG00000138207,1914.516504854369,257.21941747572816,2.891064059636299,1.3541345898693428e-10,2.2881230297232756e-09,Up,RBP4,protein_coding
ENSG00000138615,13745.974757281554,6115.423300970874,1.1683540050829626,3.630516501009893e-22,2.3160559678501343e-20,Up,CILP,protein_coding
ENSG00000138685,958.7708737864076,423.3922330097087,1.1772917790884023,2.4748557487788547e-10,4.0554658866837034e-09,Up,FGF2,protein_coding
ENSG00000138722,963.464077669903,202.10679611650485,2.247488990627194,2.8758075661651507e-16,1.0090278341343283e-14,Up,MMRN1,protein_coding
ENSG00000139144,501.5456310679612,202.1941747572816,1.306395555723127,2.5934968779755764e-10,4.238235754220498e-09,Up,PIK3C2G,protein_coding
ENSG00000139151,10.21359223300971,2.9378640776699028,1.509763294187442,1.5502033208929704e-11,2.9936301928923823e-10,Up,PLCZ1,protein_coding
ENSG00000139209,100.07766990291262,42.63883495145631,1.2117798210799546,3.565187492338721e-09,4.870422705987847e-08,Up,SLC38A4,protein_coding
ENSG00000139304,70.14757281553398,179.30679611650484,-1.341567330332181,0.0133154995566167,0.0416961200541945,Down,PTPRQ,protein_coding
ENSG00000139329,58759.06990291262,26963.91650485437,1.123752545530575,5.0350264002325e-39,1.9068364267166223e-36,Up,LUM,protein_coding
ENSG00000139330,100.83106796116503,44.16116504854369,1.173023175207142,8.123464729907704e-10,1.2301983179363246e-08,Up,KERA,protein_coding
ENSG00000139352,179.08155339805825,584.3009708737864,-1.7005282649921794,0.0001694398773055,0.0009403735828409,Down,ASCL1,protein_coding
ENSG00000140254,145.05825242718447,68.00776699029126,1.0817132191404424,8.303460599753217e-08,9.133806659728536e-07,Up,DUOXA1,protein_coding
ENSG00000140279,76.0873786407767,36.15728155339806,1.0528497127195775,2.2213269414444426e-07,2.260069914538292e-06,Up,DUOX2,protein_coding
ENSG00000140284,784.0252427184466,1971.188349514563,-1.3289863895674106,0.0001578401372042,0.0008832902154463,Down,SLC27A2,protein_coding
ENSG00000140285,976.5961165048544,334.56310679611653,1.5426544454677622,1.50912424733728e-44,1.2205489971939038e-41,Up,FGF7,protein_coding
ENSG00000140459,85.61941747572816,38.70485436893204,1.125375066180179,1.0463219173899728e-22,6.934498507502044e-21,Up,CYP11A1,protein_coding
ENSG00000140522,30.41359223300971,9.636893203883496,1.5623120949291969,0.0154951505309265,0.0472972297725807,Up,RLBP1,protein_coding
ENSG00000140545,16919.766990291264,7766.083495145631,1.1233500849716274,9.203838509285069e-08,1.0047786913430905e-06,Up,MFGE8,protein_coding
ENSG00000141052,75.83300970873786,30.04854368932039,1.3072006667180232,4.801807803438309e-09,6.469019332706641e-08,Up,MYOCD,protein_coding
ENSG00000141338,1364.8718446601945,231.4504854368932,2.554826782747837,1.0833599813276977e-21,6.675462167985e-20,Up,ABCA8,protein_coding
ENSG00000141404,403.72038834951456,194.30679611650484,1.0511833768477783,6.3984723292653615e-22,4.017398718524796e-20,Up,GNAL,protein_coding
ENSG00000141750,4747.565048543689,1678.0388349514562,1.4998560174264686,2.7104632054580767e-06,2.249354491096496e-05,Up,STAC2,protein_coding
ENSG00000142698,17.85631067961165,4.745631067961165,1.7145101697364078,0.002995009664437,0.0117442576355993,Up,C1orf94,protein_coding
ENSG00000142871,18435.22912621359,7694.1980582524275,1.260513238684543,2.3509487288885563e-34,4.941963499784322e-32,Up,CCN1,protein_coding
ENSG00000143196,1659.244660194175,353.9825242718447,2.225575950612505,2.1510630740436506e-19,1.0571001829785265e-17,Up,DPT,protein_coding
ENSG00000143341,3657.273786407767,1519.0155339805826,1.2670769833575477,2.1309732465194742e-38,7.588491147568379e-36,Up,HMCN1,protein_coding
ENSG00000143344,2240.2776699029127,1082.5398058252426,1.0485692396723232,7.866608637525427e-44,5.520276925962329e-41,Up,RGL1,protein_coding
ENSG00000143382,727.1495145631068,347.4116504854369,1.0634418497849427,4.600160080643273e-19,2.1881015134427066e-17,Up,ADAMTSL4,protein_coding
ENSG00000143387,17506.59223300971,8212.0,1.0919994846751615,3.0698977935493333e-44,2.325228300199795e-41,Up,CTSK,protein_coding
ENSG00000143768,125.16310679611652,35.8252427184466,1.7765231530461962,0.0008783075660876,0.0040423495793373,Up,LEFTY2,protein_coding
ENSG00000143867,819.0873786407767,282.895145631068,1.530419453742378,5.939933660541335e-16,2.0116519120916356e-14,Up,OSR1,protein_coding
ENSG00000144031,76.40194174757282,32.75728155339806,1.1971710294058628,2.4369528665577477e-23,1.7151403670560855e-21,Up,ANKRD53,protein_coding
ENSG00000144229,168.4388349514563,80.77669902912622,1.0510028408087166,2.918231607939813e-16,1.0216593974150551e-14,Up,THSD7B,protein_coding
ENSG00000144230,40.63883495145631,12.76116504854369,1.5973270860638231,2.5659846884328282e-20,1.378870015345019e-18,Up,GPR17,protein_coding
ENSG00000144406,29.0873786407767,83.23495145631068,-1.4852605548498334,0.0098183134477835,0.032243789840414,Down,UNC80,protein_coding
ENSG00000144642,1444.7436893203885,551.0213592233009,1.389015809731294,1.1648784913807757e-44,9.751872254685588e-42,Up,RBMS3,protein_coding
ENSG00000144681,289.83106796116505,140.89708737864078,1.0353364165322738,9.730599914646783e-07,8.827467048044018e-06,Up,STAC,protein_coding
ENSG00000144857,2292.7009708737864,937.93786407767,1.2885757267013287,1.652374600399088e-25,1.4362114969370434e-23,Up,BOC,protein_coding
ENSG00000144891,1369.147572815534,2932.759223300971,-1.098419184221659,0.0002983453908365,0.0015523329364232,Down,AGTR1,protein_coding
ENSG00000144908,471.3689320388349,78.39029126213592,2.572879586729456,4.844203301693767e-09,6.518773072482322e-08,Up,ALDH1L1,protein_coding
ENSG00000145107,21.370873786407767,8.054368932038836,1.304935610499115,1.0464861300559797e-06,9.430826280266523e-06,Up,TM4SF19,protein_coding
ENSG00000145147,1777.6058252427183,810.3087378640777,1.1324238842987262,7.32300264190316e-41,3.4597924759043067e-38,Up,SLIT2,protein_coding
ENSG00000145283,61.27961165048544,29.510679611650485,1.0294456327474188,1.2027549868169866e-15,3.941831212976165e-14,Up,SLC10A6,protein_coding
ENSG00000145335,137.87766990291263,65.58058252427185,1.0606412494643522,6.970912266202532e-30,9.55856297467392e-28,Up,SNCA,protein_coding
ENSG00000145362,1589.209708737864,533.2990291262136,1.5734977325550636,2.6974883553162487e-28,3.057452478360588e-26,Up,ANK2,protein_coding
ENSG00000145536,928.2873786407768,373.0446601941748,1.31291427830647,2.1079728129147598e-20,1.14045631164021e-18,Up,ADAMTS16,protein_coding
ENSG00000145692,9.76116504854369,4.279611650485437,1.0273305594566569,5.806727093105708e-06,4.524582028556796e-05,Up,BHMT,protein_coding
ENSG00000145708,74.86407766990291,20.794174757281557,1.799474341451136,5.012708628175952e-07,4.789676217847418e-06,Up,CRHBP,protein_coding
ENSG00000145777,62.13009708737864,17.29514563106796,1.7868670701042448,1.2624919725806975e-23,9.18347438225697e-22,Up,TSLP,protein_coding
ENSG00000145920,214.1514563106796,874.3786407766991,-2.024554577083124,0.010628601597406,0.0345416884168781,Down,CPLX2,protein_coding
ENSG00000145936,776.221359223301,324.3922330097087,1.2561457340856748,4.523011119884464e-16,1.5516106730312492e-14,Up,KCNMB1,protein_coding
ENSG00000146006,55.662135922330094,20.49126213592233,1.3986347745764105,1.1793307561403422e-12,2.6383171599392803e-11,Up,LRRTM2,protein_coding
ENSG00000146233,357.93398058252427,177.4252427184466,1.008398775738364,0.0006003367356478,0.0028866251865826,Up,CYP39A1,protein_coding
ENSG00000146374,346.3495145631068,151.58058252427185,1.1868167052863343,1.953976716158336e-09,2.793285228928804e-08,Up,RSPO3,protein_coding
ENSG00000146411,268.2621359223301,85.51650485436893,1.6379640812585563,8.277676588335552e-11,1.4389587302083636e-09,Up,SLC2A12,protein_coding
ENSG00000146477,218.57669902912625,71.35728155339805,1.6015148546428477,1.039709847866957e-15,3.4310424979609574e-14,Up,SLC22A3,protein_coding
ENSG00000146592,687.3184466019418,299.46796116504856,1.1958650091296374,2.5853488332172342e-22,1.658167683111021e-20,Up,CREB5,protein_coding
ENSG00000146755,10.448543689320388,3.951456310679612,1.2092392773488494,1.135437119591654e-06,1.015762813510959e-05,Up,TRIM50,protein_coding
ENSG00000147113,1927.5766990291263,892.1572815533981,1.1105503668761243,6.743963030830719e-34,1.357841467954347e-31,Up,DIPK2B,protein_coding
ENSG00000147251,1989.543689320388,824.8077669902913,1.2692846439702397,4.279095732482842e-24,3.2827956617783973e-22,Up,DOCK11,protein_coding
ENSG00000147485,261.70873786407765,772.2563106796116,-1.557482516200228,0.0042345069655495,0.0157577948516021,Down,PXDNL,protein_coding
ENSG00000147647,15.860194174757282,7.163106796116505,1.0464309145394768,1.100511592326744e-06,9.87851997040022e-06,Up,DPYS,protein_coding
ENSG00000147697,313.96699029126216,150.34563106796116,1.0573536076148282,2.0470294524036797e-05,0.0001426820791846,Up,GSDMC,protein_coding
ENSG00000148180,44923.65436893204,19568.03300970874,1.1989349363555857,1.0972151737761554e-25,9.677802895055561e-24,Up,GSN,protein_coding
ENSG00000148357,427.9980582524272,138.87184466019417,1.6168655316457403,7.404825559681327e-16,2.4900878509998136e-14,Up,HMCN2,protein_coding
ENSG00000148482,16.333980582524273,7.062135922330097,1.10436898223441,0.0091548024977197,0.0304233488116296,Up,SLC39A12,protein_coding
ENSG00000148483,26.436893203883496,11.941747572815531,1.0840846852449666,4.180292093172032e-05,0.0002715425784127,Up,TMEM236,protein_coding
ENSG00000148541,200.3242718446602,87.22135922330096,1.1903212221592328,4.9443287607631853e-26,4.5547003823570995e-24,Up,FAM13C,protein_coding
ENSG00000148600,97.0252427184466,38.78640776699029,1.300877662035483,0.0018182977674481,0.0076304223786026,Up,CDHR1,protein_coding
ENSG00000148604,31.11067961165049,12.598058252427183,1.2396525443565116,0.0091256000989352,0.0303347534323227,Up,RGR,protein_coding
ENSG00000148848,8662.157281553398,4256.908737864078,1.024747881942801,1.4052640609221878e-31,2.2577909245483155e-29,Up,ADAM12,protein_coding
ENSG00000149043,689.6252427184467,246.08543689320388,1.4828930850606012,3.421971500707725e-05,0.0002266652360782,Up,SYT8,protein_coding
ENSG00000149090,957.5514563106796,275.00970873786406,1.7961368645534677,3.058360779371276e-18,1.3171377226537776e-16,Up,PAMR1,protein_coding
ENSG00000149124,188.5728155339806,12.836893203883497,3.776160142409427,3.1525647868046733e-08,3.744004143771663e-07,Up,GLYAT,protein_coding
ENSG00000149131,24740.39223300971,11930.174757281551,1.052190585630698,2.0529917560945117e-56,1.952642756364835e-52,Up,SERPING1,protein_coding
ENSG00000149451,589.5223300970874,168.7514563106796,1.7985676634197665,9.126890381736394e-32,1.5017826042610247e-29,Up,ADAM33,protein_coding
ENSG00000149557,466.78252427184464,219.69126213592236,1.083808455648782,9.209238686398959e-29,1.1041368131597627e-26,Up,FEZ1,protein_coding
ENSG00000149575,128.0,35.77864077669903,1.8104309972882304,3.991951880665857e-26,3.7059914366072644e-24,Up,SCN2B,protein_coding
ENSG00000149591,20451.1572815534,10163.631067961163,1.00869517326215,3.917861276664266e-30,5.514823138639099e-28,Up,TAGLN,protein_coding
ENSG00000149596,894.3514563106796,282.8873786407767,1.6571353914318283,1.1245348874958854e-12,2.5252026240719368e-11,Up,JPH2,protein_coding
ENSG00000149926,74.8,168.95922330097088,-1.1649189022776731,5.293775975992314e-09,7.068248657598902e-08,Down,TLCD3B,protein_coding
ENSG00000149968,1238.514563106796,605.5456310679612,1.0310871317949035,6.260087397963755e-10,9.686084645137306e-09,Up,MMP3,protein_coding
ENSG00000149970,134.5747572815534,63.95728155339806,1.0615254250508188,3.134957577796458e-12,6.660458846718227e-11,Up,CNKSR2,protein_coding
ENSG00000150048,233.36116504854368,115.02912621359224,1.0142465235897034,2.857774951480183e-33,5.3687915407374555e-31,Up,CLEC1A,protein_coding
ENSG00000150361,53.49320388349515,221.03300970873784,-2.026625957790656,0.0035917940863824,0.0137026886963542,Down,KLHL1,protein_coding
ENSG00000150471,298.9747572815534,137.1747572815534,1.1183470254888157,5.321705805304363e-06,4.179413390676655e-05,Up,ADGRL3,protein_coding
ENSG00000150907,2109.7359223300973,1002.366990291262,1.0728967111470242,1.7162962403384012e-42,1.0110891851415779e-39,Up,FOXO1,protein_coding
ENSG00000151320,377.7883495145631,176.3242718446602,1.0950019347706603,6.233647140034513e-05,0.0003869613298141,Up,AKAP6,protein_coding
ENSG00000151468,2004.9941747572816,815.6330097087379,1.296557626422397,2.239522114173005e-11,4.247437052627482e-10,Up,CCDC3,protein_coding
ENSG00000151632,1899.8485436893204,674.1533980582524,1.4933563534469123,7.55712704175261e-05,0.0004585360735159,Up,AKR1C2,protein_coding
ENSG00000151655,159.6970873786408,71.76116504854369,1.1431032318662984,0.0080369257251573,0.0272531283224172,Up,ITIH2,protein_coding
ENSG00000151726,11822.08155339806,5499.409708737864,1.1039951170791145,6.118018395290732e-11,1.084068331921586e-09,Up,ACSL1,protein_coding
ENSG00000151882,3097.4038834951457,1528.485436893204,1.0184788444975934,4.9805110491130426e-08,5.716250777230905e-07,Up,CCL28,protein_coding
ENSG00000151914,20959.718446601943,9324.409708737863,1.168449151138575,3.0323782370724025e-23,2.109315229105261e-21,Up,DST,protein_coding
ENSG00000151967,47.15922330097087,22.588349514563102,1.0297376486772716,9.972766321768947e-18,4.0743190354637893e-16,Up,SCHIP1,protein_coding
ENSG00000152092,124.3980582524272,58.43689320388349,1.0770843960869894,1.8873947938840028e-07,1.9422623414827877e-06,Up,ASTN1,protein_coding
ENSG00000152104,5399.069902912622,2648.1553398058254,1.0274456406228565,3.59727683442829e-29,4.47017854128253e-27,Up,PTPN14,protein_coding
ENSG00000152270,990.9223300970874,318.56116504854367,1.6341350644095254,2.4802506798453872e-08,2.9902122774346177e-07,Up,PDE3B,protein_coding
ENSG00000152578,184.84271844660196,70.69708737864077,1.3740957454762828,2.876934447535534e-07,2.873201296933876e-06,Up,GRIA4,protein_coding
ENSG00000152580,639.4116504854369,211.0252427184466,1.594763518430279,1.1379989499061e-10,1.940086955756316e-09,Up,IGSF10,protein_coding
ENSG00000152583,24635.81359223301,11452.122330097089,1.1050747198825233,1.1117372466723367e-41,5.96066044232703e-39,Up,SPARCL1,protein_coding
ENSG00000152784,127.80388349514564,61.18834951456311,1.05045985850529,1.632864180238956e-38,5.9028040115638256e-36,Up,PRDM8,protein_coding
ENSG00000153012,449.5728155339806,217.34368932038836,1.0451594396788606,4.318961235930504e-21,2.507204285354401e-19,Up,LGI2,protein_coding
ENSG00000153162,413.1087378640777,160.80970873786407,1.355711471033172,5.18878025121922e-13,1.220898501122676e-11,Up,BMP6,protein_coding
ENSG00000153253,106.4,47.03883495145631,1.160720925304899,0.0002910048677756,0.0015177801159161,Up,SCN3A,protein_coding
ENSG00000153303,61.35922330097088,18.712621359223306,1.661483322152922,5.109767310643955e-07,4.8765575305861645e-06,Up,FRMD1,protein_coding
ENSG00000153820,73.41747572815534,31.83495145631068,1.1804091321361567,0.0005991353888343,0.0028814293977419,Up,SPHKAP,protein_coding
ENSG00000153822,204.2485436893204,46.77087378640777,2.1031688148294627,0.0094804290612866,0.0313352575982874,Up,KCNJ16,protein_coding
ENSG00000153823,594.5980582524272,231.01941747572812,1.3600935023773009,3.013408021165569e-24,2.3534174133220725e-22,Up,PID1,protein_coding
ENSG00000153902,274.347572815534,130.86019417475728,1.0622447802524315,5.639501379853338e-19,2.6434747234169123e-17,Up,LGI4,protein_coding
ENSG00000153993,519.8485436893204,181.32815533980585,1.5143265542866806,1.9540756017807675e-15,6.212163861810439e-14,Up,SEMA3D,protein_coding
ENSG00000154165,71.18252427184466,26.702912621359225,1.3816119302106322,0.0009347821133483,0.0042747031644844,Up,GPR15,protein_coding
ENSG00000154175,2675.095145631068,1043.695145631068,1.35704740204694,1.9313485088640352e-19,9.510845009904441e-18,Up,ABI3BP,protein_coding
ENSG00000154188,551.8776699029127,212.59223300970876,1.372101117721472,2.850973248827566e-10,4.6241584462118914e-09,Up,ANGPT1,protein_coding
ENSG00000154227,68.17669902912621,13.598058252427183,2.2445096898057124,0.0001046868589452,0.0006118872532028,Up,CERS3,protein_coding
ENSG00000154258,682.6776699029126,142.49126213592234,2.252353418148056,2.6924037780403968e-24,2.1096243592862336e-22,Up,ABCA9,protein_coding
ENSG00000154262,744.7242718446602,215.0252427184466,1.787442396865998,9.671481784939683e-35,2.1465291526221009e-32,Up,ABCA6,protein_coding
ENSG00000154263,294.4660194174757,76.74563106796117,1.926158710211738,3.629355641078989e-21,2.1197746937699781e-19,Up,ABCA10,protein_coding
ENSG00000154330,842.6407766990292,308.621359223301,1.4461238291183909,3.877685718280501e-23,2.670063594587431e-21,Up,PGM5,protein_coding
ENSG00000154478,120.26019417475727,754.073786407767,-2.63851159487684,0.000459148646252,0.0022775109253488,Down,GPR26,protein_coding
ENSG00000154493,85.1126213592233,25.88155339805825,1.6796081969150023,1.155149109223564e-08,1.461330996657742e-07,Up,C10orf90,protein_coding
ENSG00000154529,74.64466019417476,27.33980582524272,1.4164083718221965,7.412551728162824e-17,2.7829436928754808e-15,Up,CNTNAP3B,protein_coding
ENSG00000154553,2835.6,1142.209708737864,1.3110726511921045,1.3679819276754964e-05,9.92057167550446e-05,Up,PDLIM3,protein_coding
ENSG00000154645,194.7029126213592,90.45242718446602,1.0975718622642454,0.0002233724927265,0.0012003252936852,Up,CHODL,protein_coding
ENSG00000154678,527.5184466019417,166.2,1.6603789786957104,3.90983677725241e-15,1.199804445896659e-13,Up,PDE1C,protein_coding
ENSG00000154721,1552.4757281553398,665.683495145631,1.220425784288946,2.900401706194791e-38,1.0029084682333553e-35,Up,JAM2,protein_coding
ENSG00000154734,5519.615533980583,2279.9223300970875,1.2752118117642903,7.327075206533275e-21,4.132782206919088e-19,Up,ADAMTS1,protein_coding
ENSG00000154736,1889.598058252427,568.6563106796117,1.7306790092043138,1.944390998650384e-28,2.241121972792247e-26,Up,ADAMTS5,protein_coding
ENSG00000154856,2171.1825242718446,945.7922330097088,1.1980255589784172,1.0291015823752584e-14,2.9924844185120405e-13,Up,APCDD1,protein_coding
ENSG00000155970,175.35145631067962,83.16504854368932,1.0671603388498332,7.925419879116307e-24,5.8907349811786915e-22,Up,MICU3,protein_coding
ENSG00000156096,112.8,980.6815533980582,-3.1087545485238395,0.0159060924090856,0.0483474691112012,Down,UGT2B4,protein_coding
ENSG00000156284,1069.0446601941749,445.9009708737864,1.2596439272516633,2.1066024809228453e-08,2.57289114882714e-07,Up,CLDN8,protein_coding
ENSG00000156298,806.316504854369,324.40194174757283,1.3109115266674107,3.663816166710814e-23,2.526444795420616e-21,Up,TSPAN7,protein_coding
ENSG00000156486,24.042718446601945,9.384466019417475,1.2699641456111053,6.393348870793023e-23,4.30900877706923e-21,Up,KCNS2,protein_coding
ENSG00000156920,4.85631067961165,0.8038834951456311,1.6988859268860113,9.574637002290152e-11,1.6529758627904539e-09,Up,ADGRG4,protein_coding
ENSG00000157150,752.5825242718447,178.82135922330096,2.067201114268151,7.784036927852651e-08,8.612072203182768e-07,Up,TIMP4,protein_coding
ENSG00000157152,298.68349514563107,123.0019417475728,1.2730769186765691,1.3041965360999273e-13,3.299769369544874e-12,Up,SYN2,protein_coding
ENSG00000157168,726.6,211.22135922330096,1.7775756779959742,2.6776734176039595e-09,3.7360590684568926e-08,Up,NRG1,protein_coding
ENSG00000157368,852.968932038835,406.97087378640776,1.0657174268629857,1.4744352967323695e-10,2.479982498747804e-09,Up,IL34,protein_coding
ENSG00000157404,4756.761165048543,1743.526213592233,1.4474475757893113,6.630494869951342e-12,1.3469304138115714e-10,Up,KIT,protein_coding
ENSG00000157554,1386.0543689320389,685.6291262135923,1.014421377090337,1.4730551791143802e-42,8.786405879622499e-40,Up,ERG,protein_coding
ENSG00000157680,339.15728155339804,136.5106796116505,1.306658304122666,8.381126233320234e-12,1.6860479831432334e-10,Up,DGKI,protein_coding
ENSG00000158008,508.178640776699,235.16699029126207,1.108364572398037,0.0003970215852929,0.0020060436263246,Up,EXTL1,protein_coding
ENSG00000158445,415.74563106796114,156.42135922330098,1.4045357731922234,1.4291597935686672e-08,1.7847853187518886e-07,Up,KCNB1,protein_coding
ENSG00000158458,147.14757281553398,63.99611650485437,1.188609564707239,2.7439234187293423e-09,3.8217903588711844e-08,Up,NRG2,protein_coding
ENSG00000158516,10.025242718446602,4.21747572815534,1.0793865277112256,1.084181698785912e-06,9.74660555815112e-06,Up,CPA2,protein_coding
ENSG00000158966,1438.6485436893204,650.5728155339806,1.1437183354934035,3.636402403130845e-31,5.652177520280055e-29,Up,CACHD1,protein_coding
ENSG00000159339,12.65242718446602,5.555339805825243,1.0584149904363154,0.0036552605530531,0.0139081192146231,Up,PADI4,protein_coding
ENSG00000159387,180.452427184466,87.85048543689321,1.0301397914565342,3.366123490594261e-06,2.7405678335467837e-05,Up,IRX6,protein_coding
ENSG00000159409,32.4,94.33398058252428,-1.5131424333659431,0.0029502987522696,0.011599436093005,Down,CELF3,protein_coding
ENSG00000159433,835.6233009708737,365.273786407767,1.1916557258338698,3.4108509732033806e-34,6.98536423773901e-32,Up,STARD9,protein_coding
ENSG00000159648,21.96504854368932,8.087378640776699,1.3375037356286952,4.613636369227799e-15,1.3995772426370761e-13,Up,TEPP,protein_coding
ENSG00000159763,14601.229126213591,31761.572815533986,-1.1211391548594576,0.0132859037509874,0.0416241057835741,Down,PIP,protein_coding
ENSG00000160307,1157.0116504854368,411.74563106796114,1.4883249186821634,5.188728372669602e-08,5.937547733502352e-07,Up,S100B,protein_coding
ENSG00000160539,201.4679611650485,90.7864077669903,1.1413411994224911,2.7699538787307123e-09,3.8569203147146816e-08,Up,PLPP7,protein_coding
ENSG00000160801,191.80776699029127,88.26990291262136,1.1109174076733477,2.9776146517073077e-08,3.547710760303853e-07,Up,PTH1R,protein_coding
ENSG00000161509,120.0233009708738,267.9766990291262,-1.1521963595532123,0.0044131523354553,0.0163245583831981,Down,GRIN2C,protein_coding
ENSG00000161649,745.431067961165,89.94368932038834,3.0369635989915738,1.380433093492145e-12,3.0637909932678225e-11,Up,CD300LG,protein_coding
ENSG00000162367,251.45825242718448,119.35728155339804,1.0687214106278344,7.776440747397527e-26,6.988252346220627e-24,Up,TAL1,protein_coding
ENSG00000162383,109.35922330097088,42.227184466019416,1.352196431514709,2.5932879071270007e-31,4.111179812368313e-29,Up,SLC1A7,protein_coding
ENSG00000162460,5.831067961165049,14.955339805825243,-1.2238562839545732,0.0130533485638564,0.0410140045282216,Down,TMEM82,protein_coding
ENSG00000162482,1050.8815533980585,2160.497087378641,-1.039058632386174,4.244963842833181e-09,5.7415301772197767e-08,Down,AKR7A3,protein_coding
ENSG00000162493,1978.86213592233,983.33786407767,1.0081744781200377,2.1561710879322752e-41,1.0717517913953366e-38,Up,PDPN,protein_coding
ENSG00000162614,1141.2388349514565,482.83300970873785,1.2392832344369884,6.236815872920155e-13,1.450333235009766e-11,Up,NEXN,protein_coding
ENSG00000162706,216.00194174757283,64.07378640776699,1.7375595455755326,1.0751002539025012e-10,1.8387682407067943e-09,Up,CADM3,protein_coding
ENSG00000162733,5761.935922330097,1953.4912621359224,1.560010843747453,1.8287835693886934e-28,2.1181042321380992e-26,Up,DDR2,protein_coding
ENSG00000162746,263.8601941747573,707.0640776699029,-1.4186488883453194,0.0010474129806202,0.0047240503411375,Down,FCRLB,protein_coding
ENSG00000162772,4568.582524271845,1916.0796116504853,1.2531521172412332,2.8701024273102925e-13,7.0089840136331896e-12,Up,ATF3,protein_coding
ENSG00000162975,375.1009708737864,779.6951456310679,-1.0536392684302716,0.0005232696048094,0.002559386941605,Down,KCNF1,protein_coding
ENSG00000162989,2100.159223300971,5111.671844660194,-1.28289193820301,5.901925268555911e-07,5.569073956198359e-06,Down,KCNJ3,protein_coding
ENSG00000162998,2077.1533980582526,965.4990291262136,1.104461961802913,9.304360941523857e-05,0.0005509188427939,Up,FRZB,protein_coding
ENSG00000163017,7041.320388349514,2580.2194174757283,1.447998080241634,2.3206467478907328e-05,0.0001599084787232,Up,ACTG2,protein_coding
ENSG00000163064,1258.8563106796116,602.547572815534,1.0617198039806417,5.1578535053506987e-05,0.0003276826701748,Up,EN1,protein_coding
ENSG00000163145,254.2388349514563,93.61553398058253,1.4316988840754052,1.412793628792534e-18,6.31824614608455e-17,Up,C1QTNF7,protein_coding
ENSG00000163207,103.38058252427184,27.01359223300971,1.897654458694616,0.0016958373474616,0.0071975421636729,Up,IVL,protein_coding
ENSG00000163221,12.450485436893205,4.945631067961165,1.1777563909954836,9.185367166043638e-05,0.0005448873078434,Up,S100A12,protein_coding
ENSG00000163239,75.7009708737864,36.09126213592233,1.048165478856677,8.592060991856732e-17,3.1931150031886257e-15,Up,TDRD10,protein_coding
ENSG00000163285,4.8330097087378645,1.8718446601941747,1.022262760415204,9.468357159879558e-07,8.612486979701347e-06,Up,GABRG1,protein_coding
ENSG00000163297,3363.347572815534,1613.3941747572817,1.0593338851358276,2.494066266128786e-44,1.9195460336634424e-41,Up,ANTXR2,protein_coding
ENSG00000163395,56.47378640776699,26.524271844660195,1.0621997001660697,9.32812939740798e-07,8.497893825611187e-06,Up,IGFN1,protein_coding
ENSG00000163430,32263.693203883497,13297.487378640775,1.2786941500083016,1.8214426365014808e-54,1.0732371432107682e-50,Up,FSTL1,protein_coding
ENSG00000163431,2104.545631067961,779.0038834951456,1.4326409296982394,3.061043491815921e-31,4.8206888891905e-29,Up,LMOD1,protein_coding
ENSG00000163492,59.86019417475728,22.124271844660196,1.3960909991626562,4.064504117306021e-05,0.000264778167194,Up,CCDC141,protein_coding
ENSG00000163513,11275.349514563106,4199.450485436893,1.4246841346509624,1.4643305294566685e-29,1.8987751142557966e-27,Up,TGFBR2,protein_coding
ENSG00000163520,14576.40776699029,5679.378640776699,1.359675189954507,1.4429721292259511e-39,5.885106330119995e-37,Up,FBLN2,protein_coding
ENSG00000163687,151.2116504854369,50.44077669902913,1.565094457848026,1.7345211893707696e-18,7.692182352638884e-17,Up,DNASE1L3,protein_coding
ENSG00000163710,1233.2970873786408,212.2582524271845,2.533016208190274,6.281566290525526e-10,9.713019450787336e-09,Up,PCOLCE2,protein_coding
ENSG00000163734,43.976699029126216,20.46990291262136,1.0668621140998356,4.2467096351400637e-10,6.7458219164318775e-09,Up,CXCL3,protein_coding
ENSG00000163792,24.937864077669904,11.170873786407768,1.0916269344101182,4.204674651150433e-11,7.634652397397122e-10,Up,TCF23,protein_coding
ENSG00000163815,566.473786407767,148.3398058252427,1.925954990498496,1.0101001097614838e-10,1.7338114042301614e-09,Up,CLEC3B,protein_coding
ENSG00000163884,257.13203883495146,102.86796116504854,1.313358503995335,5.991729084114611e-12,1.2244682159990622e-10,Up,KLF15,protein_coding
ENSG00000163982,1.9766990291262136,0.403883495145631,1.0842901447076594,0.0014323650142321,0.006208519733775,Up,OTOP1,protein_coding
ENSG00000164007,109.46213592233008,31.37281553398058,1.7706971786551402,7.85942845764359e-14,2.0415689011531672e-12,Up,CLDN19,protein_coding
ENSG00000164035,1585.5029126213592,759.316504854369,1.0611781555002646,8.858437572557108e-28,9.3726590706714e-26,Up,EMCN,protein_coding
ENSG00000164056,3697.460194174757,1703.252427184466,1.1177857106953,1.443824941676844e-34,3.1034431786907947e-32,Up,SPRY1,protein_coding
ENSG00000164266,43.720388349514565,21.102912621359224,1.0166962225850753,0.0043321493120597,0.0160697684136244,Up,SPINK1,protein_coding
ENSG00000164326,282.81941747572813,13378.382524271845,-5.558894430451897,0.0056673602645576,0.0202254952587062,Down,CARTPT,protein_coding
ENSG00000164330,1418.609708737864,473.3145631067961,1.5815782761984385,2.014299164583577e-20,1.0934963314630165e-18,Up,EBF1,protein_coding
ENSG00000164485,78.10873786407767,34.15533980582524,1.1700932153045127,0.0022307444846426,0.0090863564078685,Up,IL22RA2,protein_coding
ENSG00000164488,71.0621359223301,25.13203883495145,1.4634217250424075,3.395196287699235e-09,4.6528425174162016e-08,Up,DACT2,protein_coding
ENSG00000164530,1702.6038834951455,240.02330097087375,2.8213453926260894,2.8096558641532652e-14,7.769520951370462e-13,Up,PI16,protein_coding
ENSG00000164687,793.7359223300971,377.8271844660194,1.0689356945426625,3.784434455146088e-07,3.7012839379106575e-06,Up,FABP5,protein_coding
ENSG00000164694,6689.6135922330095,2971.801941747573,1.1703151764869453,1.6942518839755113e-23,1.2157340060081721e-21,Up,FNDC1,protein_coding
ENSG00000164736,336.96893203883496,156.54368932038835,1.1011386662310925,2.8894666734169624e-19,1.4055002112345626e-17,Up,SOX17,protein_coding
ENSG00000164825,434.4485436893204,196.37281553398057,1.1415789489191623,0.0118683576261709,0.0378666949188035,Up,DEFB1,protein_coding
ENSG00000164849,75.63689320388349,34.046601941747575,1.1287645068119043,1.7505542165004516e-21,1.0547089154415223e-19,Up,GPR146,protein_coding
ENSG00000164850,304.04660194174755,677.0563106796117,-1.1523754302206162,0.0005870809839021,0.0028317325775641,Down,GPER1,protein_coding
ENSG00000164946,461.7708737864078,124.2504854368932,1.8854818709754504,1.8165494116275566e-23,1.2976362997611338e-21,Up,FREM1,protein_coding
ENSG00000164949,2631.3067961165048,1291.7320388349517,1.0259043851801055,3.2494701304637235e-28,3.657033388808206e-26,Up,GEM,protein_coding
ENSG00000165028,312.70291262135925,145.5728155339806,1.0977813686491504,3.073458279434745e-16,1.0705057093289576e-14,Up,NIPSNAP3B,protein_coding
ENSG00000165071,239.79029126213592,113.2368932038835,1.0757485740089587,5.836937368980704e-09,7.736860482583923e-08,Up,TMEM71,protein_coding
ENSG00000165072,626.9145631067961,195.4446601941748,1.6764453202158545,6.495459160591043e-21,3.6942827202036164e-19,Up,MAMDC2,protein_coding
ENSG00000165078,131.53203883495146,272.36504854368934,-1.0444876322037904,0.0033329599920322,0.0128789525386504,Down,CPA6,protein_coding
ENSG00000165092,2669.516504854369,1012.8349514563108,1.3972959945946664,1.318442378895541e-19,6.615502990130118e-18,Up,ALDH1A1,protein_coding
ENSG00000165124,3534.143689320388,891.4932038834952,1.9858557674281496,5.446348032335633e-26,4.96919379363273e-24,Up,SVEP1,protein_coding
ENSG00000165152,236.7864077669903,112.29126213592232,1.0696296567098544,7.336425465463503e-19,3.3856823052319856e-17,Up,PGAP4,protein_coding
ENSG00000165197,333.6407766990291,37.64271844660194,3.114344757694292,2.7404391028382002e-15,8.586229357139411e-14,Up,VEGFD,protein_coding
ENSG00000165269,897.1184466019417,121.28932038834952,2.8766073067371614,4.1516133539016687e-10,6.605758120089357e-09,Up,AQP7,protein_coding
ENSG00000165349,72.12815533980583,20.864077669902912,1.7418644804439036,2.9249672133531894e-12,6.239319869771457e-11,Up,SLC7A3,protein_coding
ENSG00000165379,95.90873786407766,40.87378640776699,1.2105793747456497,1.4793001920894373e-15,4.785711631601611e-14,Up,LRFN5,protein_coding
ENSG00000165457,1008.8388349514564,394.9456310679612,1.3507508180956986,1.20626987410591e-16,4.434575181246981e-15,Up,FOLR2,protein_coding
ENSG00000165478,59.70679611650485,5.963106796116505,3.1240549791000105,7.971758833589058e-10,1.2106823297937708e-08,Up,HEPACAM,protein_coding
ENSG00000165507,7537.421359223301,3137.9514563106795,1.2639797186314992,1.2551806770495952e-27,1.2964223278669392e-25,Up,DEPP1,protein_coding
ENSG00000165633,1596.6155339805823,770.1242718446601,1.0508849816514412,2.4142945913354848e-51,5.485967109968889e-48,Up,VSTM4,protein_coding
ENSG00000165794,60.84660194174757,28.33009708737864,1.0763124842522396,0.0002119336908402,0.0011453059863552,Up,SLC39A2,protein_coding
ENSG00000165799,45.43689320388349,13.244660194174758,1.7048502472786131,2.379119322717176e-11,4.490775943094074e-10,Up,RNASE7,protein_coding
ENSG00000165810,1176.9941747572816,335.6407766990291,1.8070505615322332,2.273708480812097e-12,4.916031775595452e-11,Up,BTNL9,protein_coding
ENSG00000165917,38.54368932038835,12.236893203883495,1.5788829261855175,0.0123346531694032,0.0391346396235096,Up,RAPSN,protein_coding
ENSG00000166006,290.4097087378641,650.5533980582525,-1.1608344760250462,0.002135090100945,0.0087445051443564,Down,KCNC2,protein_coding
ENSG00000166091,35.963106796116506,12.128155339805826,1.4934218073484604,0.0039777183157532,0.0149491031417747,Up,CMTM5,protein_coding
ENSG00000166147,28275.720388349517,11821.86213592233,1.2580354696955016,7.993705358436846e-39,2.9800283772960117e-36,Up,FBN1,protein_coding
ENSG00000166250,3141.374757281553,1227.759223300971,1.354652999881918,4.8653234773228695e-30,6.779955539477518e-28,Up,CLMP,protein_coding
ENSG00000166257,141.33592233009708,65.1378640776699,1.1057514514792737,3.2890230662658504e-08,3.890570220031578e-07,Up,SCN3B,protein_coding
ENSG00000166292,337.32815533980585,101.82912621359225,1.7181742779321627,5.030298252893685e-07,4.803597599191132e-06,Up,TMEM100,protein_coding
ENSG00000166482,6100.840776699029,1748.3766990291265,1.8024035513090104,9.023388146653103e-33,1.6248227757811048e-30,Up,MFAP4,protein_coding
ENSG00000166535,1276.0466019417477,432.2349514563107,1.5595896298492062,0.0018630880495233,0.0077834736077003,Up,A2ML1,protein_coding
ENSG00000166793,76.44660194174757,36.62135922330097,1.0416499675298616,1.7276926580475987e-35,4.385214800889113e-33,Up,YPEL4,protein_coding
ENSG00000166819,8813.450485436893,919.3883495145632,3.25955600435742,6.497342040310612e-10,1.0014217295850837e-08,Up,PLIN1,protein_coding
ENSG00000166856,19.91844660194175,8.34368932038835,1.162711511209738,1.1967483309844788e-09,1.770742228152476e-08,Up,GPR182,protein_coding
ENSG00000166926,11.541747572815536,1.7184466019417477,2.2058839930560614,0.0027697041152862,0.0109784205682647,Up,MS4A6E,protein_coding
ENSG00000166947,11.510679611650485,1.5475728155339803,2.295964874803347,5.03169631790894e-10,7.911119765996007e-09,Up,EPB42,protein_coding
ENSG00000166960,46.17087378640777,18.29514563106796,1.289658392655629,5.823363787975389e-08,6.591064355659619e-07,Up,CCDC178,protein_coding
ENSG00000167434,190.88932038834952,19.446601941747574,3.230341416420656,1.0069184839163118e-10,1.7295945361957726e-09,Up,CA4,protein_coding
ENSG00000167588,5382.027184466019,559.6116504854369,3.263344079526096,8.858491259693641e-10,1.3359971110305351e-08,Up,GPD1,protein_coding
ENSG00000167619,157.70679611650485,398.5728155339806,-1.332094526063326,2.656090393697226e-09,3.7091987534809553e-08,Down,TMEM145,protein_coding
ENSG00000167641,370.9281553398058,146.06990291262136,1.3385219287720644,2.5315596310767583e-13,6.2108463997799856e-12,Up,PPP1R14A,protein_coding
ENSG00000167656,505.9495145631068,151.19223300970873,1.7359473470131828,0.0068145488209837,0.0236905610257687,Up,LY6D,protein_coding
ENSG00000167676,16505.97087378641,1875.4912621359224,3.136965924059188,1.2038554431912043e-09,1.7796026653716822e-08,Up,PLIN4,protein_coding
ENSG00000167748,115.69126213592232,47.02330097087378,1.280890057393362,2.957701075247125e-05,0.0001985029253286,Up,KLK1,protein_coding
ENSG00000167754,2407.1941747572814,348.8601941747573,2.7831012881102626,1.882935203050176e-13,4.672381800267722e-12,Up,KLK5,protein_coding
ENSG00000167755,931.0699029126214,170.76504854368932,2.4400016566201748,8.921362600364846e-08,9.76398120560114e-07,Up,KLK6,protein_coding
ENSG00000167772,1760.759223300971,820.8116504854369,1.1001370787451783,3.8389260556433705e-11,7.026692501848497e-10,Up,ANGPTL4,protein_coding
ENSG00000167779,1365.759223300971,451.4038834951456,1.595075892529216,8.697719030387019e-13,1.9829802039751925e-11,Up,IGFBP6,protein_coding
ENSG00000168079,1082.304854368932,105.77864077669904,3.342744296191466,5.137019865296384e-12,1.0570431821138976e-10,Up,SCARA5,protein_coding
ENSG00000168309,1315.031067961165,347.7378640776699,1.915978629849556,3.723623434020928e-16,1.2866318828719092e-14,Up,FAM107A,protein_coding
ENSG00000168356,59.79029126213592,26.27378640776699,1.1563259282539975,4.782394906200721e-14,1.2849454962504845e-12,Up,SCN11A,protein_coding
ENSG00000168386,3714.7223300970873,1719.1592233009708,1.1111005840288657,3.6088332619093203e-40,1.5945028295536014e-37,Up,FILIP1L,protein_coding
ENSG00000168427,76.54757281553398,31.654368932038835,1.2478055991777273,8.152809442731415e-05,0.0004902164326968,Up,KLHL30,protein_coding
ENSG00000168477,3259.3436893203884,549.5708737864078,2.566023858415618,3.5017208480625904e-14,9.564688919739592e-13,Up,TNXB,protein_coding
ENSG00000168490,183.2970873786408,65.46990291262136,1.4712601190949726,3.396374653136444e-05,0.0002252107204178,Up,PHYHIP,protein_coding
ENSG00000168497,1465.5456310679613,321.2504854368932,2.186167523786737,8.4124951546910225e-19,3.8414109453736476e-17,Up,CAVIN2,protein_coding
ENSG00000168542,361665.5941747573,174520.6485436893,1.0512543409747606,7.072129912575045e-32,1.1882672365079437e-29,Up,COL3A1,protein_coding
ENSG00000168546,133.07961165048545,51.56504854368932,1.350914126269603,4.163902068188282e-07,4.040119538223026e-06,Up,GFRA2,protein_coding
ENSG00000168824,253.347572815534,110.1126213592233,1.1947786241772005,2.424459344509383e-06,2.0325079234240818e-05,Up,NSG1,protein_coding
ENSG00000168830,4.885436893203884,12.844660194174756,-1.2341082245469213,0.001458252115731,0.0063058336618446,Down,HTR1E,protein_coding
ENSG00000168874,371.16699029126215,104.68349514563108,1.816200014810454,7.146713996117567e-18,2.952613839538857e-16,Up,ATOH8,protein_coding
ENSG00000169035,1152.3087378640776,225.4135922330097,2.3487462956971403,1.3007259991168072e-11,2.534423978189294e-10,Up,KLK7,protein_coding
ENSG00000169252,303.021359223301,126.473786407767,1.2539720816293811,2.440888744719685e-18,1.0636925033838715e-16,Up,ADRB2,protein_coding
ENSG00000169291,747.8116504854369,329.747572815534,1.178872312104169,9.255023526727204e-30,1.2336067392412532e-27,Up,SHE,protein_coding
ENSG00000169313,146.2757281553398,65.29126213592232,1.1516290598691288,3.743690419059477e-15,1.1526052980067408e-13,Up,P2RY12,protein_coding
ENSG00000169418,1380.240776699029,411.3553398058252,1.7440048358502156,5.380758617045538e-16,1.8300715587183108e-14,Up,NPR1,protein_coding
ENSG00000169432,92.38640776699027,43.52233009708738,1.0686834846230175,4.0991915343773166e-10,6.526700755335897e-09,Up,SCN9A,protein_coding
ENSG00000169469,156.64854368932038,20.38640776699029,2.881945761586593,0.0122809124503717,0.0389815074894019,Up,SPRR1B,protein_coding
ENSG00000169474,47.13592233009709,12.62135922330097,1.821243262466823,0.0127258557076659,0.0401377755041486,Up,SPRR1A,protein_coding
ENSG00000169515,1428.4582524271846,700.2291262135923,1.0275106602739932,1.2111266667313537e-19,6.1026971787842376e-18,Up,CCDC8,protein_coding
ENSG00000169550,584.2271844660194,272.07766990291265,1.099685438931713,1.7966818955918566e-06,1.5439234052557574e-05,Up,MUC15,protein_coding
ENSG00000169554,3466.733980582524,1617.2155339805824,1.0995894531434007,2.7561506283074922e-43,1.7772702119132011e-40,Up,ZEB2,protein_coding
ENSG00000169594,116.24660194174756,38.22912621359223,1.579549004534792,1.7433585053807986e-05,0.0001235183090716,Up,BNC1,protein_coding
ENSG00000169744,1236.8699029126217,578.1864077669903,1.0957600477660097,1.0424591691833296e-30,1.5496593967317796e-28,Up,LDB2,protein_coding
ENSG00000169933,10.732038834951457,4.829126213592233,1.0091022071072524,0.0017311816077744,0.0073208546579033,Up,FRMPD4,protein_coding
ENSG00000169946,614.8388349514563,277.8893203883495,1.1428601571921913,1.8492852729745784e-39,7.41547854250428e-37,Up,ZFPM2,protein_coding
ENSG00000170091,73.27766990291262,610.209708737864,-3.040666996366802,0.0107028604568972,0.03474279559743,Down,NSG2,protein_coding
ENSG00000170153,1271.621359223301,616.0233009708738,1.0444063638278156,7.196254334644942e-11,1.2587641654713612e-09,Up,RNF150,protein_coding
ENSG00000170323,13923.1786407767,1663.3825242718449,3.064533277764092,8.495484432893445e-11,1.4762837806584466e-09,Up,FABP4,protein_coding
ENSG00000170345,26970.02718446602,10875.08155339806,1.3102515928351184,1.7421594394757682e-14,4.951302211608379e-13,Up,FOS,protein_coding
ENSG00000170370,114.2252427184466,43.394174757281554,1.3760145177784544,2.689510811490847e-39,1.051951450022297e-36,Up,EMX2,protein_coding
ENSG00000170419,955.3436893203884,2064.636893203884,-1.110985583145841,0.0044084914270273,0.0163098460160405,Down,VSTM2A,protein_coding
ENSG00000170442,388.27961165048544,156.97864077669902,1.301077271591006,0.0045240870933611,0.016676739120974,Up,KRT86,protein_coding
ENSG00000170454,105.70679611650483,48.297087378640775,1.114077748366313,0.013622641244727,0.0424755093384661,Up,KRT75,protein_coding
ENSG00000170509,61.93980582524272,9.485436893203884,2.5855857528236825,5.670728374109055e-09,7.53329110678552e-08,Up,HSD17B13,protein_coding
ENSG00000170523,89.9864077669903,28.959223300970876,1.6026508186705204,0.015477025685902,0.0472509732360763,Up,KRT83,protein_coding
ENSG00000170624,1664.7029126213592,808.1572815533981,1.0416390492237986,2.9345939179520286e-35,7.07237134226439e-33,Up,SGCD,protein_coding
ENSG00000170891,98.3495145631068,45.7126213592233,1.0887005115365322,1.68707538651819e-22,1.0997795531950133e-20,Up,CYTL1,protein_coding
ENSG00000170961,525.3650485436893,237.17864077669904,1.1440196530921385,2.1580273193806264e-15,6.82417147953643e-14,Up,HAS2,protein_coding
ENSG00000170989,2314.196116504854,1051.390291262136,1.137464562800456,3.1546705705095785e-31,4.9517950751176334e-29,Up,S1PR1,protein_coding
ENSG00000171056,403.6,178.95922330097088,1.1688262744850462,6.094978896319581e-25,5.031837421705498e-23,Up,SOX7,protein_coding
ENSG00000171094,44.70873786407767,20.35145631067961,1.0981355084128532,0.0001201513013223,0.000691185026703,Up,ALK,protein_coding
ENSG00000171227,1181.4077669902913,452.3378640776699,1.3830690819974432,1.6276699896523605e-15,5.2302462334162515e-14,Up,TMEM37,protein_coding
ENSG00000171243,776.4466019417475,284.1592233009709,1.446975892183474,9.516253415737876e-06,7.118617032327639e-05,Up,SOSTDC1,protein_coding
ENSG00000171303,288.6912621359224,591.0776699029126,-1.0312702740970583,0.0025621730116127,0.010262025496738,Down,KCNK3,protein_coding
ENSG00000171403,31.39611650485437,9.570873786407766,1.615726245385231,6.896249063061424e-08,7.69226771367847e-07,Up,KRT9,protein_coding
ENSG00000171487,46.95728155339806,100.27961165048544,-1.0785219906051289,0.014167972363339,0.0438862255912894,Down,NLRP5,protein_coding
ENSG00000171596,79.04466019417475,31.961165048543688,1.2800379262254746,1.825681295664067e-08,2.2476228087331775e-07,Up,NMUR1,protein_coding
ENSG00000171659,719.6174757281553,355.25631067961166,1.0163180689438267,5.0430279863720775e-24,3.8076457192041575e-22,Up,GPR34,protein_coding
ENSG00000171819,117.93398058252428,14.605825242718447,2.9300044111135946,1.7153172704421396e-11,3.2991337972977836e-10,Up,ANGPTL7,protein_coding
ENSG00000172005,152.3747572815534,46.13203883495146,1.7022810649652598,0.0015014685415847,0.0064698461140815,Up,MAL,protein_coding
ENSG00000172061,11623.895145631068,5501.079611650485,1.079168783628652,3.530898906663352e-23,2.4383130828966978e-21,Up,LRRC15,protein_coding
ENSG00000172137,1523.4543689320387,557.8718446601941,1.4477035666271385,2.159375658843412e-06,1.8295647671997505e-05,Up,CALB2,protein_coding
ENSG00000172201,3107.78640776699,1515.250485436893,1.0358433910662566,2.6655444043931842e-08,3.19744715658205e-07,Up,ID4,protein_coding
ENSG00000172318,44.66019417475728,18.24854368932039,1.246187696599233,6.156042234349519e-08,6.932341979023224e-07,Up,B3GALT1,protein_coding
ENSG00000172548,99.88155339805826,33.12621359223301,1.5637101389078705,0.0001007082364386,0.0005914579232464,Up,NIPAL4,protein_coding
ENSG00000172752,24.264077669902917,10.685436893203883,1.1123758372509225,0.0017404935745476,0.0073576251231632,Up,COL6A5,protein_coding
ENSG00000172901,157.44466019417476,22.778640776699028,2.736240883797725,2.1407812263971764e-09,3.0321697406120665e-08,Up,LVRN,protein_coding
ENSG00000172935,334.1087378640777,122.273786407767,1.4427632548683391,2.2065405147120778e-39,8.70179341165545e-37,Up,MRGPRF,protein_coding
ENSG00000172986,1606.8155339805826,765.9805825242719,1.067839935488273,7.193768722471138e-33,1.3152193712600681e-30,Up,GXYLT2,protein_coding
ENSG00000172987,137.2135922330097,42.266019417475725,1.6755932001435558,2.152293051481325e-09,3.045762747051776e-08,Up,HPSE2,protein_coding
ENSG00000173068,1239.6271844660191,562.3961165048544,1.1388481181717884,1.4390300560274244e-42,8.692105849812232e-40,Up,BNC2,protein_coding
ENSG00000173208,247.1126213592233,58.06601941747573,2.0705948321243417,3.1106881307177487e-10,5.026610776213666e-09,Up,ABCD2,protein_coding
ENSG00000173253,90.3126213592233,36.33592233009709,1.2902499141542072,3.272979965040012e-09,4.50644388749883e-08,Up,DMRT2,protein_coding
ENSG00000173335,553.9339805825243,1243.5650485436893,-1.1652535841543132,0.007708775135092,0.0262898321824131,Down,CST9,protein_coding
ENSG00000173404,127.67961165048544,706.6757281553398,-2.4593049515096728,7.668082797292625e-05,0.0004643471762959,Down,INSM1,protein_coding
ENSG00000173421,65.64466019417476,24.87378640776699,1.3649980905410002,1.6003405118872663e-41,8.211295542606082e-39,Up,IHO1,protein_coding
ENSG00000173432,7000.900970873787,1704.8776699029129,2.037232464276028,4.493430839136942e-07,4.34043588627402e-06,Up,SAA1,protein_coding
ENSG00000173530,340.5145631067961,148.06601941747573,1.1959956770069124,2.5048542382545738e-17,9.837583089796849e-16,Up,TNFRSF10D,protein_coding
ENSG00000173641,1119.126213592233,152.45631067961165,2.867761420462384,2.243696932209355e-05,0.0001550314656981,Up,HSPB7,protein_coding
ENSG00000173699,5.76504854368932,2.287378640776699,1.0411626507032228,0.0051913301290894,0.0187439384912144,Up,SPATA3,protein_coding
ENSG00000173714,13.533980582524272,5.258252427184466,1.215598127886234,0.0065118432974721,0.0227943176693645,Up,WFIKKN2,protein_coding
ENSG00000174059,6526.848543689321,3188.240776699029,1.033394564702412,6.939606565433341e-28,7.526003320212459e-26,Up,CD34,protein_coding
ENSG00000174099,3796.3961165048554,1594.7844660194176,1.2507446904709152,8.27901434267038e-53,3.292150053362877e-49,Up,MSRB3,protein_coding
ENSG00000174145,29.667961165048546,11.829126213592232,1.2573093456480862,0.0027796450236679,0.011007394293725,Up,NWD2,protein_coding
ENSG00000174175,824.5009708737864,330.3728155339806,1.31681465726429,2.306765900829273e-29,2.9120173348087627e-27,Up,SELP,protein_coding
ENSG00000174348,4392.55145631068,1745.7165048543688,1.3307421152408794,2.409676939710235e-50,4.999346269960565e-47,Up,PODN,protein_coding
ENSG00000174527,34.86407766990291,15.724271844660194,1.1005961299414624,8.366479546303365e-12,1.6838113496014507e-10,Up,MYO1H,protein_coding
ENSG00000174611,106.61553398058253,29.990291262135923,1.7959981223774215,8.912799146549177e-13,2.0291075843274502e-11,Up,KY,protein_coding
ENSG00000174697,2682.1106796116505,137.27766990291263,4.278266464309072,9.508175539353135e-08,1.0339815870256443e-06,Up,LEP,protein_coding
ENSG00000174788,79.46019417475728,181.48155339805825,-1.1814035082055503,6.901732835804731e-06,5.300770762255435e-05,Down,PCP2,protein_coding
ENSG00000174807,4431.897087378641,2114.273786407767,1.067405461879675,5.965253082080805e-25,4.933274637274384e-23,Up,CD248,protein_coding
ENSG00000175065,4.266019417475728,1.5592233009708738,1.0410068081282922,1.4356750854423002e-13,3.618993329484188e-12,Up,DSG4,protein_coding
ENSG00000175445,9251.906796116506,1448.392233009709,2.6744585904161413,2.38282190514321e-10,3.912714923249267e-09,Up,LPL,protein_coding
ENSG00000175556,134.1883495145631,63.95728155339806,1.0574076635562957,1.33745441694304e-18,6.001287902577483e-17,Up,LONRF3,protein_coding
ENSG00000175664,3.5825242718446604,0.7747572815533981,1.3685207891911335,0.0013608831646937,0.0059413195656777,Up,TEX26,protein_coding
ENSG00000176194,593.4776699029126,77.00582524271844,2.9299688504047845,2.188514346209736e-10,3.605415535762489e-09,Up,CIDEA,protein_coding
ENSG00000176438,1635.4990291262136,591.4019417475728,1.4659644719398628,1.5911687189319691e-22,1.0429586391482924e-20,Up,SYNE3,protein_coding
ENSG00000176971,2002.6349514563108,886.464077669903,1.1748590542290251,1.6186082715537317e-43,1.0878415422817035e-40,Up,FIBIN,protein_coding
ENSG00000177098,922.0446601941748,400.9126213592233,1.1995185688842886,7.275815595456598e-24,5.416339603494506e-22,Up,SCN4B,protein_coding
ENSG00000177108,10.479611650485436,65.30873786407767,-2.530125157471689,0.0007708481891084,0.0036012662901776,Down,ZDHHC22,protein_coding
ENSG00000177301,79.74563106796117,29.17669902912621,1.4199492006453316,1.739900354989758e-11,3.345067088614072e-10,Up,KCNA2,protein_coding
ENSG00000177363,330.8504854368932,73.30291262135923,2.159042715027617,2.30776097366528e-26,2.198038685456284e-24,Up,LRRN4CL,protein_coding
ENSG00000177469,24523.706796116505,10875.118446601942,1.173072120218259,4.192414500069821e-52,1.428954536530941e-48,Up,CAVIN1,protein_coding
ENSG00000177707,414.4776699029126,195.5106796116505,1.0801632209377467,2.3277959203542264e-19,1.1380918619617109e-17,Up,NECTIN3,protein_coding
ENSG00000177938,7.005825242718447,2.584466019417476,1.1592919082422908,5.229209629406294e-09,6.99348164506753e-08,Up,CAPZA3,protein_coding
ENSG00000178033,860.9747572815534,427.11650485436894,1.0096421652177283,2.431857983685808e-48,3.978257118521204e-45,Up,CALHM5,protein_coding
ENSG00000178171,18.720388349514565,55.16893203883495,-1.5100844099808517,0.0115214346326544,0.0369277147905027,Down,AMER3,protein_coding
ENSG00000178175,222.63883495145632,104.67184466019415,1.0815796999353289,8.216678363681151e-31,1.2407704372092942e-28,Up,ZNF366,protein_coding
ENSG00000178662,323.1067961165049,142.15728155339806,1.1788682190354949,4.105139544917132e-12,8.58409503962996e-11,Up,CSRNP3,protein_coding
ENSG00000178695,8997.08349514563,4284.996116504854,1.0699872112510804,1.7454661972189278e-42,1.0157336097425951e-39,Up,KCTD12,protein_coding
ENSG00000178789,100.95145631067962,47.394174757281554,1.074977078677218,1.2078629988318296e-11,2.369934481013867e-10,Up,CD300LB,protein_coding
ENSG00000178828,13.050485436893204,4.689320388349515,1.3042917433116308,4.593083544898957e-07,4.430417638881917e-06,Up,RNF186,protein_coding
ENSG00000179270,16.957281553398058,7.095145631067961,1.14944002569229,7.094673112894517e-05,0.0004338634007447,Up,PCARE,protein_coding
ENSG00000179300,19.01747572815534,8.76504854368932,1.0355609357662865,1.4563602910853647e-24,1.1699427671719097e-22,Up,RTL3,protein_coding
ENSG00000179388,2954.8912621359223,1311.633009708738,1.1711295791452376,3.820833064136194e-13,9.175768100374983e-12,Up,EGR3,protein_coding
ENSG00000179639,273.2019417475728,113.26796116504856,1.2628178349607002,7.549089433622528e-20,3.8859487550550145e-18,Up,FCER1A,protein_coding
ENSG00000179796,28.44854368932039,12.605825242718447,1.1139718266856162,0.0016214710422865,0.0069231706510227,Up,LRRC3B,protein_coding
ENSG00000179902,27.93398058252427,57.65436893203884,-1.0194737577052753,0.013924411667368,0.0432440661206293,Down,C1orf194,protein_coding
ENSG00000179921,75.73203883495145,31.28349514563107,1.2490323097885594,2.2527852606277435e-13,5.546873429650911e-12,Up,GPBAR1,protein_coding
ENSG00000180264,92.66407766990292,26.03495145631068,1.792670081265336,0.0007207268164728,0.0033936887930184,Up,ADGRD2,protein_coding
ENSG00000180287,38.52427184466019,15.7126213592233,1.2418008475375522,0.0003361061361956,0.0017260424670487,Up,PLD5,protein_coding
ENSG00000180440,10.607766990291262,2.702912621359223,1.6483580533653384,1.797508463651753e-05,0.0001270342252199,Up,SERTM1,protein_coding
ENSG00000180447,2616.0252427184464,1135.495145631068,1.2033363181661796,3.8347033179760763e-45,3.5189302485996616e-42,Up,GAS1,protein_coding
ENSG00000180660,142.26601941747572,47.83106796116505,1.5528252282986326,1.972222085507474e-26,1.8822098695249133e-24,Up,MAB21L1,protein_coding
ENSG00000180772,3.299029126213592,0.7766990291262136,1.2748115736101473,7.152029883651268e-07,6.644870755219455e-06,Up,AGTR2,protein_coding
ENSG00000180828,171.5514563106796,63.02912621359224,1.4302264227925765,3.854545537788799e-07,3.7621436688935545e-06,Up,BHLHE22,protein_coding
ENSG00000180871,47.640776699029125,20.33980582524272,1.1886192171333396,5.634403424198311e-09,7.491291797043607e-08,Up,CXCR2,protein_coding
ENSG00000180875,202.27184466019415,72.43883495145631,1.468795323379282,1.670090031650821e-08,2.066736414167891e-07,Up,GREM2,protein_coding
ENSG00000180914,2752.574757281553,630.0815533980583,2.1254074180576352,5.602251785243521e-11,9.98984494350711e-10,Up,OXTR,protein_coding
ENSG00000181092,6428.264077669903,666.9533980582524,3.2668342526646,2.772719987416887e-10,4.5094973537682e-09,Up,ADIPOQ,protein_coding
ENSG00000181234,477.5398058252427,63.25048543689321,2.8968596761709486,3.759798317989494e-14,1.024614826600929e-12,Up,TMEM132C,protein_coding
ENSG00000181374,171.2485436893204,65.51456310679612,1.3727496325993211,2.0020608564598442e-08,2.45148421730949e-07,Up,CCL13,protein_coding
ENSG00000181449,91.47961165048544,187.4970873786408,-1.0273349867586168,0.0100883795520502,0.033013118602711,Down,SOX2,protein_coding
ENSG00000181778,12.122330097087378,3.269902912621359,1.6197487463088336,1.39721579339511e-19,7.001621534629062e-18,Up,TMEM252,protein_coding
ENSG00000181856,296.0543689320388,62.22135922330097,2.232243049342141,9.765615106998475e-06,7.296001591917226e-05,Up,SLC2A4,protein_coding
ENSG00000182253,6985.547572815534,2493.9106796116503,1.4855915523224867,4.2548192350818265e-12,8.881516371812538e-11,Up,SYNM,protein_coding
ENSG00000182326,30022.436893203885,14782.9786407767,1.0220545594898878,2.7046121879661e-34,5.611247147189841e-32,Up,C1S,protein_coding
ENSG00000182463,1697.714563106796,684.4679611650486,1.30928231424261,2.1912755780863307e-15,6.920138188955893e-14,Up,TSHZ2,protein_coding
ENSG00000182600,473.095145631068,201.95533980582525,1.224014322851687,0.0004383716884112,0.0021890142557145,Up,SNORC,protein_coding
ENSG00000182601,77.64466019417476,29.545631067961164,1.3643827664492687,0.0001698278850515,0.0009419791955004,Up,HS3ST4,protein_coding
ENSG00000182636,1269.178640776699,572.547572815534,1.1470463547020138,1.4059556598247505e-44,1.1567136581985767e-41,Up,NDN,protein_coding
ENSG00000182782,231.55339805825244,68.37864077669903,1.744998538974706,3.189767233030316e-12,6.773890201412577e-11,Up,HCAR2,protein_coding
ENSG00000182836,134.4,63.398058252427184,1.072138645333471,8.996606242860729e-06,6.759566315490919e-05,Up,PLCXD3,protein_coding
ENSG00000182916,180.15533980582524,70.9495145631068,1.332170473485081,2.4078535793078515e-35,5.922575108114024e-33,Up,TCEAL7,protein_coding
ENSG00000182950,29.87378640776699,12.864077669902912,1.155030786142618,1.4772290915640413e-15,4.785500189494428e-14,Up,ODF3L1,protein_coding
ENSG00000183160,3627.380582524272,1810.8796116504852,1.0018386884739128,3.847903311440878e-40,1.6845344056452829e-37,Up,TMEM119,protein_coding
ENSG00000183378,42.12427184466019,11.524271844660197,1.7837733687707915,6.963407624271552e-14,1.8247110654310265e-12,Up,OVCH2,protein_coding
ENSG00000183454,166.20582524271845,81.55922330097087,1.0181238066131215,0.0019076832783921,0.0079447399789069,Up,GRIN2A,protein_coding
ENSG00000183463,3.3223300970873786,0.9048543689320389,1.1821285511227206,0.0003081801334895,0.0015981025439962,Up,URAD,protein_coding
ENSG00000183549,194.02330097087375,64.63883495145632,1.5710249671694971,1.0435247164087982e-11,2.0687541511256766e-10,Up,ACSM5,protein_coding
ENSG00000183671,167.84466019417476,72.07378640776699,1.2082706846342308,7.873539677434355e-22,4.904824625689459e-20,Up,GPR1,protein_coding
ENSG00000183695,3.949514563106796,0.8485436893203884,1.420897894714258,2.113545942650622e-12,4.5905409782158567e-11,Up,MRGPRX2,protein_coding
ENSG00000183722,3546.852427184466,1568.4893203883496,1.1766507899147305,2.2807708146676245e-38,8.061764572911831e-36,Up,LHFPL6,protein_coding
ENSG00000183798,141.20970873786408,49.44466019417476,1.4952464954980174,1.5458796475498073e-05,0.0001107934590294,Up,EMILIN3,protein_coding
ENSG00000183801,1166.885436893204,515.1262135922331,1.1781029499526277,7.414785476626436e-52,2.3587915558244014e-48,Up,OLFML1,protein_coding
ENSG00000183807,63.13009708737864,30.192233009708737,1.0398147542991054,1.5907448168404114e-22,1.0429586391482924e-20,Up,FAM162B,protein_coding
ENSG00000183853,4530.961165048544,2228.231067961165,1.0235893336032005,1.7554104671984862e-51,4.408667193356704e-48,Up,KIRREL1,protein_coding
ENSG00000184113,1135.7980582524272,439.4873786407767,1.3678034083838704,1.057172147937099e-17,4.3153242562243363e-16,Up,CLDN5,protein_coding
ENSG00000184254,1005.9766990291262,481.6368932038835,1.0610201946359894,2.1102056406467e-10,3.4842488844421876e-09,Up,ALDH1A3,protein_coding
ENSG00000184347,4858.205825242719,1685.4893203883496,1.5266973605410712,4.260277177241616e-36,1.161668036249231e-33,Up,SLIT3,protein_coding
ENSG00000184384,2347.9145631067963,1058.8601941747572,1.148120267376584,1.8831351060339318e-28,2.175773389581772e-26,Up,MAML2,protein_coding
ENSG00000184500,2185.361165048544,864.2271844660194,1.3373808405393244,9.199869315628471e-42,5.0459697011857405e-39,Up,PROS1,protein_coding
ENSG00000184557,6391.095145631068,3103.0679611650485,1.0421287382203277,5.358116495624212e-12,1.1011137077441693e-10,Up,SOCS3,protein_coding
ENSG00000184601,93.9495145631068,12.899029126213591,2.772176513042832,7.173093827500818e-09,9.385544571382889e-08,Up,C14orf180,protein_coding
ENSG00000184811,2329.8349514563106,259.38058252427186,3.1621530786394723,9.160148842468143e-11,1.5860086446476592e-09,Up,TRARG1,protein_coding
ENSG00000184937,197.2485436893204,412.9961165048544,-1.0623069664726266,0.0011907037385153,0.0052903166661521,Down,WT1,protein_coding
ENSG00000185053,9.524271844660197,2.262135922330097,1.6898316185751114,1.918153396367923e-06,1.6394491092223635e-05,Up,SGCZ,protein_coding
ENSG00000185070,1390.9864077669904,521.8194174757282,1.4127604950398118,9.161584509733504e-44,6.335833183122656e-41,Up,FLRT2,protein_coding
ENSG00000185271,43.2,11.122330097087378,1.8663793361181595,0.0119618164768432,0.038126642084163,Up,KLHL33,protein_coding
ENSG00000185274,234.31844660194176,115.50485436893204,1.014224349366092,9.28819420785079e-05,0.0005501663992182,Up,GALNT17,protein_coding
ENSG00000185479,3964.646601941748,1972.2582524271843,1.0069763349431886,0.0024703955024242,0.0099411648325757,Up,KRT6B,protein_coding
ENSG00000185483,571.1844660194175,263.28155339805824,1.1144046013620756,3.6354329851935325e-21,2.120467773601652e-19,Up,ROR1,protein_coding
ENSG00000185610,24.219417475728157,10.33980582524272,1.1531390155187085,1.676340842285973e-20,9.183884306797022e-19,Up,DBX2,protein_coding
ENSG00000185742,5.745631067961165,1.7864077669902914,1.2755470171473424,5.781033486251948e-08,6.546259038846001e-07,Up,C11orf87,protein_coding
ENSG00000186081,22204.93203883495,8635.306796116505,1.3624587264420422,6.465661756492392e-08,7.249258639480825e-07,Up,KRT5,protein_coding
ENSG00000186105,33.59805825242719,15.23106796116505,1.0919331432178807,7.405547025278199e-22,4.625365090997711e-20,Up,LRRC70,protein_coding
ENSG00000186340,13301.033009708735,6469.904854368932,1.0396073864989914,3.30891125074494e-25,2.81452098151599e-23,Up,THBS2,protein_coding
ENSG00000186453,11.011650485436894,4.477669902912622,1.132800167503693,8.669484432070321e-13,1.9778474478573683e-11,Up,FAM228A,protein_coding
ENSG00000186458,108.19223300970874,29.63495145631068,1.8336197687135471,1.0761569107424988e-05,7.97020882613853e-05,Up,DEFB132,protein_coding
ENSG00000186469,1458.6621359223302,679.7359223300971,1.1004673233487308,1.598661953615263e-24,1.2778048760906721e-22,Up,GNG2,protein_coding
ENSG00000186642,997.0893203883496,337.40776699029124,1.5604062491495272,1.9132301322004893e-21,1.1483712635011691e-19,Up,PDE2A,protein_coding
ENSG00000186832,4837.7436893203885,1454.3009708737864,1.7333149731280473,4.449138007508025e-05,0.0002873243570743,Up,KRT16,protein_coding
ENSG00000186847,18811.01359223301,5450.772815533981,1.786856930698702,8.051809508803721e-07,7.418734237132573e-06,Up,KRT14,protein_coding
ENSG00000187045,315.3242718446602,747.5844660194175,-1.2427608515975996,4.1416550971713625e-11,7.540308963251547e-10,Down,TMPRSS6,protein_coding
ENSG00000187122,168.0116504854369,531.4932038834952,-1.6556404133164646,0.0042114917091136,0.0156856042284957,Down,SLIT1,protein_coding
ENSG00000187134,1265.8679611650489,391.11456310679614,1.6919190384153726,7.2792706180817244e-09,9.508684241818332e-08,Up,AKR1C1,protein_coding
ENSG00000187151,21.26990291262136,4.592233009708738,1.99359888922613,7.333997249122773e-07,6.800693368317927e-06,Up,ANGPTL5,protein_coding
ENSG00000187193,757.2349514563107,351.7514563106796,1.10399292133739,1.2544586694007384e-11,2.452284259994446e-10,Up,MT1X,protein_coding
ENSG00000187260,273.926213592233,116.50873786407767,1.2262764325856652,5.832173982401872e-24,4.362063919941262e-22,Up,WDR86,protein_coding
ENSG00000187288,2333.547572815534,238.31650485436893,3.286151184507045,1.1437516513538515e-09,1.6986474104980734e-08,Up,CIDEC,protein_coding
ENSG00000187699,362.80776699029127,151.79805825242718,1.2515501338282788,4.953795343307728e-11,8.879985206309472e-10,Up,C2orf88,protein_coding
ENSG00000187758,16.89902912621359,2.178640776699029,2.493399445862495,2.136997675613297e-11,4.0642987279758987e-10,Up,ADH1A,protein_coding
ENSG00000187800,711.2640776699029,337.0,1.0753889847259024,2.4273054948398304e-32,4.274028177223875e-30,Up,PEAR1,protein_coding
ENSG00000187942,58.4873786407767,23.78446601941748,1.2631474298489629,8.58173053065699e-24,6.339055997862079e-22,Up,LDLRAD2,protein_coding
ENSG00000187955,11504.322330097088,3914.390291262136,1.5550733727554018,2.759633066649623e-38,9.611983260904139e-36,Up,COL14A1,protein_coding
ENSG00000188505,1341.5087378640776,551.252427184466,1.2815317187353823,0.0006102091173408,0.0029278993123451,Up,NCCRP1,protein_coding
ENSG00000188517,107.54368932038837,50.054368932038834,1.0881695219341654,4.868898376892605e-08,5.598411873459309e-07,Up,COL25A1,protein_coding
ENSG00000188536,308.61941747572814,93.86601941747573,1.706532633515068,0.0004215965351661,0.0021138744840874,Up,HBA2,protein_coding
ENSG00000188580,29.813592233009707,13.03883495145631,1.1341436659599098,8.057283683526933e-08,8.891708205609116e-07,Up,NKAIN2,protein_coding
ENSG00000188626,8.198058252427185,3.561165048543689,1.0119269585691966,3.0069069641546254e-17,1.169385383174657e-15,Up,GOLGA8M,protein_coding
ENSG00000188729,3.3805825242718446,0.6970873786407767,1.368061882898195,0.0055590940131883,0.0198926770244712,Up,OSTN,protein_coding
ENSG00000188771,3.633009708737864,1.019417475728155,1.1980105146667737,0.0019587613532747,0.0081269606343418,Up,PLET1,protein_coding
ENSG00000188778,8.512621359223301,1.928155339805825,1.6998508630141866,0.0026818420373701,0.0106741294802928,Up,ADRB3,protein_coding
ENSG00000188783,5892.165048543689,2247.918446601942,1.389811326932866,2.0921138213290123e-18,9.167262380732581e-17,Up,PRELP,protein_coding
ENSG00000188817,23.598058252427183,48.39223300970874,-1.00573975897936,0.0162053271495098,0.0491099835463171,Down,SNTN,protein_coding
ENSG00000188828,13.324271844660194,5.157281553398058,1.2180963582133997,1.043823289340491e-09,1.5579968633327978e-08,Up,GLRA4,protein_coding
ENSG00000188910,294.8252427184466,144.83300970873788,1.0204278479380398,0.0001269039158795,0.000725569261675,Up,GJB3,protein_coding
ENSG00000188984,3.229126213592233,0.933980582524272,1.1287863066488255,0.0102384284939079,0.0334399268221969,Up,AADACL3,protein_coding
ENSG00000188996,17.9126213592233,53.40970873786408,-1.524514765475438,0.0005272415288323,0.0025767012774296,Down,HUS1B,protein_coding
ENSG00000189051,23.745631067961163,10.0,1.1696703108174318,0.0066064169447516,0.023077965136871,Up,RNF222,protein_coding
ENSG00000189056,410.7378640776699,192.55922330097087,1.088951072114166,0.0048283505415533,0.0176388938249766,Up,RELN,protein_coding
ENSG00000189129,652.0912621359223,183.15339805825244,1.8263765876543947,3.743950316254764e-15,1.1526052980067408e-13,Up,PLAC9,protein_coding
ENSG00000189134,38.067961165048544,15.780582524271844,1.219193169103156,3.446563373178362e-18,1.4750054801912563e-16,Up,NKAPL,protein_coding
ENSG00000189184,2226.326213592233,988.0932038834952,1.1711344902890168,5.182008439872951e-31,7.976615443027661e-29,Up,PCDH18,protein_coding
ENSG00000189186,1.8310679611650484,7.038834951456311,-1.5056400480597507,0.0109438099051156,0.035399723498665,Down,DCAF8L2,protein_coding
ENSG00000189280,172.3106796116505,80.95145631067962,1.0805190658913173,1.0268357466957477e-06,9.27567712279039e-06,Up,GJB5,protein_coding
ENSG00000189320,312.4485436893204,133.5728155339806,1.219841620032705,1.1329128938411284e-11,2.2329755253329604e-10,Up,FAM180A,protein_coding
ENSG00000189367,4.23495145631068,0.933980582524272,1.4366028491137774,6.895465157567874e-10,1.0573194292699994e-08,Up,KIAA0408,protein_coding
ENSG00000189433,10.390291262135923,4.61747572815534,1.019810747827356,0.0010111815146732,0.0045814241850719,Up,GJB4,protein_coding
ENSG00000196132,137.04271844660195,363.3611650485437,-1.4002544097369254,2.939803596953247e-06,2.421988053166696e-05,Down,MYT1,protein_coding
ENSG00000196139,1737.780582524272,823.5223300970874,1.076445418775142,7.511498335391174e-10,1.1462541655522738e-08,Up,AKR1C3,protein_coding
ENSG00000196159,1143.0427184466018,450.326213592233,1.3418984435851016,7.032055997061221e-41,3.355556480677673e-38,Up,FAT4,protein_coding
ENSG00000196169,105.91456310679612,50.29902912621359,1.0594549525500303,6.697294438467863e-05,0.0004115666400705,Up,KIF19,protein_coding
ENSG00000196329,68.6873786407767,31.60970873786408,1.0955958321608283,2.9486700582121503e-15,9.208418706660169e-14,Up,GIMAP5,protein_coding
ENSG00000196350,12.168932038834951,26.392233009708736,-1.05662852699951,9.503311086752411e-05,0.0005615838989939,Down,ZNF729,protein_coding
ENSG00000196415,11.394174757281553,25.89902912621359,-1.117891886649331,1.1396004381549576e-05,8.399668475112493e-05,Down,PRTN3,protein_coding
ENSG00000196468,35.74368932038835,12.09514563106796,1.488464386292245,1.1280317054326506e-12,2.5306731038944627e-11,Up,FGF16,protein_coding
ENSG00000196549,3710.246601941748,988.5533980582524,1.907054402393272,7.985098755392248e-19,3.6637782924019923e-17,Up,MME,protein_coding
ENSG00000196553,28.72621359223301,65.21165048543689,-1.155349383300379,0.0006890690162179,0.0032636223638598,Down,CCDC196,protein_coding
ENSG00000196569,2973.302912621359,1104.3631067961164,1.428031217309167,1.928502564128975e-45,1.8780466399001308e-42,Up,LAMA2,protein_coding
ENSG00000196616,10216.784466019417,1005.4873786407768,3.3436814228783045,1.5853255507545804e-11,3.0565076618548307e-10,Up,ADH1B,protein_coding
ENSG00000196666,41.88932038834952,7.353398058252427,2.3601833631650084,5.794937016482091e-12,1.1852670576617763e-10,Up,FAM180B,protein_coding
ENSG00000196754,1617.1495145631068,612.5631067961165,1.399061274640809,0.006879374112525,0.0238776530332754,Up,S100A2,protein_coding
ENSG00000197245,262.3631067961165,116.73398058252428,1.1615224863223397,3.7682448813799695e-19,1.8126321496944492e-17,Up,FAM110D,protein_coding
ENSG00000197614,5202.254368932039,1840.3281553398056,1.498667475478069,8.118107817400375e-25,6.621878099670276e-23,Up,MFAP5,protein_coding
ENSG00000197635,1101.0543689320389,363.2873786407767,1.5970464833976494,9.88803154683884e-30,1.3143094410920772e-27,Up,DPP4,protein_coding
ENSG00000197769,80.49708737864077,15.50485436893204,2.303858090886434,5.500163064219835e-19,2.5827677700525248e-17,Up,MAP1LC3C,protein_coding
ENSG00000197838,5.607766990291262,29.75145631067961,-2.218420015426776,0.0113421821821734,0.0364363975608558,Down,CYP2A13,protein_coding
ENSG00000197872,1185.231067961165,543.1650485436893,1.1242688611960454,9.05480800232557e-43,5.6852280033548895e-40,Up,CYRIA,protein_coding
ENSG00000197891,6.442718446601941,0.7844660194174757,2.0603372315114834,1.8088175472112994e-07,1.8702742300721291e-06,Up,SLC22A12,protein_coding
ENSG00000198077,188.06019417475727,2214.083495145631,-3.550443533587978,0.0086052567279261,0.0288624193816812,Down,CYP2A7,protein_coding
ENSG00000198099,24.34174757281553,3.477669902912621,2.5006959358014997,8.09801464085933e-08,8.930461350416581e-07,Up,ADH4,protein_coding
ENSG00000198515,148.5864077669903,59.36893203883495,1.309100905695095,5.406497451953722e-10,8.4419910148013e-09,Up,CNGA1,protein_coding
ENSG00000198523,504.3805825242719,208.547572815534,1.270092423988792,0.0030591878532465,0.0119683796000014,Up,PLN,protein_coding
ENSG00000198542,1699.0796116504855,842.1417475728156,1.0117552066072573,3.4944705014643746e-29,4.353763534957626e-27,Up,ITGBL1,protein_coding
ENSG00000198624,2519.2485436893203,1005.3825242718448,1.3243872421841218,4.2699304867925745e-18,1.8106898510581232e-16,Up,CCDC69,protein_coding
ENSG00000198650,2966.4349514563105,6325.761165048543,-1.0922507300208442,0.0128710188717736,0.0405184904686169,Down,TAT,protein_coding
ENSG00000198768,555.6543689320388,229.7165048543689,1.2706606105348337,1.742766617094409e-07,1.8043249606099155e-06,Up,APCDD1L,protein_coding
ENSG00000198774,313.4854368932039,153.85825242718445,1.0220449441506323,3.931481776395409e-15,1.2056712558228544e-13,Up,RASSF9,protein_coding
ENSG00000198796,162.54368932038835,79.93009708737864,1.0149278597504765,1.9386563521759506e-07,1.990720977256983e-06,Up,ALPK2,protein_coding
ENSG00000198797,226.0640776699029,832.8621359223301,-1.8767093950554223,3.934949513705415e-05,0.0002570754667237,Down,BRINP2,protein_coding
ENSG00000198838,224.6135922330097,107.92233009708738,1.0505542360645586,1.5170424116552509e-10,2.547157980273232e-09,Up,RYR3,protein_coding
ENSG00000198848,1690.4271844660195,542.7320388349515,1.637273325762016,2.7146536385367235e-06,2.251110362082181e-05,Up,CES1,protein_coding
ENSG00000198885,241.39029126213592,108.16699029126214,1.1507952312477043,7.176151333123909e-16,2.4183021844209503e-14,Up,ITPRIPL1,protein_coding
ENSG00000198932,641.7864077669902,316.9417475728156,1.015576959356977,8.919231668183139e-26,7.94044583474558e-24,Up,GPRASP1,protein_coding
ENSG00000198947,2094.6485436893204,668.5669902912622,1.6460964763864736,2.9910385063753753e-16,1.0448490149869703e-14,Up,DMD,protein_coding
ENSG00000198963,181.52233009708735,75.64271844660195,1.2518523384352005,0.0067832197313015,0.0236005599080019,Up,RORB,protein_coding
ENSG00000203710,190.90485436893204,85.65242718446602,1.1470791402013565,3.655907087991398e-11,6.712296053281013e-10,Up,CR1,protein_coding
ENSG00000203727,657.8582524271844,220.80388349514564,1.5706834900163331,3.7191438281442256e-14,1.0141148868079206e-12,Up,SAMD5,protein_coding
ENSG00000204001,5.644660194174757,1.3844660194174758,1.4785291991192338,0.0040305901372767,0.0151132877707507,Up,LCN8,protein_coding
ENSG00000204020,5.90873786407767,2.18252427184466,1.118250656167701,0.0004977227643318,0.0024472266737133,Up,LIPN,protein_coding
ENSG00000204065,47.86796116504854,16.937864077669904,1.4458808008340152,3.457540906554345e-13,8.353768960960009e-12,Up,TCEAL5,protein_coding
ENSG00000204136,722.8601941747572,322.2893203883495,1.1628852332139064,9.297005637754712e-28,9.814922898725208e-26,Up,GGTA1,protein_coding
ENSG00000204161,637.7223300970874,296.5203883495146,1.1022003526398696,8.373145870797794e-34,1.6647907277613714e-31,Up,TMEM273,protein_coding
ENSG00000204655,38.50485436893204,6.100970873786408,2.4759417486197046,0.0044942135739733,0.0165828235583178,Up,MOG,protein_coding
ENSG00000204687,7.225242718446602,2.3980582524271843,1.2753476672726451,1.7060850967790852e-19,8.462678653649103e-18,Up,MAS1L,protein_coding
ENSG00000204767,317.2621359223301,77.71650485436894,2.015477458680857,5.337343675093221e-10,8.355884694491414e-09,Up,INSYN2B,protein_coding
ENSG00000205038,142.8873786407767,46.53592233009709,1.5978499906951908,6.815666600468003e-10,1.0471023143629498e-08,Up,PKHD1L1,protein_coding
ENSG00000205221,420.7747572815534,173.97864077669902,1.269293927650714,5.628732431633186e-07,5.329203455806992e-06,Up,VIT,protein_coding
ENSG00000205403,206.88349514563103,100.63883495145632,1.0323234768404492,2.21392214742852e-19,1.0846400105851553e-17,Up,CFI,protein_coding
ENSG00000205426,6427.7242718446605,3156.042718446602,1.025958692715006,0.0029552529949041,0.0116160430321942,Up,KRT81,protein_coding
ENSG00000205502,161.92038834951455,74.95145631067962,1.1010176257049489,1.172185172562259e-06,1.0460881253848115e-05,Up,C2CD4B,protein_coding
ENSG00000206069,9.132038834951455,3.440776699029126,1.1900405784057797,0.0053537503695488,0.0192459138265881,Up,TMEM211,protein_coding
ENSG00000206384,411.4524271844661,91.18252427184466,2.161662547337658,3.7313455297250814e-20,1.9783593998602383e-18,Up,COL6A6,protein_coding
ENSG00000206538,1559.1766990291262,566.2504854368932,1.459651588264824,3.4856530409068846e-38,1.1796339844396788e-35,Up,VGLL3,protein_coding
ENSG00000211445,10948.574757281553,2624.3844660194177,2.060274227529759,5.293324966972021e-14,1.4132200602721784e-12,Up,GPX3,protein_coding
ENSG00000211448,3111.990291262136,1408.6446601941748,1.142969539975463,4.452076721253664e-06,3.551390788779378e-05,Up,DIO2,protein_coding
ENSG00000213088,2614.473786407767,828.5203883495145,1.6567229646944592,2.2270977401272195e-24,1.7594809596587857e-22,Up,ACKR1,protein_coding
ENSG00000215910,16.514563106796118,37.81553398058252,-1.1480791334892464,0.0154687295224224,0.0472347114193994,Down,C1orf167,protein_coding
ENSG00000218819,2.56504854368932,0.7320388349514563,1.0414504434935032,0.0126259833511431,0.0398733734976735,Up,TDRD15,protein_coding
ENSG00000221818,373.7165048543689,178.39417475728155,1.062666480177746,2.9333981437912593e-19,1.4254164218475692e-17,Up,EBF2,protein_coding
ENSG00000221866,1344.8407766990292,416.18834951456313,1.6897369635974917,3.089171267139914e-15,9.601369825403396e-14,Up,PLXNA4,protein_coding
ENSG00000221882,8.38252427184466,3.561165048543689,1.0405737413128822,0.0002304386259621,0.0012338499050341,Up,OR3A2,protein_coding
ENSG00000224940,122.55533980582524,32.80970873786408,1.8696478693624008,8.043978974284254e-10,1.2203014312964656e-08,Up,PRRT4,protein_coding
ENSG00000225950,35.84271844660194,15.87378640776699,1.126595770125693,6.73915858204108e-11,1.1844536619441484e-09,Up,NTF4,protein_coding
ENSG00000233041,66.52815533980582,184.80970873786407,-1.4602648327070564,3.777944020365197e-06,3.051638595459811e-05,Down,PHGR1,protein_coding
ENSG00000233608,430.25436893203886,150.26990291262135,1.5114140990173246,9.682795065104956e-32,1.5877787454181386e-29,Up,TWIST2,protein_coding
ENSG00000238269,4.176699029126214,30.43106796116505,-2.602086944562452,0.0158176656474579,0.048109335799949,Down,PAGE2B,protein_coding
ENSG00000240583,11166.283495145632,4707.966990291262,1.2457957702333708,7.828662771711897e-34,1.5630465696257248e-31,Up,AQP1,protein_coding
ENSG00000240654,16.18252427184466,4.792233009708738,1.568750451923049,7.265723510965604e-15,2.15211542207484e-13,Up,C1QTNF9,protein_coding
ENSG00000241644,429.8796116504855,145.4640776699029,1.5567379674341424,5.899729092756401e-27,5.865068184336457e-25,Up,INMT,protein_coding
ENSG00000243244,802.7669902912621,395.990291262136,1.017673603469871,9.141798071475871e-40,3.8265642138130324e-37,Up,STON1,protein_coding
ENSG00000244094,3.947572815533981,1.0737864077669903,1.2544536305687466,0.0029545575846447,0.011614266317166,Up,SPRR2F,protein_coding
ENSG00000244734,1771.4990291262136,413.295145631068,2.0970540160212208,6.167369734667761e-06,4.7826017383190366e-05,Up,HBB,protein_coding
ENSG00000248144,202.06796116504853,61.13592233009709,1.7084631650721165,1.6715159656156818e-12,3.6739474365384205e-11,Up,ADH1C,protein_coding
ENSG00000253250,35.79223300970874,15.116504854368932,1.1908623354597434,3.480237388061428e-26,3.256273876147357e-24,Up,C8orf88,protein_coding
ENSG00000253831,28.862135922330097,12.9126213592233,1.1019230873313723,0.0004516441570894,0.0022456555056783,Up,ETV3L,protein_coding
ENSG00000254585,90.81941747572816,44.2252427184466,1.0216710336397463,7.723761798904769e-38,2.541810107035433e-35,Up,MAGEL2,protein_coding
ENSG00000259916,18.510679611650485,3.1048543689320387,2.2488610875089443,3.503952018557589e-07,3.4481662697779136e-06,Up,AL845331.1,protein_coding
ENSG00000260220,24.153398058252428,50.980582524271846,-1.0472194897844789,4.916703724428844e-05,0.0003137406637099,Down,CCDC187,protein_coding
ENSG00000260314,1657.368932038835,493.00582524271846,1.7471650352299473,0.0019480584366654,0.0080895877191544,Up,MRC1,protein_coding
ENSG00000260903,38.7631067961165,121.55533980582524,-1.6239309566425488,0.0046203629085278,0.0169843985262407,Down,XKR7,protein_coding
ENSG00000262179,50.58058252427185,21.642718446601943,1.1877808901641629,6.507613226705342e-07,6.100791511825649e-06,Up,MYMX,protein_coding
ENSG00000262655,4708.266019417476,1952.4679611650488,1.2694646265624456,7.930592099914638e-28,8.466040130284713e-26,Up,SPON1,protein_coding
ENSG00000263155,241.2135922330097,104.92233009708738,1.1932730623685563,6.084141090654616e-10,9.423013455496818e-09,Up,MYZAP,protein_coding
ENSG00000266524,267.47184466019417,50.51067961165049,2.381827317316377,0.0020948737864948,0.0086041648600415,Up,GDF10,protein_coding
ENSG00000271447,460.7728155339806,210.53980582524272,1.1262540810584312,9.49402277305806e-16,3.1438985335515925e-14,Up,MMP28,protein_coding
ENSG00000273079,52.081553398058254,22.21359223300971,1.193240798241945,6.326369398412811e-07,5.940214383185016e-06,Up,GRIN2B,protein_coding
ENSG00000274736,21.54368932038835,8.487378640776699,1.2486422034856723,1.3800167198515501e-17,5.571204554811867e-16,Up,CCL23,protein_coding
ENSG00000275152,10.842718446601944,3.638834951456311,1.3521658621095567,1.6644838904462031e-09,2.409033736254532e-08,Up,CCL16,protein_coding
ENSG00000276289,10.718446601941748,4.438834951456311,1.1074117875678775,3.96041412922678e-10,6.314167772082976e-09,Up,KCNE1B,protein_coding
ENSG00000276409,45.99805825242719,10.549514563106795,2.0247689372816997,6.745789065815842e-18,2.7942323146059063e-16,Up,CCL14,protein_coding
ENSG00000276600,856.5514563106796,421.5495145631068,1.0211028339819983,1.5167798461315492e-15,4.900318259831094e-14,Up,RAB7B,protein_coding
ENSG00000277494,504.273786407767,137.14757281553398,1.8708551199769217,1.8475511184665388e-17,7.32846585793735e-16,Up,GPIHBP1,protein_coding
ENSG00000277531,34.48543689320388,13.654368932038835,1.2758962268571572,2.761508632356784e-07,2.765449505116495e-06,Up,PNMA8C,protein_coding
ENSG00000277586,66.59029126213592,30.25631067961165,1.1126685304936137,5.2297204666711365e-05,0.0003317184650121,Up,NEFL,protein_coding
ENSG00000277639,261.6679611650485,100.94368932038834,1.3654677688405903,8.054162359955238e-10,1.2208656908905468e-08,Up,AC007906.2,protein_coding
ENSG00000279000,3.6970873786407767,1.0932038834951456,1.16605359122742,7.205165510017839e-12,1.4587021120366198e-10,Up,OR10A6,protein_coding
